date,y_true_rv_gk_h5,y_har_h5_pred
2020-01-31,0.005948729253283416,0.008803371731146429
2020-02-03,0.0047830563793221075,0.005346022825617335
2020-02-04,0.0048212935291410425,0.004365090152474195
2020-02-05,0.0038132374001227628,0.004555047610712843
2020-02-06,0.004584229348037263,0.003693383261673601
2020-02-07,0.003870376029602696,0.0047262906407775414
2020-02-10,0.004419019673352851,0.0039911056846846146
2020-02-11,0.003847823124337929,0.00464520121938601
2020-02-12,0.008956957540675738,0.004021039477290258
2020-02-13,0.009413914338261348,0.009839861987283012
2020-02-14,0.04449062464947926,0.010023245103456872
2020-02-18,0.06022146819297543,0.04730053596243192
2020-02-19,0.07227938239817179,0.05860481789346115
2020-02-20,0.1070179833613957,0.06556666896564821
2020-02-21,0.1375240653185434,0.09326584798681803
2020-02-24,0.13673383530319602,0.11437255881689172
2020-02-25,0.17311237895129297,0.10909975073783487
2020-02-26,0.17663327759547753,0.13628799535279215
2020-02-27,0.15466249308851449,0.13506292561468625
2020-02-28,0.13958669978834742,0.11503913511751057
2020-03-02,0.1418865058979589,0.10266393714416229
2020-03-03,0.15707793661812938,0.11841149968759343
2020-03-04,0.17118263407152506,0.13485499483039953
2020-03-05,0.27134246483282315,0.15017449659289384
2020-03-06,0.4403547246508845,0.2513604442455755
2020-03-09,0.5603620548732149,0.4159494394217336
2020-03-10,0.6240999956529615,0.5138677444556614
2020-03-11,0.7732344802958548,0.5482406129633619
2020-03-12,0.755173670134023,0.6643139939966194
2020-03-13,0.6179537864710658,0.6203261554297569
2020-03-16,0.5158800182535123,0.48287165784163893
2020-03-17,0.4043108491916766,0.3918074364166005
2020-03-18,0.33673693424881745,0.29909496893021026
2020-03-19,0.26852086196057395,0.25105848379681944
2020-03-20,0.2562839709127099,0.20280098560010631
2020-03-23,0.2209423242191711,0.20183426423239098
2020-03-24,0.21672452361805758,0.17768854927770877
2020-03-25,0.1798050542111466,0.1801901673625916
2020-03-26,0.16055741410744823,0.1493573065264792
2020-03-27,0.14845443636692632,0.13405462152834008
2020-03-30,0.24949635118137534,0.12579805508611688
2020-03-31,0.24639012979032002,0.23179847424983618
2020-04-01,0.20155820338888022,0.26333006603256837
2020-04-02,0.19935933812002896,0.2056218069616796
2020-04-03,0.18670256502822996,0.2008973346905968
2020-04-06,0.09234117701802588,0.18372872123970663
2020-04-07,0.10201477709213003,0.08191508346731885
2020-04-08,0.07795916123990797,0.09633139075696545
2020-04-09,0.07445463613266598,0.07266475204220486
2020-04-13,0.07155138843438057,0.07229067100511176
2020-04-14,0.053740624645006896,0.07305142580691901
2020-04-15,0.03585893048305754,0.05275856551343432
2020-04-16,0.03799112520539881,0.03391116279827931
2020-04-17,0.03830604791592117,0.037503457763115
2020-04-20,0.03252410984543252,0.03915662958438603
2020-04-21,0.02831408514418616,0.03360789587804605
2020-04-22,0.028274419102147376,0.02938101781151269
2020-04-23,0.026505628261732715,0.029563056847355655
2020-04-24,0.043304364814979776,0.02776240509879256
2020-04-27,0.04537523060428261,0.049525006120224556
2020-04-28,0.050395611090182944,0.051136312919960916
2020-04-29,0.048485579632052904,0.05599339202198652
2020-04-30,0.04429861407527068,0.05170590794658114
2020-05-01,0.022522313574810392,0.043710999476496495
2020-05-04,0.0211951727703234,0.019908697785161224
2020-05-05,0.017913987391234766,0.0189876948604702
2020-05-06,0.031083651134229583,0.016205002910223764
2020-05-07,0.06763533319922568,0.03209450634919278
2020-05-08,0.069325686396826,0.07771996528425136
2020-05-11,0.0692785741611453,0.07503597298361982
2020-05-12,0.06718817235150643,0.07113991991661107
2020-05-13,0.051932779760171424,0.065613292733226
2020-05-14,0.017009847638172215,0.04749329262889282
2020-05-15,0.014421853118014787,0.013114263461894824
2020-05-18,0.02155135607818174,0.011381920382621119
2020-05-19,0.029676252539904736,0.019504068673931
2020-05-20,0.033589577442039935,0.030350368452562015
2020-05-21,0.037419733898581144,0.03649523821700504
2020-05-22,0.03781332440688757,0.039869599355240655
2020-05-26,0.02875988327154324,0.03882323410746491
2020-05-27,0.01866618421840838,0.02770415131525098
2020-05-28,0.017501972753221913,0.016825428319471303
2020-05-29,0.013239333759149572,0.015987791664910864
2020-06-01,0.013139244103850922,0.01200384231436733
2020-06-02,0.014866042307648597,0.012740024270083493
2020-06-03,0.01598922669554297,0.01521319409630356
2020-06-04,0.027175530458286117,0.016666627370362928
2020-06-05,0.05046747421427984,0.029941542859517372
2020-06-08,0.0679881018502803,0.056565967362069425
2020-06-09,0.07951290210014664,0.07362452335035703
2020-06-10,0.07841145082101006,0.08251290345936964
2020-06-11,0.06463327142065153,0.07731324094275745
2020-06-12,0.047992800175725034,0.06033639005237179
2020-06-15,0.03213518751951085,0.042867187182689746
2020-06-16,0.018640165510714218,0.027675358067597224
2020-06-17,0.028749969591382134,0.015504512106122343
2020-06-18,0.035206661909242536,0.02685573460907417
2020-06-19,0.030665553288684956,0.03516545537805541
2020-06-22,0.034144644499007115,0.030719933453804762
2020-06-23,0.039326876174488434,0.034663576439985216
2020-06-24,0.02905540580295543,0.03966387079493352
2020-06-25,0.024897353983050118,0.027968672095064595
2020-06-26,0.020505046512817905,0.023734434687524786
2020-06-29,0.017408399196660474,0.019251623622360863
2020-06-30,0.013310688687400346,0.016360453646263817
2020-07-01,0.020774319596405494,0.01268804945741679
2020-07-02,0.021623500884954232,0.021780795490554887
2020-07-06,0.03347689779769959,0.023027347593076966
2020-07-07,0.03867443216543799,0.03716509348840025
2020-07-08,0.039268814112466896,0.04201956403103095
2020-07-09,0.03089818796769872,0.04078238469463882
2020-07-10,0.02830411344196988,0.030233377844292118
2020-07-13,0.01876782419148974,0.02691366542428991
2020-07-14,0.011458933959260169,0.016965722966207793
2020-07-15,0.008854617520610971,0.009965382024360986
2020-07-16,0.013510392230688251,0.007864485194306594
2020-07-17,0.01339788497829424,0.013506658745841388
2020-07-20,0.011260303102086214,0.014042776670958634
2020-07-21,0.011104145387416938,0.01178029766111707
2020-07-22,0.011821589785511242,0.011581804961032416
2020-07-23,0.010913723763499496,0.012275794116702
2020-07-24,0.015748199080466548,0.011263247755629396
2020-07-27,0.015322064800445064,0.017085264643497453
2020-07-28,0.013987800852435566,0.0162641182046534
2020-07-29,0.012723542579746358,0.014454086566831923
2020-07-30,0.009082700494904682,0.012890241252890924
2020-07-31,0.0036255308820240992,0.00876987223007252
2020-08-03,0.004566880891883073,0.0031978800692621647
2020-08-04,0.008338371667701093,0.004364245908836004
2020-08-05,0.009217015958688114,0.008930173794537434
2020-08-06,0.009411687872332496,0.010178663911157158
2020-08-07,0.008884096385743574,0.0103388845030037
2020-08-10,0.007640045338622734,0.009330933694386022
2020-08-11,0.004965771672349712,0.007682374057045952
2020-08-12,0.005231057136045454,0.004760022941713425
2020-08-13,0.005320596686524207,0.0051642486102274916
2020-08-14,0.005253167568624709,0.005405153601022544
2020-08-17,0.007383824663169089,0.005460377004444785
2020-08-18,0.006777989566716533,0.00806481123300704
2020-08-19,0.00695432717906874,0.007199310977584495
2020-08-20,0.00792901861211313,0.007311243991343551
2020-08-21,0.008463824047763016,0.008334595410443976
2020-08-24,0.006701496351591207,0.008794163985889733
2020-08-25,0.00751646863079132,0.006738434665662184
2020-08-26,0.010149524619811005,0.007628538193814073
2020-08-27,0.029644006252782646,0.01054685929225148
2020-08-28,0.0627405864667175,0.03286691833813859
2020-08-31,0.08080061528694744,0.07095298982172282
2020-09-01,0.08586731348723894,0.08586197523960168
2020-09-02,0.09163405854002356,0.08580220001241685
2020-09-03,0.07729914413992449,0.0876674806103171
2020-09-04,0.05129089889663661,0.07014968835913675
2020-09-08,0.03496372880736387,0.04391681281783693
2020-09-09,0.031589356287333344,0.029009105194310034
2020-09-10,0.025674465943380992,0.02693772611016547
2020-09-11,0.027199348924384397,0.022578030653273094
2020-09-14,0.02564130410937059,0.025771549124985485
2020-09-15,0.02844893661761224,0.025073520051187712
2020-09-16,0.032312819241658366,0.028682381180037762
2020-09-17,0.03908554901308407,0.033304343112021136
2020-09-18,0.03808793615453273,0.04076587260617029
2020-09-21,0.03302501093195513,0.03897129967502388
2020-09-22,0.02942876276808583,0.03268451052760666
2020-09-23,0.02829389335264889,0.028561322058993643
2020-09-24,0.02047045076745916,0.02747319459565086
2020-09-25,0.019270775416525214,0.019384198923566257
2020-09-28,0.018754434072755087,0.018679642585223283
2020-09-29,0.026075168152665317,0.018605050112660063
2020-09-30,0.02164755817558925,0.0276679932044005
2020-10-01,0.019336468287943272,0.02248700459885548
2020-10-02,0.013496839173446984,0.01963875339789648
2020-10-05,0.016131483099190082,0.012969839096057187
2020-10-06,0.008617580152315186,0.01600251605456015
2020-10-07,0.010525083148467448,0.008032160285491174
2020-10-08,0.012523532451630986,0.01053776507774284
2020-10-09,0.013830432680429664,0.013254775824546674
2020-10-12,0.017425682008168443,0.014850095575140864
2020-10-13,0.019626095042848173,0.019350616641404052
2020-10-14,0.018379313505250634,0.02131551744671701
2020-10-15,0.01974055832009578,0.01919286321899764
2020-10-16,0.019163555375397816,0.020380575374529145
2020-10-19,0.022425590210725942,0.019328827334699338
2020-10-20,0.019207778100412156,0.022882255738383227
2020-10-21,0.045232496359003546,0.01905495013556962
2020-10-22,0.05552066106505895,0.049066257122197525
2020-10-23,0.06514806048203317,0.05870456641006136
2020-10-26,0.06062223518629648,0.06675460314434538
2020-10-27,0.07337008249772622,0.05899628388199869
2020-10-28,0.05880346200702169,0.07051871298029434
2020-10-29,0.046564693233897565,0.054157418835837516
2020-10-30,0.03826885248134348,0.0416758056459673
2020-11-02,0.03963862738953501,0.034022065432967326
2020-11-03,0.030665427497287158,0.03626521244162318
2020-11-04,0.01821962921174439,0.028223378292681307
2020-11-05,0.02122913795603289,0.016258280636491082
2020-11-06,0.020414568802603453,0.020261114460822436
2020-11-09,0.014560744532751597,0.020027217673095427
2020-11-10,0.0126203427660153,0.014277432109400223
2020-11-11,0.013559125813049114,0.012684021676971914
2020-11-12,0.010933560402876918,0.01398101143902271
2020-11-13,0.009172111395628724,0.01125404605403246
2020-11-16,0.010665272349050927,0.009572654410422437
2020-11-17,0.010828759116780329,0.011600966987764944
2020-11-18,0.00916968742844431,0.01189381631321194
2020-11-19,0.007154853008712554,0.010001008266718276
2020-11-20,0.009593535769966853,0.007612110006606701
2020-11-23,0.007901541417805077,0.010638592851324496
2020-11-24,0.006182740050197163,0.00856135321354903
2020-11-25,0.007028608089384128,0.006571827941674026
2020-11-27,0.006910374034499516,0.007666189259536345
2020-11-30,0.004652213503790415,0.007373206619926317
2020-12-01,0.004190699573582414,0.00476888211017754
2020-12-02,0.005822036663447129,0.00432644978586671
2020-12-03,0.00640978015854207,0.006354513241489948
2020-12-04,0.00804894621112963,0.0071214836995550325
2020-12-07,0.010397667771689014,0.00919623402264262
2020-12-08,0.011290345742108632,0.011835951359500479
2020-12-09,0.009735170338619401,0.012400749524288688
2020-12-10,0.00814228701440292,0.010162436900106783
2020-12-11,0.00883697369432358,0.00814438475426516
2020-12-14,0.05424936494576886,0.00891961488810945
2020-12-15,0.05328065027380041,0.06469292857771551
2020-12-16,0.05332971839327796,0.05796287072938632
2020-12-17,0.05332245008593585,0.05432885840054929
2020-12-18,0.051017602553375854,0.05153878593597712
2020-12-21,0.0036394366787896064,0.04702652597218217
2020-12-22,0.0031944319408607736,0.002212180610424368
2020-12-23,0.003711437215183901,0.002031086906856377
2020-12-24,0.01817709895211815,0.002659425399590401
2020-12-28,0.01993586857221833,0.01904255326053361
2020-12-29,0.02799340131839117,0.02417848407513935
2020-12-30,0.02916538922747607,0.030410421936230652
2020-12-31,0.030967097395608118,0.030497460010844753
2021-01-04,0.01749670672743356,0.03146867841899585
2021-01-05,0.017500165066125832,0.01723938887586603
2021-01-06,0.00981377227064981,0.01730062507831806
2021-01-07,0.009225720447846027,0.009599969306141773
2021-01-08,0.008455576176584273,0.009258334410959359
2021-01-11,0.008189452622823567,0.00880900268029708
2021-01-12,0.007895488767751455,0.008707476276546467
2021-01-13,0.0069581978972628414,0.008611215088573355
2021-01-14,0.006814143475903515,0.0076049602046773844
2021-01-15,0.011090381682017727,0.00748045953187839
2021-01-19,0.01058185376701715,0.012366029884475781
2021-01-20,0.016401349631441443,0.011639013749101096
2021-01-21,0.022098486741642474,0.017985777920746685
2021-01-22,0.0297385970834889,0.02372561975953236
2021-01-25,0.03077876920842921,0.03125001537941719
2021-01-26,0.038049539558895125,0.0316047478166505
2021-01-27,0.03211001146885158,0.038440610724976
2021-01-28,0.0276683726639623,0.0316836506854533
2021-01-29,0.020061041981626393,0.026952927134371675
2021-02-01,0.012813698122180786,0.01957723673678948
2021-02-02,0.005417339095115183,0.012408869960922619
2021-02-03,0.006932073330135862,0.005197282520077218
2021-02-04,0.007291869258160282,0.007005904269835569
2021-02-05,0.007032962942289739,0.007713488329240049
2021-02-08,0.007209354904983614,0.007709019499875911
2021-02-09,0.008106437563908242,0.008073763310268009
2021-02-10,0.007056910073168952,0.00904424167243641
2021-02-11,0.005746761141020772,0.007810830519268302
2021-02-12,0.006511746724407125,0.006325984294187124
2021-02-16,0.017713766588664717,0.007230633051247558
2021-02-17,0.02065034936116308,0.020054457988674206
2021-02-18,0.03073261759119304,0.022830537638491674
2021-02-19,0.03715632079550174,0.033196512161759104
2021-02-22,0.0518499730537431,0.03886490687219912
2021-02-23,0.04123937457771522,0.052857663627206106
2021-02-24,0.03964700064073192,0.040785900928152284
2021-02-25,0.05050636551836676,0.03862752683559845
2021-02-26,0.06776766569111806,0.04925659499467446
2021-03-01,0.0572190893909313,0.06606668437824025
2021-03-02,0.059158924013248945,0.055162999449587816
2021-03-03,0.0582088896417273,0.054705874504015144
2021-03-04,0.03733123386772553,0.05349450379787225
2021-03-05,0.013837114478018563,0.03407640814200746
2021-03-08,0.011284963000107166,0.012576211483227634
2021-03-09,0.009008636100712276,0.010506786763862904
2021-03-10,0.010092921606155967,0.008700954576880053
2021-03-11,0.01247951518428904,0.010421437637270058
2021-03-12,0.014725099873864316,0.013636901626747938
2021-03-15,0.013668380796909277,0.016155232964274766
2021-03-16,0.01567843884589635,0.014883351360532412
2021-03-17,0.015925616389025572,0.016918339879192723
2021-03-18,0.016907898827122687,0.0169983181016956
2021-03-19,0.016573897950029223,0.017934959337692853
2021-03-22,0.016923221916271013,0.017497192180133604
2021-03-23,0.01481274113589585,0.01775834653077864
2021-03-24,0.01278961409187498,0.01545795443582783
2021-03-25,0.0075318057492192985,0.013324823318033434
2021-03-26,0.005585687948533736,0.007823188909969279
2021-03-29,0.0038145835397955055,0.00585945473072233
2021-03-30,0.0031675387197566325,0.00406720360209609
2021-03-31,0.0025022899414530834,0.003477346174900189
2021-04-01,0.0027488764719873987,0.003061031686378815
2021-04-05,0.0021764594807778446,0.003491583951274608
2021-04-06,0.0023332171315083574,0.0028437286325547055
2021-04-07,0.003231218864971045,0.003106979951848826
2021-04-08,0.003238901296286184,0.004320925976307012
2021-04-09,0.003298045741662383,0.004284190016400183
2021-04-12,0.004071081189945507,0.00432783831737023
2021-04-13,0.006061482269175355,0.005237288960114786
2021-04-14,0.006077305870396478,0.007558807900437669
2021-04-15,0.008904288155393082,0.007386930235107492
2021-04-16,0.010871546964560417,0.010462442973626623
2021-04-19,0.010008201907615352,0.012276868082053978
2021-04-20,0.007830964904707933,0.010959402280784814
2021-04-21,0.007242255661352658,0.00845143413208034
2021-04-22,0.006662911188464122,0.007746731596261754
2021-04-23,0.00469413132072527,0.007164144217107567
2021-04-26,0.004918729726954463,0.0051423852511030274
2021-04-27,0.00799578944216553,0.005536700020951458
2021-04-28,0.007968133213586815,0.009086551812443028
2021-04-29,0.008611735104675304,0.009029332193066262
2021-04-30,0.009282417354994523,0.009687123375964864
2021-05-03,0.009948668232068036,0.010195634232323869
2021-05-04,0.010276936268705615,0.01074054939152025
2021-05-05,0.016880542807130732,0.011023145385004157
2021-05-06,0.01667397950473159,0.017828075341412113
2021-05-07,0.016744734868003625,0.0172422619805375
2021-05-10,0.01691199866368087,0.01702759887569291
2021-05-11,0.014048822445778094,0.016961280995328662
2021-05-12,0.009990262154353285,0.01393279459936855
2021-05-13,0.009161777622168153,0.009974888379064654
2021-05-14,0.00935788964655196,0.009290684183245326
2021-05-17,0.00915189851976526,0.009676744100328167
2021-05-18,0.009024074149412739,0.009674633494238971
2021-05-19,0.006370741474484552,0.009695171324553725
2021-05-20,0.00447717586547188,0.0068779020935735785
2021-05-21,0.003060377475685669,0.004883376092895736
2021-05-24,0.002762795046346046,0.003405214899670239
2021-05-25,0.0024139031052114917,0.0031788259194155837
2021-05-26,0.0038160735457965756,0.002904988792730543
2021-05-27,0.005467226461031345,0.004749550686716283
2021-05-28,0.005599003282511896,0.006795910441910819
2021-06-01,0.00586840663612777,0.00681048531773285
2021-06-02,0.005559710458694383,0.006869412011715745
2021-06-03,0.0049595781618999284,0.006350789025551317
2021-06-04,0.0033288229796371665,0.005595237791195099
2021-06-07,0.003635704511296274,0.003741990877946059
2021-06-08,0.0029478318410979037,0.004155133488823711
2021-06-09,0.005490744344182502,0.003413409430873923
2021-06-10,0.006136172371000033,0.006521326830307528
2021-06-11,0.006668527824867468,0.007245384301611893
2021-06-14,0.007978590288025686,0.007704877371899959
2021-06-15,0.0091739760768498,0.009032654149407437
2021-06-16,0.006698606578931188,0.010104563573403547
2021-06-17,0.004879448004168686,0.007238415707724197
2021-06-18,0.004259235512043886,0.005232537926807313
2021-06-21,0.0027209664117188556,0.004596019795988871
2021-06-22,0.0013833949481115233,0.0029687353194855362
2021-06-23,0.0013630147617230642,0.0015529206923902527
2021-06-24,0.0014326914658504717,0.0016130286562685918
2021-06-25,0.002449029835579254,0.0017793709395315933
2021-06-28,0.004115568178382217,0.0032058858450993225
2021-06-29,0.00519018237253847,0.005373861662000207
2021-06-30,0.006852236260277013,0.006494234301965886
2021-07-01,0.009275515676114248,0.007947438022880823
2021-07-02,0.008456208208055368,0.010295731819941045
2021-07-06,0.007173703081283869,0.009030781911682212
2021-07-07,0.006882509059790237,0.007491007377415389
2021-07-08,0.006000609064500321,0.007120657559899103
2021-07-09,0.004677137062085031,0.006196780674794186
2021-07-12,0.01638074942364059,0.004884571497901282
2021-07-13,0.02040900385655627,0.01751727378449868
2021-07-14,0.02067274870362283,0.021033807532759453
2021-07-15,0.020113542130813084,0.020516424067325997
2021-07-16,0.019850132001235896,0.019307170920063194
2021-07-19,0.007788355223469071,0.01850916223364004
2021-07-20,0.00492529058041743,0.00706375093836376
2021-07-21,0.004697194296307096,0.004523775173430263
2021-07-22,0.004645342128909586,0.004500146597834921
2021-07-23,0.004272891108262286,0.004708765036347585
2021-07-26,0.005204034508356557,0.004691812620671507
2021-07-27,0.0060101960363324,0.0058795729977962905
2021-07-28,0.005592286026567521,0.006785887081356558
2021-07-29,0.005413654069889218,0.006253619819377951
2021-07-30,0.004916390625828691,0.006012756394010664
2021-08-02,0.004147021276333654,0.005416301863436104
2021-08-03,0.0016851419468532722,0.0045661634181403555
2021-08-04,0.0012093947507333981,0.0018473744277214142
2021-08-05,0.0015890495316608082,0.001360395990679786
2021-08-06,0.001522255931732887,0.0018860624757947766
2021-08-09,0.00295131680363596,0.001896613615530401
2021-08-10,0.00480491436925475,0.0038569690393413488
2021-08-11,0.007381474471136627,0.0060544353050288255
2021-08-12,0.008729339309031168,0.008763570567075189
2021-08-13,0.009733268240277423,0.009807996721952704
2021-08-16,0.010506443472578085,0.010419323546025363
2021-08-17,0.008497871424289385,0.01085059064661676
2021-08-18,0.0060224700757475855,0.008574040086883828
2021-08-19,0.0044094647588458465,0.006030060543530404
2021-08-20,0.003984708901457778,0.004442744122376321
2021-08-23,0.002042784643346124,0.004112158599482833
2021-08-24,0.002158711704589314,0.00216128644945155
2021-08-25,0.0020988120721878336,0.002408485749608533
2021-08-26,0.002279373050877634,0.0024360222622395837
2021-08-27,0.0020320003685485046,0.0027256416357969568
2021-08-30,0.0018764419702131951,0.002489353265467123
2021-08-31,0.0025844592714549526,0.0021801818417151323
2021-09-01,0.00389441636545243,0.0030247267456893056
2021-09-02,0.005081646705856877,0.00452230735261328
2021-09-03,0.007176405263722993,0.005762196119430366
2021-09-07,0.008594418611206413,0.007846763588921151
2021-09-08,0.009704310070156277,0.008999875988074477
2021-09-09,0.010531648543992644,0.009798459525009491
2021-09-10,0.009982957274790514,0.01033932401614605
2021-09-13,0.015378365411244465,0.009564157570900964
2021-09-14,0.01582789793315678,0.014636162260202885
2021-09-15,0.01860951685784141,0.014757066974451337
2021-09-16,0.018725745205952864,0.017099344922382225
2021-09-17,0.018457942928581855,0.016920522757140444
2021-09-20,0.011141309413792941,0.016422255624144188
2021-09-21,0.011922837426877445,0.009782934995653775
2021-09-22,0.00834592809913918,0.010653127760006103
2021-09-23,0.009512653491044385,0.00755349237347937
2021-09-24,0.017950935821739948,0.008962058464247743
2021-09-27,0.023232800066202635,0.017640353389731314
2021-09-28,0.024363274832576796,0.022444852178276603
2021-09-29,0.02754457388729693,0.02299623836445686
2021-09-30,0.02544899165381833,0.02534331885497741
2021-10-01,0.016768864245484568,0.022716561812014122
2021-10-04,0.014460424059954933,0.014696570580028762
2021-10-05,0.011339267926682762,0.012801371981022292
2021-10-06,0.009563058991848752,0.01018449738588482
2021-10-07,0.008982347376490677,0.008894820008438227
2021-10-08,0.008768252888346198,0.008756356943425848
2021-10-11,0.0065142007794414,0.008791020470888452
2021-10-12,0.005933462720019633,0.006645604246414531
2021-10-13,0.003441140397942413,0.006176219360784291
2021-10-14,0.002919056509852895,0.003593152697942148
2021-10-15,0.004053702499630171,0.0031405642671011097
2021-10-18,0.004097137480954435,0.004606240702101496
2021-10-19,0.004531418393284106,0.004754639312449896
2021-10-20,0.0050532511245881245,0.005359717194889904
2021-10-21,0.004874142427109055,0.005900547507431698
2021-10-22,0.004127350201084438,0.005567673984105932
2021-10-25,0.003513681406878923,0.004662319339953832
2021-10-26,0.0029108059866688315,0.003941195550492614
2021-10-27,0.0033118744357802294,0.0032652710204992526
2021-10-28,0.003277949914580712,0.003787781130273659
2021-10-29,0.003960071055457329,0.003738706242119382
2021-11-01,0.003639440868027826,0.004534927398546242
2021-11-02,0.00458459026023657,0.004128093238483279
2021-11-03,0.006433941362083348,0.005136753187264419
2021-11-04,0.0062702200614325855,0.007080212752487498
2021-11-05,0.005942552817445807,0.0067075691649688615
2021-11-08,0.006160578341448042,0.006236875020720391
2021-11-09,0.005864498099760451,0.006352805278919006
2021-11-10,0.003153789272194487,0.005981057240257642
2021-11-11,0.00459127215563754,0.003198029427179698
2021-11-12,0.004007504787502324,0.004796515032115655
2021-11-15,0.006758452121245165,0.004229863006186356
2021-11-16,0.008237272921135378,0.007271604073188383
2021-11-17,0.009163456208265568,0.008789707266858866
2021-11-18,0.01105320794472132,0.009448332016383449
2021-11-19,0.013122614246413773,0.011107254359322933
2021-11-22,0.01498814754066291,0.01277658661428311
2021-11-23,0.025856476999066392,0.014272101748253467
2021-11-24,0.029812861376919925,0.024035371467232346
2021-11-26,0.03909650819374426,0.026720098123565218
2021-11-29,0.042037434100428865,0.03391236840374684
2021-11-30,0.04770573603913714,0.03598622479076829
2021-12-01,0.03551491577661411,0.03971219965542962
2021-12-02,0.031475136275512336,0.028855746094725337
2021-12-03,0.020784155233512954,0.02542479245531391
2021-12-06,0.01609046836990404,0.01675703990234403
2021-12-07,0.008705020861362007,0.013231131818081224
2021-12-08,0.014904064468708043,0.00735888862203904
2021-12-09,0.017949563797875233,0.01359067870430597
2021-12-10,0.020963096150998242,0.017140474481256076
2021-12-13,0.022214662302197284,0.02022650514832186
2021-12-14,0.02253869281794494,0.021199766972664427
2021-12-15,0.01627053485473887,0.020877152687790973
2021-12-16,0.013244957977444552,0.014753295701070285
2021-12-17,0.009026895123609479,0.011993172531367138
2021-12-20,0.007598839113681389,0.008223143625327898
2021-12-21,0.0044879426511617035,0.007138649212340345
2021-12-22,0.004420791409122677,0.004359341953602685
2021-12-23,0.003781800420642415,0.00453757654802655
2021-12-27,0.004587140775303216,0.004074909511582808
2021-12-28,0.0057128357296244835,0.00516519901069135
2021-12-29,0.008840700032615645,0.006604424518939866
2021-12-30,0.011222994046354618,0.01058605833401627
2021-12-31,0.012813062005505657,0.012956482690192204
2022-01-03,0.020387921033960883,0.013979302756755902
2022-01-04,0.02372994190840794,0.02172905677715016
2022-01-05,0.02188473314211175,0.023844750108318484
2022-01-06,0.023582821871452237,0.020660572289183624
2022-01-07,0.0235401645193564,0.021697657995834285
2022-01-10,0.015976671177898173,0.02100660510351198
2022-01-11,0.014972215910219116,0.0135240826422526
2022-01-12,0.033291712612461985,0.012862969174184696
2022-01-13,0.03564649881634749,0.031664798978131195
2022-01-14,0.07969901349227106,0.033262208308512405
2022-01-18,0.09906885753179782,0.07625402324034178
2022-01-19,0.1198301429120929,0.08800707727808413
2022-01-20,0.11398460601719569,0.09983448283513464
2022-01-21,0.12463569864460029,0.0891656753421398
2022-01-24,0.0851183313084632,0.09419809780295088
2022-01-25,0.06919790676621074,0.06044034731948811
2022-01-26,0.04700014304601255,0.048495779266140314
2022-01-27,0.03724324526087565,0.03248262400895112
2022-01-28,0.02870625323729851,0.026353690976847668
2022-01-31,0.024950394837119774,0.02254238551195178
2022-02-01,0.023788313131471894,0.02066147659442816
2022-02-02,0.021480385343442217,0.0210786867649559
2022-02-03,0.02993771980840324,0.019691545551027242
2022-02-04,0.03295759350556427,0.0296803113546245
2022-02-07,0.03519186258773181,0.03294419151006326
2022-02-08,0.031954584553762815,0.03482214069816542
2022-02-09,0.035527807821890585,0.03054987768862613
2022-02-10,0.03182776375595827,0.0337343989828284
2022-02-11,0.02453903398154472,0.029533880791844415
2022-02-14,0.03154563869896785,0.02204409917487849
2022-02-15,0.03822130878779892,0.029886035727190282
2022-02-16,0.048122475150855853,0.036992954962969865
2022-02-17,0.04515387946331584,0.04737647511338896
2022-02-18,0.04524158645573855,0.04279723590126138
2022-02-22,0.04417317519386634,0.04138960899366977
2022-02-23,0.04251233393084633,0.039333139241371794
2022-02-24,0.03328327738803445,0.037268971249553876
2022-02-25,0.030822663955560943,0.02841627926582307
2022-02-28,0.03297058642500417,0.026485222071494226
2022-03-01,0.041480086113928255,0.02925060303406952
2022-03-02,0.04145150754593514,0.03921181424432653
2022-03-03,0.040807180060265014,0.039312939492151915
2022-03-04,0.04167464548729742,0.038159382668323104
2022-03-07,0.043475997707252224,0.03851007806699379
2022-03-08,0.029518577154934222,0.03988906226084972
2022-03-09,0.03656393866884657,0.025678848247252646
2022-03-10,0.03496341489630961,0.03335274600340433
2022-03-11,0.03332985139686476,0.03194606674268563
2022-03-14,0.028332820582326883,0.03061584387254319
2022-03-15,0.024230731298422667,0.02596234471789784
2022-03-16,0.01347104036905682,0.02179577401650288
2022-03-17,0.013114826155186896,0.011408833754643691
2022-03-18,0.012148530234694772,0.011656107599988927
2022-03-21,0.010672530234432386,0.011324447840127469
2022-03-22,0.011867111495082228,0.010353051813127711
2022-03-23,0.01235327509272098,0.012389679033402183
2022-03-24,0.013570748766770382,0.013022066722680487
2022-03-25,0.013520237909468085,0.014472343239195731
2022-03-28,0.012087449302375496,0.014273881509190857
2022-03-29,0.01563559441258541,0.012383386863485923
2022-03-30,0.01696559184781719,0.01645924434591211
2022-03-31,0.019088865923575823,0.017975890674570467
2022-04-01,0.01953699956540213,0.020123618260815587
2022-04-04,0.02047365314761479,0.020135210238355326
2022-04-05,0.022708680625135983,0.02058024437145112
2022-04-06,0.021248219470652564,0.022645126920740766
2022-04-07,0.01887817688898668,0.02062601619815654
2022-04-08,0.018253188106828782,0.017881318399218755
2022-04-11,0.019311327746472963,0.01718999872189366
2022-04-12,0.012535659094163081,0.01838411758623824
2022-04-13,0.020704902401409587,0.011357904365936833
2022-04-14,0.026839776901396058,0.02058323607603368
2022-04-18,0.0358262276685074,0.02733431253634242
2022-04-19,0.03618976935259141,0.03672283169779213
2022-04-20,0.04352740035698523,0.035798604657643535
2022-04-21,0.05013404481960051,0.041981527186988554
2022-04-22,0.05682958046248754,0.04745114828655044
2022-04-25,0.06283554992923983,0.052999842944160755
2022-04-26,0.06341053926849306,0.05802546461810837
2022-04-27,0.07487620533668185,0.05718596535574923
2022-04-28,0.08007681668572417,0.06785579949207605
2022-04-29,0.07644903938247423,0.07190176541164967
2022-05-02,0.06889965008812804,0.06910391330678706
2022-05-03,0.08100626806714684,0.061013349831096415
2022-05-04,0.0802518043825731,0.07336378009366687
2022-05-05,0.07560002433760064,0.07261208063265898
2022-05-06,0.06927632896920001,0.06816224054976874
2022-05-09,0.06608013102716412,0.06201190976371913
2022-05-10,0.05479146188395682,0.05896056279223498
2022-05-11,0.04646625838088449,0.0483656049946228
2022-05-12,0.03691357186872836,0.04111131860195
2022-05-13,0.07460880707710248,0.032616030619541644
2022-05-16,0.07492313886375397,0.0754338804985238
2022-05-17,0.08063328540042079,0.07530399430115406
2022-05-18,0.07526710873566014,0.08023105676816498
2022-05-19,0.07334789890811975,0.07203789276219348
2022-05-20,0.032233025031026145,0.06776901904052814
2022-05-23,0.03161155083012746,0.026311504759972897
2022-05-24,0.030110216471866957,0.026811300352142988
2022-05-25,0.03291102891363941,0.02680310605611434
2022-05-26,0.029410670649485958,0.03161385521990338
2022-05-27,0.031234740218062895,0.029804193356414575
2022-05-31,0.029490384772833805,0.03198634960664714
2022-06-01,0.023690508104259676,0.030171799304111704
2022-06-02,0.02366645389693957,0.023519281528993463
2022-06-03,0.02369026038553673,0.02384927840553216
2022-06-06,0.028887469112166823,0.024074032390957612
2022-06-07,0.033066725458587,0.030472376233302702
2022-06-08,0.05355269124081554,0.035340856998903145
2022-06-09,0.051418664572737846,0.05871086639375982
2022-06-10,0.058516923009911695,0.05336443215378639
2022-06-13,0.05152686070166873,0.05918569355142878
2022-06-14,0.05414914276950929,0.04955457581724624
2022-06-15,0.03615141501833039,0.05118376464933861
2022-06-16,0.03252649904134783,0.03228794343013869
2022-06-17,0.024530808340199068,0.029037655549582535
2022-06-21,0.03677009709374383,0.02170247970265321
2022-06-22,0.028131130256929666,0.035678617690621736
2022-06-23,0.03363069230400839,0.027206450917318093
2022-06-24,0.03866229220277608,0.03376350525593176
2022-06-27,0.04645652785729899,0.03938591351759503
2022-06-28,0.038209074740175986,0.04716712380768518
2022-06-29,0.041044972959475824,0.0373932575643368
2022-06-30,0.03342179062013738,0.03992036646282296
2022-07-01,0.026953927359380892,0.03152698952095825
2022-07-05,0.025173371953421196,0.024954976418305214
2022-07-06,0.02595890367917949,0.02382572482695274
2022-07-07,0.029593205128243528,0.02522741342465132
2022-07-08,0.02863199760716867,0.03002761538301451
2022-07-11,0.03371212551776216,0.029156421799680615
2022-07-12,0.030306309196372106,0.03474610324301397
2022-07-13,0.026714001642984615,0.030334588134197104
2022-07-14,0.02349948441983461,0.026068724009264337
2022-07-15,0.027604869250722325,0.022643550209240228
2022-07-18,0.02265429279502762,0.027297799373807073
2022-07-19,0.019937594077824822,0.02213444995600137
2022-07-20,0.023036776252979348,0.019480712748712336
2022-07-21,0.026861882111987413,0.023247607999960854
2022-07-22,0.023445775446678696,0.027561627784603592
2022-07-25,0.025174203891438752,0.023735119273707278
2022-07-26,0.02910172693842892,0.02561131880657696
2022-07-27,0.025017286646694843,0.02968265029345402
2022-07-28,0.016489929131883456,0.024716609141847163
2022-07-29,0.014273926355928024,0.015512570701649759
2022-08-01,0.015163695279629932,0.01335439238435224
2022-08-02,0.010432310519924222,0.01461659305398011
2022-08-03,0.009155293734765643,0.009940506601660739
2022-08-04,0.011800526992990513,0.009043776453162145
2022-08-05,0.01296795886386665,0.012451457319235157
2022-08-08,0.009900381408259109,0.0139775828534407
2022-08-09,0.011839875282380105,0.010401087587608066
2022-08-10,0.01365973694251842,0.012719092058828412
2022-08-11,0.011208722183344805,0.014695054971969379
2022-08-12,0.010055252202764722,0.011632937915818238
2022-08-15,0.010661280154201914,0.010354675461781548
2022-08-16,0.009784115112902277,0.01102276390221021
2022-08-17,0.00820689140045131,0.010038929265566186
2022-08-18,0.009285628507661204,0.008380487434161811
2022-08-19,0.017197262897532338,0.00978274431885151
2022-08-22,0.01863656385737909,0.019459152304904727
2022-08-23,0.023189228887088277,0.020569588561902812
2022-08-24,0.02475695176036862,0.02520324055157311
2022-08-25,0.028294104863817553,0.025725545640558907
2022-08-26,0.03122058683029565,0.028590383520199193
2022-08-29,0.03254711775552499,0.03115100234041466
2022-08-30,0.030699171636764066,0.03187146078623022
2022-08-31,0.031550908665533665,0.030078907806260175
2022-09-01,0.02785869625015927,0.030755871421823122
2022-09-02,0.01664619246908208,0.02669647961034627
2022-09-06,0.022552957089149818,0.01510774695924498
2022-09-07,0.022114671154183658,0.021818955962339497
2022-09-08,0.0253456183566316,0.02169120599894487
2022-09-09,0.025859990788989196,0.025711676845194213
2022-09-12,0.026513343119683085,0.026438114436842425
2022-09-13,0.019990611397065795,0.026698593839724335
2022-09-14,0.030047122256229457,0.019393196829677814
2022-09-15,0.02607633378809835,0.030568481631269358
2022-09-16,0.03248297706466415,0.02594998984138412
2022-09-19,0.039805906049963355,0.033061388106083854
2022-09-20,0.04977261263811727,0.04092317204654292
2022-09-21,0.04763055413099685,0.050774926147936765
2022-09-22,0.05230066947386135,0.047265695169858325
2022-09-23,0.055192151158371484,0.05116527274443468
2022-09-26,0.05827627862276243,0.053262212393232
2022-09-27,0.06375589456133827,0.055798376881127654
2022-09-28,0.06271854222448588,0.061195429958898775
2022-09-29,0.060304831829044905,0.059361912965488824
2022-09-30,0.0713146383697598,0.05712112750699644
2022-10-03,0.06517509352352244,0.06854875008186236
2022-10-04,0.05612650183474185,0.06156236955375001
2022-10-05,0.04709520492493789,0.052157496207809205
2022-10-06,0.07272684375620661,0.04312965876331856
2022-10-07,0.06586796063342315,0.07055460871554615
2022-10-10,0.08069277269348353,0.06325258599362443
2022-10-11,0.0795213548351388,0.07911284946169589
2022-10-12,0.08480464877253055,0.07666627531732884
2022-10-13,0.06452681557567341,0.0807718009559393
2022-10-14,0.05988445758445669,0.05929508486341301
2022-10-17,0.04646193730968601,0.05463837730436579
2022-10-18,0.03967654730939782,0.04170105926510452
2022-10-19,0.03894884749008566,0.03576570544332986
2022-10-20,0.03216515549515979,0.036344794902352116
2022-10-21,0.026164911987118976,0.030068210357556836
2022-10-24,0.020448831964202063,0.024605366138664448
2022-10-25,0.02237795878929638,0.019157859611306248
2022-10-26,0.03803378816391738,0.02179615774651936
2022-10-27,0.039078152978191075,0.04017116676245286
2022-10-28,0.04769510980707475,0.04098063048909719
2022-10-31,0.0498398293038467,0.05012108183474105
2022-11-01,0.05482946141920626,0.05077590180250104
2022-11-02,0.038004243858569445,0.05463069376922643
2022-11-03,0.04170064038795044,0.036144001431090825
2022-11-04,0.03184483710988299,0.04001833664393603
2022-11-07,0.03231694241607215,0.02997788829916151
2022-11-08,0.031784764014255,0.03102991590989605
2022-11-09,0.027573352405995927,0.03126013388806139
2022-11-10,0.020538980409602788,0.026961333017832576
2022-11-11,0.019615608177351782,0.01991153437951322
2022-11-14,0.01696398975356472,0.019254409429249386
2022-11-15,0.01066218060753188,0.016781316831789662
2022-11-16,0.010502129266355704,0.010388104307641336
2022-11-17,0.008787762772718772,0.01065923204022366
2022-11-18,0.009406056337100368,0.009031895015196497
2022-11-21,0.010284020405013677,0.010109156351608547
2022-11-22,0.021468990451626542,0.01148826316155436
2022-11-23,0.024373497929372406,0.025181428547197758
2022-11-25,0.026555079862449003,0.027743560553524983
2022-11-28,0.027480490137783357,0.02911350725075301
2022-11-29,0.03233178910142749,0.02905736217946042
2022-11-30,0.020783296097864324,0.033495542899872825
2022-12-01,0.01937081302746695,0.020290797629731416
2022-12-02,0.01980253568994062,0.01887943767418093
2022-12-05,0.016980260824169868,0.019602023271603552
2022-12-06,0.021657349450321977,0.01681993274530546
2022-12-07,0.0321249864946271,0.022720964203390887
2022-12-08,0.03571768422106421,0.034583225956982884
2022-12-09,0.03761150533177769,0.037692315746439185
2022-12-12,0.03932112416217691,0.0387042443972546
2022-12-13,0.030411867968612782,0.03932007543680748
2022-12-14,0.020380337072077523,0.029029582681594574
2022-12-15,0.036299890456023685,0.018762372625183783
2022-12-16,0.03451007877276014,0.03612241419542337
2022-12-19,0.03263790829736913,0.034314377856847884
2022-12-20,0.035048776496791174,0.032590559282935236
2022-12-21,0.035292134207321024,0.0351178991943792
2022-12-22,0.015801940525472603,0.03465559502168082
2022-12-23,0.023910922199999386,0.014370788010045656
2022-12-27,0.027943574712565866,0.0233968527440539
2022-12-28,0.02333365588111645,0.0281536367685206
2022-12-29,0.033069170784455114,0.023454198841916164
2022-12-30,0.035693334717018826,0.03449214618162051
2023-01-03,0.026381256181587643,0.036527331945758995
2023-01-04,0.02202415674939393,0.026553880805557553
2023-01-05,0.027034399072843156,0.02211889320291798
2023-01-06,0.016806886750323758,0.027291002542932014
2023-01-09,0.013145168271917035,0.01690107190173211
2023-01-10,0.016898571605712977,0.013460378309251033
2023-01-11,0.017719817988806667,0.017761471310212863
2023-01-12,0.017193876875170294,0.01880673872479557
2023-01-13,0.02054633080515538,0.018548577372252212
2023-01-17,0.02074853416635599,0.022208309538468696
2023-01-18,0.020987140775159875,0.022156077435263634
2023-01-19,0.02203277338470056,0.02229540995009819
2023-01-20,0.01955591885243233,0.023321180128678686
2023-01-23,0.016899414836610317,0.02052944140473546
2023-01-24,0.016879570095669625,0.01773112446563838
2023-01-25,0.02685665889930513,0.01782855547511514
2023-01-26,0.027336618095453475,0.028707035576243687
2023-01-27,0.029428978753416202,0.029021292985143794
2023-01-30,0.02789060675232094,0.03094177921752811
2023-01-31,0.03340733384753227,0.02886222851353485
2023-02-01,0.02009391067487748,0.033514211020142244
2023-02-02,0.0215174628807215,0.02026879538073306
2023-02-03,0.01773437818208618,0.021794135965695557
2023-02-06,0.017601842734613796,0.018130944857007576
2023-02-07,0.016503123762390628,0.018153407391821974
2023-02-08,0.015692193012386415,0.017300617115978766
2023-02-09,0.01375363777731554,0.01652936542963475
2023-02-10,0.014182842951816385,0.01462007173438989
2023-02-13,0.01533823087931332,0.015141666517090731
2023-02-14,0.011761770801108216,0.016420623207411833
2023-02-15,0.015640343128890934,0.01267719114134097
2023-02-16,0.014254088340967086,0.01685177901286405
2023-02-17,0.015293147300345394,0.015349982049295151
2023-02-21,0.01418711909545894,0.016442574527899198
2023-02-22,0.013344882608292497,0.01527929666434726
2023-02-23,0.011081776412122999,0.014342817688204694
2023-02-24,0.011264435108808885,0.011989577938896637
2023-02-27,0.010334240351288694,0.012240915550113475
2023-02-28,0.012079717340646065,0.01131924297173241
2023-03-01,0.011879509162661162,0.013274749610761355
2023-03-02,0.01959024621089587,0.013088321925268282
2023-03-03,0.027124530839005713,0.02097266994855626
2023-03-06,0.03977229721172743,0.02847982510986242
2023-03-07,0.0431677633833197,0.040614692889794565
2023-03-08,0.04579841364585496,0.04310295939983233
2023-03-09,0.04093628175496811,0.04484544942488172
2023-03-10,0.035536722664808534,0.039662230357861095
2023-03-13,0.022778850667103688,0.0342924173043007
2023-03-14,0.018190434247722063,0.02214573518411629
2023-03-15,0.025927196706620158,0.01790845172486858
2023-03-16,0.032301445855388605,0.025821470414337244
2023-03-17,0.032859265995345624,0.03234253595267838
2023-03-20,0.03267304449812179,0.03295373309314261
2023-03-21,0.031938170224752545,0.03255026548426934
2023-03-22,0.021155119024804082,0.03155156702212683
2023-03-23,0.009718017883554395,0.020953019631130797
2023-03-24,0.006260366903932635,0.009763249832739818
2023-03-27,0.0055616770049204695,0.0064204358898784075
2023-03-28,0.006582634093978685,0.00586363215809482
2023-03-29,0.006682054873565971,0.007202036664413311
2023-03-30,0.007165148596560962,0.007541220729429634
2023-03-31,0.006806575150788958,0.00814205540207353
2023-04-03,0.006761734572764256,0.00787884236192938
2023-04-04,0.006145466986106148,0.007774756994883025
2023-04-05,0.007938431175713023,0.007036902723974135
2023-04-06,0.010164677639661338,0.009138362469058366
2023-04-10,0.010058640720810141,0.011673483241499812
2023-04-11,0.010383977909481493,0.011380435013854273
2023-04-12,0.009552702192093436,0.011597154831432073
2023-04-13,0.008258078218103506,0.01049651360720633
2023-04-14,0.005464215345106145,0.008994052403369689
2023-04-17,0.0053851755279173425,0.005915525195115774
2023-04-18,0.005951605865687128,0.0059161519472160536
2023-04-19,0.006979156416991079,0.006678745171041353
2023-04-20,0.007203996934185058,0.007968602077682166
2023-04-21,0.007018791813367975,0.008258619779982603
2023-04-24,0.0069615221190673145,0.007961912796164554
2023-04-25,0.010872340021441695,0.007833633732947183
2023-04-26,0.01327143439439012,0.012256005812457001
2023-04-27,0.012878487570733153,0.014777796315510447
2023-04-28,0.014375579680603717,0.01407134035961901
2023-05-01,0.014136850857201575,0.01548105625631367
2023-05-02,0.008889784541597523,0.014953098914553115
2023-05-03,0.009286562007756308,0.008798834690580657
2023-05-04,0.008657694244184722,0.009305333117547221
2023-05-05,0.009135080238909705,0.008755115228657453
2023-05-08,0.010021626362426128,0.009401375391567608
2023-05-09,0.010426203564208552,0.010486136852841527
2023-05-10,0.008845026015381102,0.010873207539531752
2023-05-11,0.009468370378817231,0.009173929603254421
2023-05-12,0.008105169096446065,0.009820894526216596
2023-05-15,0.007979950454139241,0.0083832633581376
2023-05-16,0.009975815744496316,0.008310910818694206
2023-05-17,0.007982223663985086,0.01051077883592001
2023-05-18,0.008524530395641121,0.008367147113719211
2023-05-19,0.00910026394691998,0.00899240937103941
2023-05-22,0.009499551931992636,0.009595773233674507
2023-05-23,0.008091081759692571,0.009988532021052677
2023-05-24,0.010843040504152048,0.0085120317195942
2023-05-25,0.01070651612854017,0.011426558931616246
2023-05-26,0.010071704851198014,0.011190167793264387
2023-05-30,0.00907626487826039,0.010461539435612203
2023-05-31,0.009112438238091195,0.009387241649063294
2023-06-01,0.006574631771867236,0.009382536556660027
2023-06-02,0.005970987501718729,0.006604285889430465
2023-06-05,0.005660620330636364,0.0060746486523699855
2023-06-06,0.0057144585787073255,0.005851301457944202
2023-06-07,0.008356788635174538,0.006002067639821551
2023-06-08,0.010750791125598787,0.008986087734411983
2023-06-09,0.010945821013054365,0.011470217054729327
2023-06-12,0.01141798274352487,0.011440785264554094
2023-06-13,0.011422107061974088,0.011701215217088272
2023-06-14,0.008004809098125655,0.011490281330717606
2023-06-15,0.0052028078239632885,0.007911227478932914
2023-06-16,0.005111676219268287,0.005114089529978971
2023-06-20,0.005385067925422463,0.005131274611871275
2023-06-21,0.005631719494524829,0.0055655648575570985
2023-06-22,0.005611224511492197,0.00601197247514257
2023-06-23,0.005692520490051671,0.006067687581205113
2023-06-26,0.004459514342581598,0.006133590871985377
2023-06-27,0.0030802162537691387,0.004747824842962013
2023-06-28,0.0032518220298406097,0.0032535624052728715
2023-06-29,0.005177842167744433,0.0034939404195778656
2023-06-30,0.004647703411569454,0.0057096778742568265
2023-07-03,0.005662668343187102,0.005126609309424596
2023-07-05,0.006124527467918313,0.0061409209875545
2023-07-06,0.005726654257538255,0.006525866522950035
2023-07-07,0.004167577528736978,0.00598376262669135
2023-07-10,0.004453505776179844,0.004303445544878922
2023-07-11,0.004796430403205828,0.004610059295917377
2023-07-12,0.004624794739091376,0.004994548521815268
2023-07-13,0.005085347381623227,0.0048356621351739815
2023-07-14,0.004388820086877885,0.005345554058159865
2023-07-17,0.004515533880540013,0.004545541378274877
2023-07-18,0.0037467854151801553,0.004669198435097844
2023-07-19,0.004579095654548234,0.003860450883560753
2023-07-20,0.006876078128587862,0.00476923484740258
2023-07-21,0.009989068832547531,0.0072356024564541
2023-07-24,0.00965849449901807,0.01039169307013836
2023-07-25,0.009245457180364371,0.009793556663706815
2023-07-26,0.008983448264854185,0.009148566075971629
2023-07-27,0.006818424426872133,0.008749880754630616
2023-07-28,0.007517618858683339,0.006560489792234848
2023-07-31,0.007643833100166068,0.007362017018577014
2023-08-01,0.010932127715811183,0.007566078741469852
2023-08-02,0.010930935860615654,0.010999594438656776
2023-08-03,0.015172035143454655,0.010992324598277153
2023-08-04,0.012319790939979933,0.015154013822215984
2023-08-07,0.01229464050068808,0.012051849035258943
2023-08-08,0.009913083641195714,0.01192387620443078
2023-08-09,0.01068801297415216,0.009562385781528111
2023-08-10,0.006874922924910684,0.010381401554899566
2023-08-11,0.007481884849582348,0.00669618788165308
2023-08-14,0.009550596703748956,0.007438734083284678
2023-08-15,0.009049661375240572,0.009721634514459006
2023-08-16,0.008326626897809612,0.00923296824231708
2023-08-17,0.009457237959069468,0.008550993524453243
2023-08-18,0.012742278265829793,0.009697708024983308
2023-08-21,0.011541809553864971,0.01305164716825325
2023-08-22,0.012806842878197684,0.01169807797132664
2023-08-23,0.012357108337920185,0.012915818628683899
2023-08-24,0.010118419012639742,0.012315732627508314
2023-08-25,0.006669389296469751,0.009972955049848868
2023-08-28,0.005407373069835451,0.006551008681587115
2023-08-29,0.005700002206123542,0.005355358126152083
2023-08-30,0.005580196779853839,0.005802967251735979
2023-08-31,0.005666874869516477,0.005831398727087232
2023-09-01,0.004734685608727684,0.006035828160516698
2023-09-05,0.005657561409336843,0.005036080775013745
2023-09-06,0.0041899400625010005,0.0060347963800598935
2023-09-07,0.004735960873598344,0.004434504246978319
2023-09-08,0.005177752569048044,0.005052603632798786
2023-09-11,0.005226619709596183,0.005546313701415778
2023-09-12,0.005522964895244476,0.0055772611005209406
2023-09-13,0.006445031888476713,0.005906145258356768
2023-09-14,0.006283896561603668,0.006826828834220423
2023-09-15,0.0068854057196197195,0.00657710371623755
2023-09-18,0.006906383738079931,0.0071599552423121885
2023-09-19,0.007536782825030762,0.007107799821477114
2023-09-20,0.009671157685874445,0.007682467996064093
2023-09-21,0.011587076899883097,0.009804923924186868
2023-09-22,0.012719405190409042,0.011572474051007038
2023-09-25,0.014311829866520687,0.012489435716115653
2023-09-26,0.01817773470281355,0.013833454837866532
2023-09-27,0.01686650905936324,0.017369436162469703
2023-09-28,0.016342347600284354,0.015896818542067717
2023-09-29,0.022613682607525366,0.015310014740259796
2023-10-02,0.022651152842155554,0.021244701360615428
2023-10-03,0.01937094219286333,0.02119974885538152
2023-10-04,0.018252206525291914,0.01804616382179466
2023-10-05,0.01964917125436218,0.01698406969285782
2023-10-06,0.014766566752176736,0.018334747309602772
2023-10-09,0.013593085341340816,0.013815719982583716
2023-10-10,0.014169868001203918,0.012917640304533934
2023-10-11,0.01603091166114771,0.013672435122530026
2023-10-12,0.016864866307780824,0.015680221349536533
2023-10-13,0.014187316260727991,0.016684506455257733
2023-10-16,0.01920437267146101,0.013963781599898325
2023-10-17,0.018203959583573365,0.019003219442905922
2023-10-18,0.016206983084042396,0.017863448961228007
2023-10-19,0.014589980760467625,0.01583946218852678
2023-10-20,0.015802019847350177,0.014268210357597781
2023-10-23,0.012049163929003246,0.015476531650868316
2023-10-24,0.012063009484449896,0.011823327432576967
2023-10-25,0.012733767203208323,0.012001785373813013
2023-10-26,0.010395608578388466,0.012797249754689429
2023-10-27,0.008677205273688765,0.010444205905883013
2023-10-30,0.007033534504181149,0.008805197932133623
2023-10-31,0.005877201171162383,0.007152666124464213
2023-11-01,0.0052116940602012765,0.0059945849838336455
2023-11-02,0.005709032869892449,0.005435021799134406
2023-11-03,0.00899056581443009,0.006093691743902229
2023-11-06,0.009192789772272645,0.009744758725046376
2023-11-07,0.009506427858859275,0.009857830151614727
2023-11-08,0.008954362399333636,0.010036074882611906
2023-11-09,0.008347028177265736,0.00927673236891878
2023-11-10,0.00441354045283405,0.008521614490478507
2023-11-13,0.0046918032987558365,0.0044496708644965926
2023-11-14,0.0038555325722138102,0.004822854696353557
2023-11-15,0.0037993845857292236,0.00402477450367997
2023-11-16,0.0032216696889768243,0.004068987881702503
2023-11-17,0.0029264903009455978,0.0035417136683060704
2023-11-20,0.002504516189895148,0.0032319295690938048
2023-11-21,0.0033775602434890062,0.0027910368008575485
2023-11-22,0.0039676388977153,0.0038172883560714972
2023-11-24,0.0052969647973486475,0.0044917035436589
2023-11-27,0.007706512997060847,0.005930949958053609
2023-11-28,0.007567706274064294,0.008426808576724173
2023-11-29,0.007067487608536196,0.007998627408256544
2023-11-30,0.00638109476104585,0.007298978621830442
2023-12-01,0.0057893774217836385,0.0064442405199948045
2023-12-04,0.0035204768446135196,0.005812883047740029
2023-12-05,0.003765992241327048,0.0035234894927744964
2023-12-06,0.004683115517126564,0.0038433688145576533
2023-12-07,0.00627957072902164,0.004877430982368342
2023-12-08,0.006697263473540024,0.006614524900544172
2023-12-11,0.007313886364364882,0.007029906603999828
2023-12-12,0.006563008757007632,0.0075507318284048115
2023-12-13,0.009235089929197634,0.0066646064193964984
2023-12-14,0.008764579770724899,0.009350832159469408
2023-12-15,0.009060189129853007,0.008790550621249123
2023-12-18,0.008596200898260735,0.009042303863327734
2023-12-19,0.008624394335946507,0.008540658889243428
2023-12-20,0.004266260146477749,0.008529922245006054
2023-12-21,0.003915705095139288,0.0041704232272441
2023-12-22,0.003520178960902144,0.003885790812124166
2023-12-26,0.0037918098168535632,0.0035637121371656336
2023-12-27,0.0052003463173464805,0.003947420076204098
2023-12-28,0.006849311964689494,0.005598290523209186
2023-12-29,0.006797787998422959,0.007333997281308115
2024-01-02,0.006766215806095724,0.007158166874210777
2024-01-03,0.006893033394582995,0.007049905761417746
2024-01-04,0.008934926061117936,0.007056182846623847
2024-01-05,0.008247951320722402,0.009131369950814507
2024-01-08,0.008265453725660607,0.008337908100788702
2024-01-09,0.008122393860251024,0.00830634442012174
2024-01-10,0.009068291488998886,0.00810509295245561
2024-01-11,0.007620887595861011,0.009031320648241135
2024-01-12,0.007091981378662496,0.00754911943218428
2024-01-16,0.006163045802959768,0.007031497314312515
2024-01-17,0.006342589265435486,0.00611029482137879
2024-01-18,0.005355394890531754,0.0063531800055198024
2024-01-19,0.0038041921828626457,0.005408727049484705
2024-01-22,0.004072851820399095,0.00384031587840238
2024-01-23,0.0038322959002870605,0.004211936486460791
2024-01-24,0.0041145033571265985,0.0040195030327611755
2024-01-25,0.004648698099589813,0.00442078881287039
2024-01-26,0.006900188812505083,0.005070756250766057
2024-01-29,0.0077020109356245245,0.0075284182747732895
2024-01-30,0.007989321896788725,0.008241877347033518
2024-01-31,0.007347074353884433,0.008341612138814222
2024-02-01,0.006132786305380618,0.0074869408060688515
2024-02-02,0.0037516531793422197,0.006092120068408251
2024-02-05,0.0031273119007185837,0.003647700394467414
2024-02-06,0.006786030910221101,0.0030844274036099127
2024-02-07,0.00799693850743562,0.0071800783481464235
2024-02-08,0.00837536312265249,0.008530234014765091
2024-02-09,0.00913570262295201,0.00882509182616702
2024-02-12,0.009606157115407375,0.009368715688564844
2024-02-13,0.006667366056023175,0.00956026110800298
2024-02-14,0.006709791123037176,0.006447670578953959
2024-02-15,0.006864086073616887,0.00653542696428403
2024-02-16,0.005945087260019138,0.00675201332278854
2024-02-20,0.004981875588711217,0.005885529230428191
2024-02-21,0.00403458032158336,0.00500607822000385
2024-02-22,0.0038991322793332332,0.004059839535197826
2024-02-23,0.004199309188246886,0.00399773071807848
2024-02-26,0.0042432845781632585,0.004430207890471018
2024-02-27,0.00624730881187408,0.004551218792044932
2024-02-28,0.007199351306306065,0.0068274160115863085
2024-02-29,0.008650438858650498,0.007743552803226675
2024-03-01,0.011357542460165414,0.009119573072715315
2024-03-04,0.011957976563278494,0.011732211162160522
2024-03-05,0.012625594400972346,0.011895067117662592
2024-03-06,0.012031444811316076,0.01229338302573533
2024-03-07,0.011081182517052379,0.011486046277988085
2024-03-08,0.008562712968232864,0.01043859205409891
2024-03-11,0.008290045156508928,0.008007224239411189
2024-03-12,0.0063918826204065705,0.00784363799914168
2024-03-13,0.007019655853446658,0.006095484483977259
2024-03-14,0.0049785479560198395,0.006894121588191203
2024-03-15,0.003938168407418248,0.004935453458524789
2024-03-18,0.003319629953437922,0.003953465534972937
2024-03-19,0.002499231466133886,0.0034142482024786605
2024-03-20,0.0023549507305423998,0.0026066660441387514
2024-03-21,0.0023162351832008094,0.0025698004267811453
2024-03-22,0.002999361417054744,0.002613548871944398
2024-03-25,0.0033937796120522986,0.0034916140434302725
2024-03-26,0.003671485725391291,0.0039786903271880085
2024-03-27,0.006204421372251549,0.004253180143243372
2024-03-28,0.00864233253524652,0.007098739758649875
2024-04-01,0.008245371594707906,0.009521962441823094
2024-04-02,0.011437193513331298,0.008704225151863023
2024-04-03,0.012187674524630187,0.011756028579983611
2024-04-04,0.013318795332923555,0.01195109052909961
2024-04-05,0.01401600010414841,0.012689276233386762
2024-04-08,0.018331820376202193,0.013093396808264315
2024-04-09,0.016249501926847622,0.016857483064023564
2024-04-10,0.017403116739803708,0.014562276383482068
2024-04-11,0.015248810057688337,0.015447694122358548
2024-04-12,0.014806554294307214,0.013326273715825756
2024-04-15,0.014624474728358497,0.012896121202889884
2024-04-16,0.01609378335687725,0.012901948035325362
2024-04-17,0.015065270910462975,0.014355728250648254
2024-04-18,0.015603040985734121,0.01349611688173674
2024-04-19,0.014035503070287846,0.014034305229002066
2024-04-22,0.010616058354682014,0.012566870693261045
2024-04-23,0.009834228035011395,0.009424382747842942
2024-04-24,0.01494458012339403,0.008890314423844175
2024-04-25,0.01571497968804503,0.014033621535839258
2024-04-26,0.01582118258391931,0.014838937515768412
2024-04-29,0.015087487019077635,0.014862868543266246
2024-04-30,0.013139049415646328,0.0138938643183896
2024-05-01,0.00672114773465333,0.01182549941371104
2024-05-02,0.0033575642246323712,0.005882614786929988
2024-05-03,0.002615577463345645,0.0028114428996133312
2024-05-06,0.002759459927038069,0.0022876418773673897
2024-05-07,0.002995161313109308,0.0026605376273472914
2024-05-08,0.003711569936130564,0.0032589439445653554
2024-05-09,0.003824434182621852,0.004327736255176266
2024-05-10,0.003436918263662407,0.004439055188146395
2024-05-13,0.003330362522665767,0.003890676443473559
2024-05-14,0.0029230076728074122,0.003723785172116781
2024-05-15,0.003077801348509156,0.0032237255310210984
2024-05-16,0.005257775811722771,0.0034457480958441475
2024-05-17,0.0057098779051711485,0.006115287854983087
2024-05-20,0.006241881684880142,0.006500029621500392
2024-05-21,0.0063334044597979,0.006932980569952245
2024-05-22,0.006214937280454739,0.0068023447737335895
2024-05-23,0.01002824510879974,0.00647320980677345
2024-05-24,0.013165719829540868,0.010603601861494096
2024-05-28,0.013470579526214754,0.013648317101797614
2024-05-29,0.015263510888020495,0.01344143588467615
2024-05-30,0.014800574127926245,0.014799118087326818
2024-05-31,0.009768535134310077,0.013806939662227754
2024-06-03,0.006383929224186065,0.008710394246639169
2024-06-04,0.006658702062859452,0.005586323933318506
2024-06-05,0.005781822035904048,0.006034731103524346
2024-06-06,0.0062953694095505735,0.005426787371808525
2024-06-07,0.005149995035829036,0.006299515251341421
2024-06-10,0.006944254546304383,0.005229647779377412
2024-06-11,0.005522882301890358,0.007243921220259452
2024-06-12,0.00594169659751957,0.005677643205177509
2024-06-13,0.005359262578231004,0.006147317780688994
2024-06-14,0.006270554253641081,0.0055292840918147864
2024-06-17,0.004465746070481075,0.00651491842580601
2024-06-18,0.004938318467933499,0.004575115068144453
2024-06-20,0.003675384403802242,0.005140780903380141
2024-06-21,0.007054454991523486,0.003791748550423179
2024-06-24,0.006584237716385238,0.007665693124815778
2024-06-25,0.006568064798116506,0.0070818789090446015
2024-06-26,0.006258112579798529,0.006928649065598739
2024-06-27,0.00660457635067907,0.006493668986054812
2024-06-28,0.002983306925545807,0.006732028568392599
2024-07-01,0.00224031714497538,0.002890327165456763
2024-07-02,0.0024638816015991275,0.00219342339091715
2024-07-03,0.003989189295480608,0.0025506601462547116
2024-07-05,0.006304661412786655,0.0044574155017671
2024-07-08,0.008107918226569122,0.007333440878471227
2024-07-09,0.008396048954996595,0.00910106861281956
2024-07-10,0.008598053435110855,0.008968176902354527
2024-07-11,0.01132704783123262,0.008819639603902809
2024-07-12,0.010668006143660733,0.01138848787688953
2024-07-15,0.009834311287062183,0.01044362236557709
2024-07-16,0.010276781510187006,0.009486686379531931
2024-07-17,0.012146218044483296,0.009862143347759957
2024-07-18,0.015548141831303524,0.011632489893336474
2024-07-19,0.015598966651898163,0.014926436765284686
2024-07-22,0.015771586516872278,0.014704017246330787
2024-07-23,0.020286220565128465,0.01457834971177312
2024-07-24,0.02010289598452491,0.018556745840482163
2024-07-25,0.02623830882272841,0.017979801292898365
2024-07-26,0.029478023901444893,0.0233458977152643
2024-07-29,0.04227637485862095,0.025684761321067808
2024-07-30,0.04916599875439205,0.03612280492625477
2024-07-31,0.056407434705667,0.04071435062843575
2024-08-01,0.0472032107137557,0.045152464096348106
2024-08-02,0.0439684825279817,0.03641501052868694
2024-08-05,0.03164645235410813,0.03577627164529448
2024-08-06,0.020386505828245364,0.025011042647714928
2024-08-07,0.0123989560434531,0.015763585551353362
2024-08-08,0.008312294689943937,0.009562483684554469
2024-08-09,0.0064841460072201955,0.006525909270863525
2024-08-12,0.005714918554439343,0.005397784731594538
2024-08-13,0.0056084994522464775,0.005128884937772334
2024-08-14,0.00801307444406851,0.005407269812506646
2024-08-15,0.010084582036339754,0.008285531795089795
2024-08-16,0.01173519910840023,0.010594379572892136
2024-08-19,0.01207653317828727,0.012169844485940681
2024-08-20,0.011953610687805722,0.012163124547357376
2024-08-21,0.010602641452454844,0.01168739554077022
2024-08-22,0.010833285552479328,0.010112364204913191
2024-08-23,0.0120245044367867,0.010329137922029741
2024-08-26,0.0165008063937375,0.011597108979531284
2024-08-27,0.017650213498463414,0.016251837638124173
2024-08-28,0.018272697218056688,0.017182828908909445
2024-08-29,0.021631277296816194,0.01743976631065163
2024-08-30,0.020099465752657822,0.020444043461002356
2024-09-03,0.01688692640715636,0.01846044169528131
2024-09-04,0.03271440853187768,0.015207845919718877
2024-09-05,0.031656695945705304,0.031141725213569976
2024-09-06,0.025845183999399095,0.02908087344435281
2024-09-09,0.024651780552301557,0.022869088100074167
2024-09-10,0.02425886205554598,0.021490420951169747
2024-09-11,0.010968658957917196,0.020819140353942178
2024-09-12,0.010182127128711586,0.008794818268496957
2024-09-13,0.010816412810678782,0.008548605411716129
2024-09-16,0.010447622218379998,0.009610943478323166
2024-09-17,0.009099278399054571,0.009748477925697881
2024-09-18,0.0051703508273783,0.008939803300469562
2024-09-19,0.004910198460603994,0.004832282584401378
2024-09-20,0.004469860209769543,0.00470976872509486
2024-09-23,0.006491236918706363,0.004432551715117931
2024-09-24,0.009106849149703843,0.007032623195359744
2024-09-25,0.01008854466070252,0.010362728121018665
2024-09-26,0.010004717608692976,0.0111634480170857
2024-09-27,0.011229772697771158,0.010637077271849963
2024-09-30,0.010301877754454765,0.011617186739958513
2024-10-01,0.007570418591991696,0.010283086911612737
2024-10-02,0.0070694448741259255,0.007275114750936437
2024-10-03,0.006346982854103056,0.0068647647286210955
2024-10-04,0.004976436713324217,0.006188750765656253
2024-10-07,0.004480002357134526,0.004886749253733457
2024-10-08,0.00522079013026088,0.0045296603801760075
2024-10-09,0.004876867148948094,0.005473575687653274
2024-10-10,0.004594315448437754,0.005155372989804983
2024-10-11,0.004415949079575934,0.004903067346329831
2024-10-14,0.004776346131784374,0.004711137992088313
2024-10-15,0.004057956149466013,0.0051197124650550685
2024-10-16,0.006693927132408277,0.004310318007883913
2024-10-17,0.007144944208582078,0.007411425539551537
2024-10-18,0.009260093341194615,0.007772424479308667
2024-10-21,0.008103477684273898,0.00997204629810857
2024-10-22,0.008425790051928693,0.008366150603894206
2024-10-23,0.006154126024791497,0.008477538909425942
2024-10-24,0.0064008516788763405,0.005969011520923996
2024-10-25,0.005577903746408595,0.0062641184879685
2024-10-28,0.006931787923824972,0.005504473552428454
2024-10-29,0.006506336752814408,0.00708482052863384
2024-10-30,0.008310999732512035,0.006693792714128226
2024-10-31,0.007774373759268055,0.00866497103789694
2024-11-01,0.006540166153301495,0.007927543312931027
2024-11-04,0.00565218155452316,0.006484029143923396
2024-11-05,0.00633026392624355,0.005561007014272763
2024-11-06,0.004695986901716019,0.0063266521320496805
2024-11-07,0.005127863199751628,0.00466308532198521
2024-11-08,0.0065530019114885775,0.005272421344657931
2024-11-11,0.006953445042341075,0.0069441159928333804
2024-11-12,0.007238313055333559,0.007338201414591156
2024-11-13,0.008719009901078595,0.0076197846821237595
2024-11-14,0.011927403583391036,0.009092301006074416
2024-11-15,0.01032913368513266,0.012326387298038437
2024-11-18,0.01132378847607668,0.010255815924070485
2024-11-19,0.01005844585070971,0.011095534777739417
2024-11-20,0.0080418277611967,0.009576723410134465
2024-11-21,0.00445365921834978,0.007477856065073964
2024-11-22,0.0042143501217171645,0.004020128801715761
2024-11-25,0.0023871876687337154,0.003931378738555474
2024-11-26,0.002210133747005303,0.0022326908927558114
2024-11-27,0.001730892457873209,0.0022257924201491753
2024-11-29,0.0013618996024471342,0.001858086416697356
2024-12-02,0.0016488351273045599,0.0015081835587752094
2024-12-03,0.002012009030545606,0.001980785497959667
2024-12-04,0.00206755401534901,0.00251425331706647
2024-12-05,0.002076895278784712,0.0026020780227550403
2024-12-06,0.0028278285938450223,0.0025803605739921818
2024-12-09,0.0027467551154074163,0.003513721638935229
2024-12-10,0.0025271694409331885,0.003296199151544376
2024-12-11,0.014727927991740813,0.0029513926988587384
2024-12-12,0.016600871376553382,0.01809908456339804
2024-12-13,0.026625131001577367,0.018182760596401594
2024-12-16,0.02961019386335164,0.027356810165524065
2024-12-17,0.03018512160081872,0.027989165791359197
2024-12-18,0.018717536479727445,0.026592299677466003
2024-12-19,0.01972951803417055,0.015254879504333078
2024-12-20,0.012584196917659982,0.01612846397288592
2024-12-23,0.011178104645911947,0.009991969149380402
