date,y_true_rv_gk,y_har_pred
2020-01-31,0.024100964325432038,0.008412182182766167
2020-02-03,0.009780109410353267,0.010309555664494891
2020-02-04,0.005225833176916188,0.008405649417532893
2020-02-05,0.006393030954314159,0.006535526306884051
2020-02-06,0.0021846520611540875,0.007058671396548365
2020-02-07,0.006160020663679377,0.0049542437189386895
2020-02-10,0.003951745040546726,0.005185954192689586
2020-02-11,0.005417018926010862,0.004217713172428527
2020-02-12,0.0013527503092227594,0.0045786209116109155
2020-02-13,0.006039611800726588,0.0029231690500134723
2020-02-14,0.0025907540715065453,0.0046002676707951684
2020-02-18,0.006694963259297502,0.0034583736548924643
2020-02-19,0.0025610361809362517,0.004648114214214582
2020-02-20,0.026898422390911805,0.0034443575275795533
2020-02-21,0.008324395788654636,0.009037801613252598
2020-02-24,0.1779743056275961,0.006916800533094316
2020-02-25,0.0853491809767783,0.03020514593236259
2020-02-26,0.06285060720691805,0.02898611611723761
2020-02-27,0.20059142720703133,0.029273248864851855
2020-02-28,0.16085480557439305,0.04701711596508569
2020-03-02,0.17402315555085934,0.05015319276024041
2020-03-03,0.26724189921726305,0.07401318053270609
2020-03-04,0.08045510042784082,0.09511682512603503
2020-03-05,0.09073750467221604,0.06918016757283242
2020-03-06,0.0854758390735578,0.06706147313234086
2020-03-09,0.18552218609891682,0.06278842144512636
2020-03-10,0.34319905281811547,0.07893424708248999
2020-03-11,0.15097858769481903,0.09953941144698558
2020-03-12,0.5915366584787065,0.08321288783436767
2020-03-13,0.9305371381638645,0.15554400871707422
2020-03-16,0.7855588372105687,0.22931176483490215
2020-03-17,0.6618887567168484,0.2500668552750578
2020-03-18,0.8966510109092856,0.25388064635220714
2020-03-19,0.5012326076695481,0.3106880803435736
2020-03-20,0.24443771984907778,0.26252634332052
2020-03-23,0.27518999612280115,0.19468389454523924
2020-03-24,0.10404291140767033,0.1838454324141511
2020-03-25,0.5587814361949898,0.12401535685692455
2020-03-26,0.16015224622833069,0.18039047617176926
2020-03-27,0.18325326460975738,0.11386631119146007
2020-03-30,0.09848176265510722,0.11539114495482335
2020-03-31,0.08295390840210301,0.09006781894055031
2020-04-01,0.37418408916043466,0.1290893993792389
2020-04-02,0.06391404570983879,0.18194038189247644
2020-04-03,0.12273837590714795,0.10054069562622207
2020-04-06,0.6036913367273525,0.11680461907085443
2020-04-07,0.06742280144682626,0.25492613724937274
2020-04-08,0.15002445715323562,0.13138002071420324
2020-04-09,0.05291971936558246,0.14827055770600564
2020-04-13,0.05945451044815301,0.10783272485938297
2020-04-14,0.13188439667633206,0.1068801133231127
2020-04-15,0.11579080181734697,0.08946173747861262
2020-04-16,0.029746377892125385,0.09032278970094552
2020-04-17,0.035397093829372485,0.05105263777384587
2020-04-20,0.04493827195672597,0.0515693822495323
2020-04-21,0.04283057772946365,0.053609480527881795
2020-04-22,0.026382331007600228,0.04459581987401569
2020-04-23,0.04040735150383172,0.030370906126445236
2020-04-24,0.036971707381984284,0.03560406774540745
2020-04-27,0.016028581604282714,0.034325039616506854
2020-04-28,0.02178045422323184,0.02422308958369464
2020-04-29,0.026184000797406327,0.024369678432873982
2020-04-30,0.03156339730175841,0.02565898198523236
2020-05-01,0.1209653901482196,0.024643156881488562
2020-05-04,0.0263829105507969,0.04905712694944568
2020-05-05,0.04688235665273351,0.031646784698885246
2020-05-06,0.016633843506756125,0.039995032513272466
2020-05-07,0.010628569517847283,0.02789419935262418
2020-05-08,0.012083887645918166,0.0230255296407483
2020-05-11,0.01974720652836193,0.016041176498669135
2020-05-12,0.030476429757290327,0.017952892278162217
2020-05-13,0.08248216222173023,0.018552066249218267
2020-05-14,0.19338697984282777,0.03452675892895733
2020-05-15,0.02053565363391981,0.0707012758900557
2020-05-18,0.019511645349958404,0.03617391989840221
2020-05-19,0.020024420709095936,0.03556666662084669
2020-05-20,0.0062051992650551824,0.03516329199104702
2020-05-21,0.018772319232831767,0.021128308439354506
2020-05-22,0.007595681033132681,0.015465108347301415
2020-05-26,0.055159160150793154,0.010638554424654332
2020-05-27,0.06064890301771093,0.024630896400553687
2020-05-28,0.02577182377573119,0.030625786395017167
2020-05-29,0.03792310151553778,0.02535854943544966
2020-06-01,0.009563633574664825,0.030400217889351495
2020-06-02,0.00989195447407152,0.018899092410068898
2020-06-03,0.010180407752036606,0.016546511184631962
2020-06-04,0.019950766449798863,0.013696690777322168
2020-06-05,0.016609906545176068,0.016666246670210282
2020-06-08,0.009063185298171579,0.013792853098219758
2020-06-09,0.018525945493059904,0.011160770972869268
2020-06-10,0.015796329691508456,0.015106228844751811
2020-06-11,0.0758822852635146,0.014768652060283095
2020-06-12,0.13306962532514469,0.032481664708955436
2020-06-15,0.0966663234781739,0.052634807998114694
2020-06-16,0.07614994674239162,0.05294599194436385
2020-06-17,0.010289073295825528,0.05296296378889051
2020-06-18,0.006991388261722004,0.026423434441680993
2020-06-19,0.04986726910051215,0.02114758377203968
2020-06-22,0.01737826019710299,0.03659580663091796
2020-06-23,0.008674836698408466,0.02124764930112772
2020-06-24,0.06083809369916512,0.013084827023950583
2020-06-25,0.039274849851024,0.031104269218085515
2020-06-26,0.027161725997724276,0.02921444380047156
2020-06-29,0.03477371624871377,0.024187432639331437
2020-06-30,0.03458599507581506,0.02762354521606501
2020-07-01,0.009480741841500107,0.02996216451295911
2020-07-02,0.01848459075149743,0.01648970822163514
2020-07-06,0.005200188646563212,0.01989703171230043
2020-07-07,0.019290479667926616,0.01149991815824869
2020-07-08,0.014097442529514425,0.017511470895736653
2020-07-09,0.04679889638652583,0.014050320972928075
2020-07-10,0.02273049719424113,0.026241551491802677
2020-07-13,0.06446717321029,0.020447688965113796
2020-07-14,0.04527815150661863,0.03559722443750971
2020-07-15,0.01706935226465894,0.032381860774023316
2020-07-16,0.004945765662684949,0.022240362196764802
2020-07-17,0.009760124565596929,0.012535338089687114
2020-07-20,0.016785726957889314,0.015564871499599807
2020-07-21,0.008733700345470765,0.016230411437974226
2020-07-22,0.004047770071412954,0.01036128276588883
2020-07-23,0.028224639213071348,0.00701480606005515
2020-07-24,0.009197588303626873,0.017085867331194927
2020-07-27,0.006097817576849187,0.011050798677103407
2020-07-28,0.007952911772124392,0.008754179286216978
2020-07-29,0.007634992061884461,0.009528677987222737
2020-07-30,0.023685309103012628,0.009508034811194391
2020-07-31,0.03336996488846212,0.013372786010195384
2020-08-03,0.003967146176741785,0.017632677219984128
2020-08-04,0.0012815920320769056,0.008367695683077877
2020-08-05,0.0013137006984384036,0.00547355827543793
2020-08-06,0.005481098678804253,0.005264040195530299
2020-08-07,0.006084116824059206,0.007451368547847645
2020-08-10,0.008673896226036653,0.0052125015886299005
2020-08-11,0.020139045911167004,0.00639923351971632
2020-08-12,0.005706922153373511,0.010541347992822973
2020-08-13,0.006454458247026171,0.006910787484574701
2020-08-14,0.003446159391114579,0.007199468448864153
2020-08-17,0.0024536409904324596,0.005669834009057294
2020-08-18,0.0067676775798018955,0.004719135733546622
2020-08-19,0.007033349471852222,0.005556329527837422
2020-08-20,0.006902155999419931,0.005739120265402101
2020-08-21,0.0031090138016170946,0.0057578992808281415
2020-08-24,0.013106926463154355,0.004247634519184943
2020-08-25,0.003738502097539115,0.007996493595121473
2020-08-26,0.007915037533613258,0.005020798549363059
2020-08-27,0.01177561316464188,0.006553432920343304
2020-08-28,0.005783040979866524,0.007948797443605701
2020-08-31,0.004295287982295315,0.006106027327850445
2020-09-01,0.007813363493539676,0.004816308410330178
2020-09-02,0.021080317478711683,0.006345411141292658
2020-09-03,0.1092480213295001,0.010608306837711069
2020-09-04,0.17126594204954076,0.03225417928251237
2020-09-08,0.09459543208344509,0.05505539288385428
2020-09-09,0.033146854494997165,0.04972005193579344
2020-09-10,0.049914042742634716,0.034211920460480036
2020-09-11,0.0375734493290048,0.041446698471647725
2020-09-14,0.04122471583310134,0.03551788623554215
2020-09-15,0.012959581637081396,0.03249112443598925
2020-09-16,0.016274991894844514,0.0183438752188212
2020-09-17,0.02033959102287298,0.019451874186444257
2020-09-18,0.04519786423402183,0.019866887292944845
2020-09-21,0.03343449175803228,0.027909023374132137
2020-09-22,0.026997744178289672,0.02455967196826014
2020-09-23,0.03559440501507516,0.023585129238730372
2020-09-24,0.054203239880001516,0.02756509144478568
2020-09-25,0.04020979994126511,0.03504766990854915
2020-09-28,0.008119865645144268,0.03122997871469895
2020-09-29,0.009016503358943157,0.016043030001266563
2020-09-30,0.029920057937890474,0.014949391492897287
2020-10-01,0.015086026954052858,0.02650410572033493
2020-10-02,0.034211423186595376,0.01755788568058299
2020-10-05,0.005538158926293629,0.02570276733662658
2020-10-06,0.04562017375849432,0.010374907578975497
2020-10-07,0.007782008052510107,0.03012625214260646
2020-10-08,0.0035305775158229824,0.011930607527230271
2020-10-09,0.00501327761411394,0.007841296791728918
2020-10-12,0.0187113785550091,0.008316036925445264
2020-10-13,0.00805065902411986,0.016291688249071214
2020-10-14,0.01731952303327141,0.009102318979725165
2020-10-15,0.01352282403164068,0.013884894087825205
2020-10-16,0.01154777875810733,0.012880888798164973
2020-10-19,0.03668762519370298,0.012204540822406332
2020-10-20,0.019052724197518512,0.022514064439816326
2020-10-21,0.01108561534528372,0.01683405997605046
2020-10-22,0.02032904810586641,0.012660624976557644
2020-10-23,0.008662764034617507,0.01714018222258463
2020-10-26,0.05299779937034362,0.011021420562683244
2020-10-27,0.002963663645949571,0.02762715979833659
2020-10-28,0.14120920663824066,0.006610293389666394
2020-10-29,0.07176987163614348,0.05142013988304162
2020-10-30,0.05679976111948854,0.04179169409745663
2020-11-02,0.030368672891660196,0.0403270327741665
2020-11-03,0.06670290020309835,0.030321228676181415
2020-11-04,0.0683761041847179,0.045588003051136416
2020-11-05,0.010576027770522887,0.043557769278101406
2020-11-06,0.015320557356718103,0.018614299536971964
2020-11-09,0.037217547432617876,0.02063481545245378
2020-11-10,0.02183690074185908,0.03057688482241101
2020-11-11,0.006147112757004054,0.022722732493473417
2020-11-12,0.025623571491965383,0.01147787423900187
2020-11-13,0.011247711589570934,0.02190231662615952
2020-11-16,0.007948426083358582,0.015314793618562304
2020-11-17,0.012134891908177606,0.011995675476924506
2020-11-18,0.010841027992173114,0.013643154551760763
2020-11-19,0.012495744441104408,0.013248403446779454
2020-11-20,0.002440466553329971,0.013223633719225778
2020-11-23,0.015414230850469602,0.006293736963846928
2020-11-24,0.012952325746824603,0.014286777709521381
2020-11-25,0.002545669550493023,0.013156465876926657
2020-11-27,0.0024215723424456308,0.006331856526802268
2020-11-30,0.01463388035960146,0.0053391793899489545
2020-12-01,0.006954259089660723,0.011909636167789442
2020-12-02,0.004358318908785037,0.008108756222950474
2020-12-03,0.006775009746427847,0.006109286284056438
2020-12-04,0.0018304020680225646,0.007404456973869254
2020-12-07,0.0033430777060559622,0.004190414371121134
2020-12-08,0.0046466894386207125,0.004627304497153096
2020-12-09,0.012515004358108614,0.005053417815877941
2020-12-10,0.009713727221902554,0.0082624254833955
2020-12-11,0.010026232330960368,0.007640038540730862
2020-12-14,0.015086685508852882,0.008400572157312306
2020-12-15,0.009110079290718795,0.010712439938361547
2020-12-16,0.004739127340662453,0.008989322868399562
2020-12-17,0.0017493106008201564,0.006554023453542286
2020-12-18,0.013499665730563663,0.0040927523858682174
2020-12-21,0.2421486417660793,0.00956740108862636
2020-12-22,0.004266505930876541,0.06556032269727127
2020-12-23,0.004984467938050156,0.012940706053974044
2020-12-24,0.0017129690641096479,0.013717542926720458
2020-12-28,0.0019754280677636397,0.008901397742812218
2020-12-29,0.005257812393148103,0.009278813772101789
2020-12-30,0.002041482241232378,0.006107670912842557
2020-12-31,0.007569494309665788,0.003896812618042094
2021-01-04,0.0740412777487809,0.007143044125636754
2021-01-05,0.010769276168264535,0.030002677934193075
2021-01-06,0.0455454761240123,0.013384868207771832
2021-01-07,0.007901421786656874,0.027774386311251766
2021-01-08,0.016578035150326034,0.01319303166746324
2021-01-11,0.006689324407908099,0.018544460054386463
2021-01-12,0.010786567861725917,0.010760861634652159
2021-01-13,0.007113512146632179,0.013234679247161426
2021-01-14,0.004961162672637963,0.009487658009243349
2021-01-15,0.012727313794017257,0.007957849939454567
2021-01-19,0.005358706639104576,0.011702344011988306
2021-01-20,0.009316748586365357,0.0079871020188527
2021-01-21,0.002427057794189111,0.01007572773870424
2021-01-22,0.004240890565841329,0.005427275121218764
2021-01-25,0.03410850482458831,0.0060509646949450544
2021-01-26,0.002816067064101691,0.017295527609452854
2021-01-27,0.03841422790848682,0.005805606626693207
2021-01-28,0.03091274334519427,0.020628214210028382
2021-01-29,0.04244144227507347,0.020650968611903204
2021-02-01,0.039309365449289854,0.02527147126818668
2021-02-02,0.03916991881643127,0.025209873141703937
2021-02-03,0.008716587458269115,0.02709390480268022
2021-02-04,0.008704549320747863,0.013643613767593862
2021-02-05,0.004404788863393922,0.013071329941566642
2021-02-08,0.003072646152061824,0.008873252268071917
2021-02-09,0.002188123681103248,0.0067570695007861436
2021-02-10,0.016290258633372506,0.004601063504472054
2021-02-11,0.010503528960869967,0.01115163950491609
2021-02-12,0.0031102572840412054,0.009469793115870703
2021-02-16,0.003954605965531198,0.00571976530345001
2021-02-17,0.006673536975726394,0.006341964157471263
2021-02-18,0.011042621179676053,0.00806251314166442
2021-02-19,0.00395278430012906,0.009544100313226524
2021-02-22,0.006935185200972971,0.005933665788057642
2021-02-23,0.05996470528681916,0.007730769401873717
2021-02-24,0.021356450838218213,0.025176720327436168
2021-02-25,0.061453962329825855,0.017189651098236
2021-02-26,0.03607130032167256,0.030309624108047984
2021-03-01,0.08040344649217977,0.02572867827218134
2021-03-02,0.006911712906679745,0.03988911154858915
2021-03-03,0.013394581153301737,0.012112108507975379
2021-03-04,0.115750786718,0.015489332959264095
2021-03-05,0.12237780118542903,0.041242821380128164
2021-03-08,0.02766056499124606,0.047391686661821995
2021-03-09,0.016610886018267986,0.025190979299830385
2021-03-10,0.008644409295693456,0.020683504278255768
2021-03-11,0.011362507847991154,0.015817848281261065
2021-03-12,0.004907204236894226,0.016361715506712043
2021-03-15,0.01489980760168906,0.009595120189066388
2021-03-16,0.005229251521293533,0.01459602708237269
2021-03-17,0.014065836822911916,0.009121417419174726
2021-03-18,0.023295475738656524,0.014040754402632588
2021-03-19,0.016135127684770604,0.018094150317121308
2021-03-22,0.009616212216913866,0.016086352806474413
2021-03-23,0.015279541766228907,0.012863885702527928
2021-03-24,0.015301724538558017,0.016011675134124586
2021-03-25,0.028206887929142103,0.015754397341970934
2021-03-26,0.014465123299303268,0.020533869447064892
2021-03-29,0.011362832048122818,0.01521932922018599
2021-03-30,0.004727137864353093,0.01366989174395944
2021-03-31,0.005186089318453672,0.008932817238704295
2021-04-01,0.0019178462158636962,0.009456410244188746
2021-04-05,0.004734534295875454,0.006264786068035546
2021-04-06,0.0025073100044316642,0.008039443057954126
2021-04-07,0.0014919137641587327,0.005537635682108355
2021-04-08,0.0018598454269359258,0.00436623329154122
2021-04-09,0.0031507788685352714,0.00459414068388865
2021-04-12,0.0018724493398276846,0.005593025955865069
2021-04-13,0.0032910982580842286,0.0044754718770326505
2021-04-14,0.00598192243147217,0.005545900916336771
2021-04-15,0.001898257583511622,0.006982262037813155
2021-04-16,0.003446501095416266,0.004503985495866981
2021-04-19,0.005737626581243304,0.0055517088232711785
2021-04-20,0.01324310365423347,0.006603684948775437
2021-04-21,0.006061040437577785,0.009208803492070062
2021-04-22,0.01603316900849464,0.006810421659034834
2021-04-23,0.013282795141252938,0.010058142793526
2021-04-26,0.001420901296517978,0.00943589244035294
2021-04-27,0.0023569186396963765,0.0038151059332191097
2021-04-28,0.003117494220801409,0.0044215337764970065
2021-04-29,0.013136446644051964,0.004784727456198289
2021-04-30,0.00343889580255868,0.008386762534421655
2021-05-03,0.0025438933276639383,0.004815893752100337
2021-05-04,0.017742217215751716,0.004294430315017212
2021-05-05,0.002979213077907837,0.010092537446141334
2021-05-06,0.016354456099494402,0.004937280166031218
2021-05-07,0.006792307054154768,0.010086136325551744
2021-05-10,0.005875147713031508,0.007200683131755469
2021-05-11,0.019383557398939617,0.006871740398898085
2021-05-12,0.035997245770033416,0.011388860616390014
2021-05-13,0.015321639587498676,0.015992942279362255
2021-05-14,0.007146083870514964,0.011448049427206905
2021-05-17,0.00671146669141774,0.008479317725516274
2021-05-18,0.0050676763094257265,0.008303626480647117
2021-05-19,0.015704444312909377,0.007265789929983436
2021-05-20,0.01117921692657301,0.01104301321562469
2021-05-21,0.008126643992434008,0.009591332382763048
2021-05-24,0.005681511057484238,0.008397015517003465
2021-05-25,0.004428554457663117,0.00720323786902286
2021-05-26,0.002437780938268447,0.006527797018931644
2021-05-27,0.0017113888815096438,0.004947115943651379
2021-05-28,0.0010426520435029558,0.004125113252139185
2021-06-01,0.004193598910786123,0.0032047454659020046
2021-06-02,0.002684094751990342,0.005176132515285325
2021-06-03,0.009448633141193867,0.004259244672350765
2021-06-04,0.009967153457683495,0.007426475796895428
2021-06-07,0.0017015361509057064,0.008093016292255695
2021-06-08,0.005540615678865495,0.004045766433288172
2021-06-09,0.0011406138648234053,0.006433304727204566
2021-06-10,0.006447971657221597,0.003442304924979917
2021-06-11,0.0018133775463696862,0.006524731074470998
2021-06-14,0.0032359438092012436,0.0035964145482485026
2021-06-15,0.0021012523278736432,0.004493293627448678
2021-06-16,0.013855176380246392,0.0036455078553082943
2021-06-17,0.009675111791309256,0.008471968091881332
2021-06-18,0.004475154815706863,0.007555581993888709
2021-06-21,0.009786256124992326,0.005594371345085443
2021-06-22,0.008078181271994216,0.0077859232178579965
2021-06-23,0.0014783288906533335,0.007396484647080274
2021-06-24,0.000579318917496747,0.0036149335133937796
2021-06-25,0.001374092355082863,0.0023724710543750315
2021-06-28,0.002094910623367174,0.0032357451348773536
2021-06-29,0.0013903239539575542,0.003540400371398106
2021-06-30,0.0013764279587110378,0.0027030813753666817
2021-07-01,0.0009277024381337851,0.0023649837054874035
2021-07-02,0.006455784203726773,0.002053381489969549
2021-07-06,0.010427602337381993,0.004639686994652464
2021-07-07,0.006763394924738817,0.0061121471215729905
2021-07-08,0.00968669739740375,0.005488580323951746
2021-07-09,0.01304409951731996,0.006660103596266873
2021-07-12,0.0023592468634323726,0.008044946755380176
2021-07-13,0.0040150767035244984,0.004153810106185953
2021-07-14,0.005307424817270659,0.004930652765025764
2021-07-15,0.005277197420954172,0.005448502995004604
2021-07-16,0.006426739505243511,0.005329754767919879
2021-07-19,0.060877308671210176,0.005405640043470015
2021-07-20,0.024156348868102872,0.016999489905642838
2021-07-21,0.0066261490526034845,0.012844636706310532
2021-07-22,0.002481164556905431,0.007926573728528796
2021-07-23,0.005109688857357566,0.005435955982933138
2021-07-26,0.0005684247823760537,0.007125778973588671
2021-07-27,0.00984102565284467,0.0026456081281503417
2021-07-28,0.005485667632051814,0.00709218513220583
2021-07-29,0.0022219037199178826,0.005676349513897928
2021-07-30,0.0032474337541210656,0.004049885185739047
2021-08-02,0.005224141782847411,0.004664249118535549
2021-08-03,0.013871833292723883,0.005797625093285839
2021-08-04,0.0033961175832274157,0.008679102811597273
2021-08-05,0.001328743936526367,0.0049755773476994735
2021-08-06,0.0007611165338184317,0.0034390529836524062
2021-08-09,0.001377295035372226,0.0027126037918994905
2021-08-10,0.0015624366453219761,0.0032727950514473757
2021-08-11,0.0010173816026280455,0.00297040596441138
2021-08-12,0.003227017841163417,0.002382475026864457
2021-08-13,0.00042714853417882555,0.003862654226506471
2021-08-16,0.008522599394887592,0.001759926931914033
2021-08-17,0.010830424473415923,0.006166829083160512
2021-08-18,0.013900182112037437,0.006836409696412704
2021-08-19,0.009966342030636118,0.00791847173914554
2021-08-20,0.0054467931904101,0.007203919371415275
2021-08-23,0.012388475556390905,0.005846923448896923
2021-08-24,0.0007875642319724205,0.00820225498632213
2021-08-25,0.001523175369328437,0.0027629376905301075
2021-08-26,0.0019013154461274215,0.0033200709110696126
2021-08-27,0.0033230139034697596,0.003416826301795876
2021-08-30,0.002678854265832635,0.004170498756882847
2021-08-31,0.0013671995381883727,0.0031944221687240544
2021-09-01,0.0012236772073210343,0.0024751043997273963
2021-09-02,0.002804120339576425,0.002294157556709879
2021-09-03,0.0020861504918241107,0.0031931476135571998
2021-09-07,0.0019010622741560883,0.0027979188598820327
2021-09-08,0.004907286044397162,0.0026687401252524145
2021-09-09,0.00777346267730842,0.0040982332820187276
2021-09-10,0.00874027204159866,0.0053366321052287485
2021-09-13,0.012559943281154692,0.005951235001631127
2021-09-14,0.008991129011573187,0.007408329732484618
2021-09-15,0.010456743339146476,0.0068382928137677495
2021-09-16,0.011910155046490256,0.007430416641724244
2021-09-17,0.005996815695588016,0.00794063735788795
2021-09-20,0.039536983963424456,0.005968069805603089
2021-09-21,0.011238791621134754,0.01390942257793229
2021-09-22,0.024364837962569615,0.008713048492653152
2021-09-23,0.012491296787047546,0.012252734771493533
2021-09-24,0.0046578043087329634,0.009637355793819217
2021-09-27,0.002953816389479882,0.006615852231175181
2021-09-28,0.015146431686557278,0.005077704882861439
2021-09-29,0.006480291323878287,0.009731871256524652
2021-09-30,0.01832492374657357,0.006462609119765266
2021-10-01,0.04684921596221079,0.009571848182996936
2021-10-04,0.0293631376117933,0.01528523800337557
2021-10-05,0.02079880551842808,0.013905279807321216
2021-10-06,0.022386786597478975,0.012628881239882029
2021-10-07,0.007847012579180567,0.013401401558465123
2021-10-08,0.0034485789205419737,0.009271620129485163
2021-10-11,0.01782093668414512,0.006504515900887083
2021-10-12,0.0051930248520672346,0.011145146872486519
2021-10-13,0.01350574192330892,0.0069941776883197465
2021-10-14,0.004943454502390193,0.009425598202227752
2021-10-15,0.0023781064798195704,0.006602123647292497
2021-10-18,0.006550676139621138,0.005095447616804712
2021-10-19,0.0022893345549583996,0.006833801569650783
2021-10-20,0.0010441303129228206,0.00458539066163009
2021-10-21,0.0023330350619426015,0.0031711554960526618
2021-10-22,0.008051336428705948,0.00398195598761182
2021-10-25,0.006767851046242457,0.006399211710082018
2021-10-26,0.004460739116606757,0.006053962778230446
2021-10-27,0.0036532939694429154,0.005352778660703438
2021-10-28,0.0014374915745472522,0.005047524121205594
2021-10-29,0.004317375298582866,0.003262349836052339
2021-11-01,0.0036995070752148776,0.00492635587593537
2021-11-02,0.001446362015556298,0.004385771785718272
2021-11-03,0.005658636214999906,0.0028498118107126804
2021-11-04,0.0012678689685496675,0.004964824071903312
2021-11-05,0.007727981002965947,0.002642070638628762
2021-11-08,0.002096356138067365,0.005638610630388035
2021-11-09,0.006172108976600017,0.003280951382678845
2021-11-10,0.014905391724233795,0.005167022325097279
2021-11-11,0.0004492624652958522,0.007854044381110458
2021-11-12,0.006089644783032056,0.00186436379590067
2021-11-15,0.0031864837580785395,0.005317813020938367
2021-11-16,0.004691707768162065,0.004118631336087879
2021-11-17,0.0013518475864039766,0.004768979235415856
2021-11-18,0.007636676882511118,0.0026328757966308522
2021-11-19,0.003170807942355977,0.005652143595722147
2021-11-22,0.016941220426792743,0.0038889353111494413
2021-11-23,0.012085811767613135,0.008356379254483293
2021-11-24,0.005982764022054932,0.007550439986036405
2021-11-26,0.017085435564789857,0.005780265472369772
2021-11-29,0.01351783945081825,0.009217291081015891
2021-11-30,0.02626888689803843,0.00840519731804104
2021-12-01,0.06642745905963056,0.011121724949829014
2021-12-02,0.025764685911322596,0.017584773101255346
2021-12-03,0.06350366964891156,0.012855495041722318
2021-12-06,0.028222468984241248,0.019075777653186528
2021-12-07,0.05461039659157977,0.01447737439092813
2021-12-08,0.005473357747015436,0.01907480901061449
2021-12-09,0.005565788405813709,0.007889630266877347
2021-12-10,0.010048764438914679,0.007799534741739473
2021-12-13,0.004754034666196687,0.009104172774524405
2021-12-14,0.017683159048869596,0.006682252071915116
2021-12-15,0.036468575783745606,0.009924015438152438
2021-12-16,0.020793285051649686,0.014114193469661942
2021-12-17,0.0251164262045297,0.011858448994590211
2021-12-20,0.0110118654221919,0.013077601984444652
2021-12-21,0.019303311627607886,0.009762706292659564
2021-12-22,0.005127785967715247,0.012062225851120037
2021-12-23,0.0056654006651780985,0.00706557827731205
2021-12-27,0.004026111935354327,0.007101893187946668
2021-12-28,0.0038715853725514626,0.005927600233159567
2021-12-29,0.0037488293150094525,0.005679993715801168
2021-12-30,0.004792029757520114,0.005005391712963247
2021-12-31,0.00247044572277679,0.005427220673141861
2022-01-03,0.008052813708658329,0.004041339724098196
2022-01-04,0.0095000601441578,0.006472087549381984
2022-01-05,0.019388150829965256,0.0071121092158168515
2022-01-06,0.016703499826214975,0.010188477501583543
2022-01-07,0.01042078551853199,0.010055435474451181
2022-01-10,0.04592710885093446,0.008752598764551141
2022-01-11,0.026210164516393086,0.01702419957370771
2022-01-12,0.010162106998484308,0.014461006933950582
2022-01-13,0.025193943472917407,0.010063198437831208
2022-01-14,0.010207498758052819,0.014294013024318658
2022-01-18,0.008109642143643318,0.01018835489808689
2022-01-19,0.021187888177997802,0.008514148365795593
2022-01-20,0.10175959050969867,0.011882448147256464
2022-01-21,0.036967874492344906,0.026156489689563387
2022-01-24,0.23047007213767062,0.018465737026905883
2022-01-25,0.10495886234127721,0.04557307176817375
2022-01-26,0.12499431507947315,0.03656758216037451
2022-01-27,0.07253190603521265,0.041414279256704496
2022-01-28,0.09022333762936792,0.03383861934479061
2022-01-31,0.032883235456985155,0.04828427293516519
2022-02-01,0.02535673963001487,0.028382596553418182
2022-02-02,0.014005496478482206,0.024079290963129402
2022-02-03,0.02374741710952817,0.01685865957814944
2022-02-04,0.04753837751148221,0.01989782878681566
2022-02-07,0.014103943456091471,0.025059395074005272
2022-02-08,0.019546331101775484,0.014340756688435988
2022-02-09,0.002465857538333797,0.01629771411980745
2022-02-10,0.06603408943433327,0.0065096216732281
2022-02-11,0.06263774599728737,0.02917919055498045
2022-02-14,0.025275288866929216,0.029378629935816816
2022-02-15,0.003359940931930464,0.020261281265089543
2022-02-16,0.020331973878972658,0.008312704279680267
2022-02-17,0.0475338691046717,0.018510778018569967
2022-02-18,0.02619409712521961,0.025921531511346005
2022-02-22,0.060308312454044846,0.01863643695241228
2022-02-23,0.036738291376085815,0.028528283757808245
2022-02-24,0.06983780569425735,0.023888426036470504
2022-02-25,0.03269089066697161,0.03333211326738314
2022-02-28,0.026632632087333186,0.023455494206763447
2022-03-01,0.05496625614468381,0.02138719309252974
2022-03-02,0.02843408506098576,0.03044186670273429
2022-03-03,0.02369252298019795,0.023338118584511725
2022-03-04,0.020387823504604063,0.020088295895304645
2022-03-07,0.03737224443454931,0.01851497265718547
2022-03-08,0.09751375458930425,0.023923859845880892
2022-03-09,0.028291192221020164,0.03751713177762152
2022-03-10,0.020470885551847333,0.02339639105414678
2022-03-11,0.02472515063976609,0.020566341409507374
2022-03-14,0.046379005534323337,0.022332363793373864
2022-03-15,0.027726651827714235,0.02873188752347336
2022-03-16,0.06351799979058192,0.020687300544180064
2022-03-17,0.01246826668916251,0.030646439200178007
2022-03-18,0.01655733314254184,0.016207592151969825
2022-03-21,0.021393851461633973,0.017778788243566525
2022-03-22,0.007216205408193136,0.01853065513309745
2022-03-23,0.00971954514375269,0.011579599355640987
2022-03-24,0.010687195619812899,0.010633364952846733
2022-03-25,0.011725853540081222,0.010884135973573747
2022-03-28,0.014013851460322047,0.010887760519580906
2022-03-29,0.013189111711442339,0.011136173875160773
2022-03-30,0.012150363131946448,0.01123424411055564
2022-03-31,0.01677456399005992,0.011302618678894438
2022-04-01,0.011473299253569737,0.013085735060678423
2022-04-04,0.006849908424859104,0.011349980581894846
2022-04-05,0.030929837262491905,0.009021297908002504
2022-04-06,0.01880035030810533,0.017008153643246378
2022-04-07,0.0273909343688531,0.014257592129298375
2022-04-08,0.013713967462701265,0.017019595225727175
2022-04-11,0.011533176335922404,0.01332037788267532
2022-04-12,0.04210497465009787,0.012656531694066189
2022-04-13,0.011498044535688224,0.02095000512667869
2022-04-14,0.015540721460523705,0.012711823832628696
2022-04-18,0.01058902355191177,0.013352208732486468
2022-04-19,0.0168238745341433,0.011474112850159182
2022-04-20,0.00822663138854847,0.013840983558947851
2022-04-21,0.05234426107192074,0.00913881122600477
2022-04-22,0.04621509396045606,0.02168001491321752
2022-04-25,0.05552127738746847,0.022985293742178114
2022-04-26,0.018641582954563373,0.027568134187194497
2022-04-27,0.04491478641051751,0.018664790205919858
2022-04-28,0.08537748338499716,0.027631042385023518
2022-04-29,0.07969277217489122,0.03736194222826893
2022-05-02,0.08555112472122996,0.041531715356207234
2022-05-03,0.02151652965082953,0.04490173732196378
2022-05-04,0.10224311675146139,0.027330169368328237
2022-05-05,0.11138054013020884,0.05213787271090024
2022-05-06,0.06155388565864145,0.05593131135519864
2022-05-09,0.047804178249499056,0.044687686115268896
2022-05-10,0.08204961954592345,0.039432023974948965
2022-05-11,0.0984707983285927,0.05138852546261512
2022-05-12,0.08812163990534662,0.05546265805826055
2022-05-13,0.02993540881663831,0.052501631091828434
2022-05-16,0.03182318853931951,0.03446380249249749
2022-05-17,0.025606273829886988,0.03473386058996397
2022-05-18,0.056844780813231084,0.030101801492536922
2022-05-19,0.04035820734456596,0.038159036916463156
2022-05-20,0.21841158485850892,0.03118991142134198
2022-05-23,0.03339484747257695,0.07536571063514626
2022-05-24,0.054157006513221126,0.03806810096880667
2022-05-25,0.030013897489427805,0.04657131153902971
2022-05-26,0.03076215820686406,0.036719215704172796
2022-05-27,0.012837215473040854,0.03665474149710799
2022-05-31,0.030287476468083517,0.019788081268341837
2022-06-01,0.046650334721918596,0.028526083736204487
2022-06-02,0.04401795969829009,0.032643480010311386
2022-06-03,0.013260366886096811,0.03307438552334758
2022-06-06,0.02195756331592551,0.020245385920223256
2022-06-07,0.02156569924193809,0.024476330511088242
2022-06-08,0.017650951379047944,0.023665446811466383
2022-06-09,0.04389768866168957,0.020273673537723677
2022-06-10,0.013379399329082584,0.028053623991678482
2022-06-13,0.04794360694907599,0.017876951613043094
2022-06-14,0.042461980974038985,0.030244280716486518
2022-06-15,0.12008078029019065,0.030407164735588497
2022-06-16,0.033227555321301123,0.053511848957640135
2022-06-17,0.04887069151495179,0.03306502141990289
2022-06-21,0.012993295407861158,0.03974753814193087
2022-06-22,0.05557339131324173,0.023322451382204748
2022-06-23,0.03009214153429619,0.038863980649781464
2022-06-24,0.015102975436388342,0.026981881728940737
2022-06-27,0.008892238009207968,0.02002310340685905
2022-06-28,0.07418973917558495,0.014879916855098258
2022-06-29,0.012378557129170948,0.037565785299059844
2022-06-30,0.057589951769689784,0.017807041378168312
2022-07-01,0.04026097493022682,0.03274028532991411
2022-07-05,0.04786341628182249,0.03069928872093231
2022-07-06,0.03295247358996996,0.03484805751358155
2022-07-07,0.026558048225670094,0.028790279799501196
2022-07-08,0.019474040072997568,0.027615316008355262
2022-07-11,0.007921658626444393,0.023086413388639055
2022-07-12,0.03896063925202404,0.01586133740551595
2022-07-13,0.0368801322187614,0.025865587295391894
2022-07-14,0.044729555470990306,0.025840034138260633
2022-07-15,0.014668002467623266,0.028892922817584828
2022-07-18,0.033322298179411874,0.019761086044016683
2022-07-19,0.021931557645073745,0.026876023439426463
2022-07-20,0.01891859445182394,0.022473644888749193
2022-07-21,0.028656969355240286,0.020260496687098343
2022-07-22,0.035194926622061834,0.022166119550761997
2022-07-25,0.008569415900938336,0.025053516255059173
2022-07-26,0.008348064059059765,0.014617986750901063
2022-07-27,0.03441450532759659,0.013781100095520266
2022-07-28,0.0477824986502806,0.023201022759149308
2022-07-29,0.018114393295518238,0.02715867959906017
2022-08-01,0.017211558124738634,0.018864842071451803
2022-08-02,0.027985679294010593,0.01926244511554757
2022-08-03,0.013992303868926212,0.023634017315485378
2022-08-04,0.005145711076223668,0.017968783985273466
2022-08-05,0.00703437941574107,0.010995432844439303
2022-08-08,0.021660402743248177,0.01110098922795093
2022-08-09,0.00432875549548204,0.015616660759473055
2022-08-10,0.0076072199431333155,0.008293136666912056
2022-08-11,0.01837187736734802,0.009008432554365337
2022-08-12,0.012871538770121748,0.012990814088687005
2022-08-15,0.006322515465210482,0.012242269184550876
2022-08-16,0.014026224866087013,0.008766614635212895
2022-08-17,0.0167065282438249,0.011882748684215112
2022-08-18,0.006116803571479934,0.013376775844512917
2022-08-19,0.007104188867221339,0.009143650483857726
2022-08-22,0.00935265522239643,0.008962175122040983
2022-08-23,0.009640399659588843,0.009869116710930341
2022-08-24,0.008820409681570066,0.009536199442914584
2022-08-25,0.0115104891075294,0.008521202290300298
2022-08-26,0.04666236081657701,0.009674872531607343
2022-08-29,0.016549160021630184,0.019386806770458218
2022-08-30,0.03240372480813476,0.015152077149337613
2022-08-31,0.01665902404797181,0.021121681532823455
2022-09-01,0.029196254624774064,0.01876621787156766
2022-09-02,0.061294770648967496,0.022988727853753485
2022-09-06,0.023181814647776876,0.02894078594267309
2022-09-07,0.023163994214330144,0.02374683496856025
2022-09-08,0.020917709191819824,0.023005245810181322
2022-09-09,0.010735192547902072,0.022853586012831068
2022-09-12,0.005232251743581539,0.018346017593002223
2022-09-13,0.052715637748115565,0.01175404703959079
2022-09-14,0.02097256453949934,0.02360229563370847
2022-09-15,0.037072445204059536,0.018943438913143797
2022-09-16,0.013307054709690042,0.023287027032978275
2022-09-19,0.008499013397050989,0.018620479951266224
2022-09-20,0.02010197913502912,0.017039518063922524
2022-09-21,0.07125511883531765,0.017819220712051758
2022-09-22,0.017218502863403984,0.029845017268591494
2022-09-23,0.045340271092519056,0.019985864786240114
2022-09-26,0.045113658323547044,0.02817392229946771
2022-09-27,0.06993551207579866,0.03150100553217151
2022-09-28,0.06054482629971556,0.039374315760539014
2022-09-29,0.0405690795777265,0.03730655825907595
2022-09-30,0.05979767951506972,0.03684447378706643
2022-10-03,0.06053429564550174,0.041380282887674466
2022-10-04,0.09733359176867794,0.042877692268345285
2022-10-05,0.05535806461545354,0.05006455363573605
2022-10-06,0.02850052760052164,0.044027771113144536
2022-10-07,0.11484671221864422,0.03736288116138432
2022-10-10,0.02983657141431492,0.05563905878176685
2022-10-11,0.052090633324774954,0.03964352491639999
2022-10-12,0.010201580066433808,0.04102874348888881
2022-10-13,0.15665872175686524,0.026136561411080055
2022-10-14,0.08055229660472693,0.060474476646978026
2022-10-17,0.10396063171461675,0.04962259373616189
2022-10-18,0.04623354403305131,0.05908431807309834
2022-10-19,0.03661804975339253,0.04933676369662321
2022-10-20,0.055269555772579616,0.04874172585964697
2022-10-21,0.057340506648643305,0.04542593015297056
2022-10-24,0.036848030340763324,0.04390118386276829
2022-10-25,0.012306594031610371,0.03449141654933456
2022-10-26,0.03297955065683171,0.024890832209375716
2022-10-27,0.0213510957979503,0.030359949331186804
2022-10-28,0.02733928910843924,0.02474415494376442
2022-10-31,0.008267630226178753,0.023350149404618034
2022-11-01,0.021952228157081952,0.016951598921991707
2022-11-02,0.11125869752993674,0.020493661723580654
2022-11-03,0.026572919869318763,0.03578333991991664
2022-11-04,0.07042407325285757,0.029911809601303255
2022-11-07,0.01899122771003853,0.03879342049463562
2022-11-08,0.04690038873387973,0.033280140818179864
2022-11-09,0.027132609726752632,0.040013512009958306
2022-11-10,0.04505490251622378,0.029436651679074884
2022-11-11,0.021145056862520346,0.0334802053994357
2022-11-14,0.021351754240984313,0.02538584292760983
2022-11-15,0.044239496724793985,0.025620742809913454
2022-11-16,0.0060755516854572676,0.027965642220276265
2022-11-17,0.009883042534258072,0.019464656933936935
2022-11-18,0.016528195701265326,0.017257231474856367
2022-11-21,0.00809366212204901,0.017962976890632754
2022-11-22,0.012730450994629775,0.014840137076532067
2022-11-23,0.005275294979576395,0.01176312205739113
2022-11-25,0.001311210066073403,0.010326517868034898
2022-11-28,0.01961966352317332,0.007618783228410057
2022-11-29,0.012483482461615555,0.011512689532219516
2022-11-30,0.06865530122769409,0.01189731566743218
2022-12-01,0.019797832368305714,0.024367309386410407
2022-12-02,0.012219119731456415,0.021251068085010837
2022-12-05,0.02424671489984508,0.020986182358176935
2022-12-06,0.03673997727983623,0.024089940547789995
2022-12-07,0.010912836209878235,0.02869309047471744
2022-12-08,0.01273541701631884,0.01797182678971233
2022-12-09,0.014377733043824783,0.017842684513678462
2022-12-12,0.010135340570991316,0.018515620697354882
2022-12-13,0.06012542041059677,0.016069601903655716
2022-12-14,0.06325102143140382,0.024908883797199393
2022-12-15,0.030698905648504426,0.03142962448681253
2022-12-16,0.023846838597392197,0.02967460445623463
2022-12-19,0.01868343472298739,0.029184795477799678
2022-12-20,0.015579139442776132,0.02868383216508486
2022-12-21,0.013093366948727527,0.023879586898810878
2022-12-22,0.11029667256823525,0.018259229300261675
2022-12-23,0.014897780181074467,0.036293397660578486
2022-12-27,0.009322582346032338,0.024971477118509503
2022-12-28,0.027633480439886324,0.022266255555783137
2022-12-29,0.014310155501376792,0.027927886908032943
2022-12-30,0.012845704158993148,0.027045995296402423
2023-01-03,0.05544268855370839,0.016438233037375356
2023-01-04,0.02948584490886473,0.024149887733777124
2023-01-05,0.004583886282639235,0.025017783126506713
2023-01-06,0.06298773001807012,0.0189170284123906
2023-01-09,0.02596652382181173,0.02975055263357869
2023-01-10,0.008882295876552445,0.028670156260831893
2023-01-11,0.007700347747896153,0.021541167541994033
2023-01-12,0.029635097899885398,0.019028119878014924
2023-01-13,0.011850168405473116,0.024378558655662057
2023-01-17,0.007657931429778121,0.016831170306330474
2023-01-18,0.027649312545532156,0.014041387676984457
2023-01-19,0.011806579663364606,0.018485037139498915
2023-01-20,0.027005392331703536,0.017651210756357626
2023-01-23,0.02861243805539856,0.0186600459342932
2023-01-24,0.008668948235781137,0.02089510676586336
2023-01-25,0.02884234558955159,0.01885219182220186
2023-01-26,0.017034742711068026,0.021624546230387065
2023-01-27,0.01462111967036241,0.021221305728586486
2023-01-30,0.015329917976288477,0.01940399881294452
2023-01-31,0.008569724531077674,0.01785523973984351
2023-02-01,0.07872778960772912,0.01649201110548051
2023-02-02,0.019434538691809743,0.024117647441594732
2023-02-03,0.02508292296017604,0.022856695450556897
2023-02-06,0.007638057970812162,0.02416123399103914
2023-02-07,0.03615336000713436,0.02217600841080602
2023-02-08,0.012160673744455161,0.02647861041961245
2023-02-09,0.02655229972102984,0.01858856211090533
2023-02-10,0.006167499466999446,0.020072895607107604
2023-02-13,0.006975380733450232,0.016738329632766714
2023-02-14,0.03065976514601852,0.01674332523619792
2023-02-15,0.008106019994434093,0.017235632458591634
2023-02-16,0.01685952354567546,0.0157485947634282
2023-02-17,0.00831352533950368,0.015038152865412394
2023-02-21,0.012752320370934904,0.01483382165640605
2023-02-22,0.01277746475499299,0.01584070437531172
2023-02-23,0.027498881633347693,0.013507912658149622
2023-02-24,0.009928249606056216,0.016594543878021974
2023-02-27,0.013508820136395224,0.014981865096759011
2023-02-28,0.007222179346502627,0.015842729689504592
2023-03-01,0.008566282319160784,0.014720383339975072
2023-03-02,0.016183350652500192,0.014297316933569735
2023-03-03,0.010841543089485655,0.012379092583112658
2023-03-06,0.008857846348794267,0.012317146457278199
2023-03-07,0.01594956429328948,0.011605479392281485
2023-03-08,0.007565241429236274,0.01288158816808341
2023-03-09,0.054737035893673736,0.012653806718968616
2023-03-10,0.04851296623003484,0.017863295299613575
2023-03-13,0.07209667821240288,0.02215230708690632
2023-03-14,0.03292689515125084,0.02866722564507377
2023-03-15,0.020718492741912575,0.03011740973941738
2023-03-16,0.03042637643923947,0.031211548569976058
2023-03-17,0.021515170779236953,0.029138277903005414
2023-03-20,0.00830731822387866,0.02656093750888893
2023-03-21,0.009984813054342729,0.019739703811206807
2023-03-22,0.05940230503640306,0.017109299389214544
2023-03-23,0.06229762218308168,0.02199875925784581
2023-03-24,0.02430427147902203,0.02550755960894018
2023-03-27,0.0073762107377594935,0.025552790349508577
2023-03-28,0.006310441687496514,0.02516654980548592
2023-03-29,0.005487049036660748,0.024743210097310727
2023-03-30,0.005112116476833248,0.01894485854720563
2023-03-31,0.007016016580913224,0.011462493064251322
2023-04-03,0.0038827612426986687,0.009424026612566435
2023-04-04,0.011415227132787585,0.008370221568389404
2023-04-05,0.005984152934597187,0.010122043485880887
2023-04-06,0.007527585091808202,0.009565434456217119
2023-04-10,0.0052231493520532015,0.010132526362387468
2023-04-11,0.0036585583525751593,0.009425760912613292
2023-04-12,0.008333889199497041,0.008977961372731411
2023-04-13,0.014948973882631564,0.009090817987428881
2023-04-14,0.018658817411549775,0.010892808148676807
2023-04-17,0.0046929647577972225,0.01261141126938875
2023-04-18,0.005285244295931913,0.010889291482118767
2023-04-19,0.0041775106125567585,0.01112838801523034
2023-04-20,0.008475854012681918,0.01041078973284272
2023-04-21,0.00468950304656297,0.010341442834616112
2023-04-24,0.004297765671853205,0.0077346921567386625
2023-04-25,0.008117395984780845,0.007374455422657136
2023-04-26,0.009315263369076518,0.00815949140686518
2023-04-27,0.009600056598651811,0.008978825448379009
2023-04-28,0.0037634774424775545,0.009172293081292698
2023-05-01,0.004011417200349897,0.008262203870666321
2023-05-02,0.02767148549665275,0.008272110158349081
2023-05-03,0.02131073523381863,0.011042687055439992
2023-05-04,0.007635322480366979,0.012241303086789043
2023-05-05,0.011248937991830384,0.011018939179675448
2023-05-08,0.002817773083339177,0.012146058677114694
2023-05-09,0.0014361539186324996,0.01068277280199268
2023-05-10,0.023294622564612552,0.007786218087452183
2023-05-11,0.0044909836625090516,0.010216162710323511
2023-05-12,0.013635867965455305,0.008542522118224368
2023-05-15,0.007250503700921289,0.009644436913035008
2023-05-16,0.0034590399275446185,0.009546688505191192
2023-05-17,0.015388734820475302,0.009165519788964184
2023-05-18,0.007607705479689698,0.009551066913885858
2023-05-19,0.006819861553599473,0.009377110360750032
2023-05-22,0.006624410489387167,0.008514482323808007
2023-05-23,0.013438366379330003,0.008433196188338751
2023-05-24,0.0054207744179191435,0.010191328348393359
2023-05-25,0.01031923913796987,0.008334288181635225
2023-05-26,0.00969852930999378,0.009126546246028253
2023-05-30,0.008620850414750438,0.00941499119394996
2023-05-31,0.006396015517829684,0.009580705549841428
2023-06-01,0.019180568140216524,0.008564432767674794
2023-06-02,0.009636617259910487,0.010224163960382737
2023-06-05,0.006524472923282994,0.00954328599376331
2023-06-06,0.0036436505500623147,0.008986175503955697
2023-06-07,0.006576882316983704,0.008101798761545941
2023-06-08,0.006491535809096734,0.008506326766152513
2023-06-09,0.0066183959091679545,0.0072441984295864075
2023-06-12,0.004972637067871166,0.006766919763695537
2023-06-13,0.003912841790417124,0.006457156192654357
2023-06-14,0.019788532599319765,0.006296568880052932
2023-06-15,0.01846154826121798,0.008714778453942326
2023-06-16,0.007593545346445845,0.010037189754935389
2023-06-20,0.007333445720223686,0.00941941384917033
2023-06-21,0.003933463382663217,0.009596482110767822
2023-06-22,0.0027020427800776,0.009148801221000702
2023-06-23,0.004451541890406151,0.007399568762559137
2023-06-26,0.007137887322970833,0.0060893126011262715
2023-06-27,0.008700404250994567,0.006255729246612506
2023-06-28,0.0051667212281750535,0.006500694831466847
2023-06-29,0.002599567864914438,0.006368560894585488
2023-06-30,0.00485802178320352,0.006002379720852326
2023-07-03,0.0009728565856204671,0.006308044482434734
2023-07-05,0.0018039138069322694,0.003997413157724135
2023-07-06,0.00602475010853241,0.003580030621061242
2023-07-07,0.012229668554433555,0.004269530599662462
2023-07-10,0.0022073280023286275,0.005898159949571286
2023-07-11,0.006047681243708704,0.0044802363833447495
2023-07-12,0.00411320943058832,0.005570740720100927
2023-07-13,0.004035384056632122,0.00547421705459059
2023-07-14,0.004434284910427172,0.005282765279540608
2023-07-17,0.0036369692395429604,0.004617680402275549
2023-07-18,0.0077623043788386204,0.004476997254467681
2023-07-19,0.003255031110016064,0.0049617006024181495
2023-07-20,0.006338147269291375,0.004320814999926204
2023-07-21,0.0009516484367004592,0.004897637414326137
2023-07-24,0.0042705382078536015,0.0035708753528558216
2023-07-25,0.003918562052039333,0.004392061426956165
2023-07-26,0.007416582306856458,0.003978004422898037
2023-07-27,0.01782305963948952,0.004735810029843922
2023-07-28,0.016516601956498806,0.006549460386525811
2023-07-31,0.0026176665402062966,0.007936333673664527
2023-08-01,0.0018533754587708312,0.006194329274681103
2023-08-02,0.006106537729305531,0.005769555219070481
2023-08-03,0.006997940449579254,0.006477068467432043
2023-08-04,0.020012574115554838,0.005962801009221303
2023-08-07,0.0032487377476199428,0.007475600761177201
2023-08-08,0.018294848536996405,0.005665780679695854
2023-08-09,0.006100578453327892,0.008768370633115447
2023-08-10,0.028203436863774245,0.007478911713884379
2023-08-11,0.005751353098181237,0.011234175804718177
2023-08-14,0.0031229855511606774,0.008202121465964355
2023-08-15,0.006387064239534573,0.007483232837583727
2023-08-16,0.009975225118110127,0.007622132214836717
2023-08-17,0.009137986617566863,0.00842476047544354
2023-08-18,0.008786162721539563,0.006985033215076691
2023-08-21,0.013466544821993715,0.007226413781126999
2023-08-22,0.003882387596992646,0.008693443875519423
2023-08-23,0.006360052730955331,0.007093256692131582
2023-08-24,0.014791041923866152,0.007386294274347093
2023-08-25,0.025211364255341186,0.008906012349216673
2023-08-28,0.007464201262169604,0.011023758460016256
2023-08-29,0.010207554218656208,0.008746085496128077
2023-08-30,0.004111380029567834,0.009669762052141609
2023-08-31,0.0035975952974639357,0.008377719468820512
2023-09-01,0.007966215674491234,0.007709776579315203
2023-09-05,0.0011541201289981013,0.007141341415818019
2023-09-06,0.011670699900096665,0.004983162428849233
2023-09-07,0.0035123528982193225,0.0068907237528100145
2023-09-08,0.004030985745777122,0.0057367175455506755
2023-09-11,0.003305269370547274,0.0058527821248211
2023-09-12,0.005768499132043894,0.0050464114160179456
2023-09-13,0.00433259316591745,0.005833250628443305
2023-09-14,0.006242456953706042,0.004967614892640829
2023-09-15,0.006239944223025622,0.005474349030161893
2023-09-18,0.0035496050732879694,0.005641973604452773
2023-09-19,0.007250225060285362,0.0052188307196813525
2023-09-20,0.008942928132078634,0.005819411396173823
2023-09-21,0.005436780319340815,0.006314748428686118
2023-09-22,0.009247490013105882,0.005892591627258756
2023-09-25,0.0036544951655890262,0.006585623976094417
2023-09-26,0.010402220495039515,0.005729563650487485
2023-09-27,0.019614802436297058,0.006529087649326458
2023-09-28,0.015016376389384073,0.008095365515511972
2023-09-29,0.014909131465735597,0.008551126329359636
2023-10-02,0.011616618546147251,0.00910428639832901
2023-10-03,0.029731744676503837,0.009368134677008404
2023-10-04,0.013058674219045496,0.01186664382332244
2023-10-05,0.012395569093989664,0.010787000262874888
2023-10-06,0.046265806501940634,0.010596248735329036
2023-10-09,0.011803969719298214,0.014785550971441163
2023-10-10,0.013330691430042705,0.013042777205352797
2023-10-11,0.0074649958811884125,0.012481122024454503
2023-10-12,0.019380392739341005,0.011502375704786507
2023-10-13,0.02185278399101341,0.013290188135132093
2023-10-16,0.005936562665118611,0.012076157023049913
2023-10-17,0.0162146047293582,0.010227355186119242
2023-10-18,0.016770214180907395,0.011662215970936137
2023-10-19,0.023550165972506556,0.012467462391934784
2023-10-20,0.008465033755749255,0.013371527362010477
2023-10-23,0.0310218447187837,0.011230692688297565
2023-10-24,0.01121253928991998,0.0148766283738049
2023-10-25,0.006785331683252543,0.013219659349323487
2023-10-26,0.015465154354632707,0.011915812650570574
2023-10-27,0.014525229190162019,0.012309084350025217
2023-10-30,0.012257565127049043,0.012660855315532004
2023-10-31,0.01128176706715323,0.011032964385404586
2023-11-01,0.01013912027704469,0.010977521080406493
2023-11-02,0.0037743612305334174,0.01088810150059858
2023-11-03,0.005933212666663507,0.009019081659906596
2023-11-06,0.004039211279510961,0.008777583013188506
2023-11-07,0.005500100402059399,0.007456806476611882
2023-11-08,0.006811584722239162,0.00714536685859295
2023-11-09,0.006261055278989281,0.006930332824662886
2023-11-10,0.022340877389351716,0.007100028327153608
2023-11-13,0.005050331068723721,0.009657082123094811
2023-11-14,0.007068290834992553,0.008172225170998994
2023-11-15,0.004051257424610965,0.008583882248890678
2023-11-16,0.0032243841686497854,0.007797568721306802
2023-11-17,0.0026734387671932857,0.0072815388327582995
2023-11-20,0.0064416452983326565,0.005446785535330615
2023-11-21,0.00288693720228242,0.006090772452599483
2023-11-22,0.0037705174921880314,0.004963494134917316
2023-11-24,0.00033580968488778815,0.005006502872001666
2023-11-27,0.0011975418270371572,0.0036099602467012854
2023-11-28,0.004331774743080405,0.003860283401645617
2023-11-29,0.007252157470251711,0.00406844746987174
2023-11-30,0.006720910763319503,0.004749256503480571
2023-12-01,0.006982439183054522,0.004814331813421647
2023-12-04,0.01324528282559815,0.005416483469630932
2023-12-05,0.0036377411280976483,0.007097490377291044
2023-12-06,0.004751064142611222,0.005742557863737634
2023-12-07,0.0032889465258677687,0.00582781974879446
2023-12-08,0.004023852486743467,0.005258308731554885
2023-12-11,0.0019007799397475534,0.005186184492763296
2023-12-12,0.004865318111665291,0.0037361096739828344
2023-12-13,0.009336680521608803,0.004277695638880597
2023-12-14,0.011271222585343146,0.00522418711988643
2023-12-15,0.006112316209335396,0.006120191873731122
2023-12-18,0.004983894393871844,0.005740337898188204
2023-12-19,0.0011109300748790366,0.0057868510509894435
2023-12-20,0.022697086382558806,0.004373285478240764
2023-12-21,0.008918671792979473,0.008285587660696024
2023-12-22,0.0075903630049759365,0.007094292504248317
2023-12-26,0.0026639532359104888,0.007060191651149121
2023-12-27,0.0012518972633078973,0.005898654726473835
2023-12-28,0.0009064154352150151,0.005254941933212336
2023-12-29,0.007165896536287164,0.003727526067073187
2024-01-02,0.0056127323337902164,0.004957317611274485
2024-01-03,0.0040221075156675855,0.004686188622448016
2024-01-04,0.008294579765772483,0.004487095784641742
2024-01-05,0.009151243671930088,0.0056054630104229106
2024-01-08,0.006908276704954483,0.006310351292512997
2024-01-09,0.005454871372154041,0.006007633556918699
2024-01-10,0.0046561954581039395,0.0057716385290494535
2024-01-11,0.018504043098447193,0.005648031456995241
2024-01-12,0.005716369969952416,0.008159807528819072
2024-01-16,0.006995788729645507,0.006427181752043888
2024-01-17,0.004739572045106117,0.006644319015566001
2024-01-18,0.009385683601843268,0.00607698316565919
2024-01-19,0.011267023632757814,0.0071778312352527756
2024-01-22,0.0030718388839598315,0.0071022892329028085
2024-01-23,0.0023511108511318685,0.005493131003471761
2024-01-24,0.005637289357484711,0.0048069500970516115
2024-01-25,0.004449711727324605,0.005652545242322011
2024-01-26,0.003511010094412274,0.005092868668331697
2024-01-29,0.004415137071642077,0.004378739374490254
2024-01-30,0.0011483312505716963,0.0046988154547106965
2024-01-31,0.0070483266416824005,0.003604768219661168
2024-02-01,0.007120685439640675,0.005136107901036711
2024-02-02,0.014768463658988628,0.005465041767854073
2024-02-05,0.008424247687239284,0.007370078659451995
2024-02-06,0.002584886056392703,0.006777757330341523
2024-02-07,0.003837088927160935,0.005284154018469832
2024-02-08,0.0010492451971216028,0.005570330375137565
2024-02-09,0.0028627980287966367,0.003957271383963015
2024-02-12,0.005302541294121103,0.004165602050027431
2024-02-13,0.020878481103905288,0.004387248543351024
2024-02-14,0.009891626913233528,0.007745263960777628
2024-02-15,0.002941368273205957,0.006995921801797882
2024-02-16,0.006664495530294236,0.00546859364300414
2024-02-20,0.007654813756397933,0.0066725847487132455
2024-02-21,0.006184525806984286,0.006949154045973484
2024-02-22,0.010103752248303533,0.005921473293128425
2024-02-23,0.0037128430261045135,0.006661989816966984
2024-02-26,0.0020695014623054882,0.005405969245987706
2024-02-27,0.0028387553998583314,0.004538131609420011
2024-02-28,0.0014480494713449972,0.004578406703409309
2024-02-29,0.009426512037052902,0.003686198197646935
2024-03-01,0.005213727570672776,0.005501417861799635
2024-03-04,0.0022893784118873536,0.0049543372371862095
2024-03-05,0.012858876568412437,0.004009611682652178
2024-03-06,0.006208261943504921,0.007014065967488305
2024-03-07,0.01668194979877507,0.005925168906740178
2024-03-08,0.018749245578247354,0.008281818682000798
2024-03-11,0.005291548927452747,0.009309801132420687
2024-03-12,0.0161969657568817,0.00671040025721004
2024-03-13,0.003237513995223574,0.009376660402283164
2024-03-14,0.011930638327456578,0.005960228574688682
2024-03-15,0.0061568978341497846,0.00825182254178991
2024-03-18,0.003928209868833068,0.006450793094541816
2024-03-19,0.0067061530763699116,0.005670232257227814
2024-03-20,0.006376380160424007,0.006170224699578589
2024-03-21,0.0017250988403224865,0.006211884662879833
2024-03-22,0.0009550000911418278,0.003985606449471619
2024-03-25,0.0008355175989314423,0.0031686245913395057
2024-03-26,0.002604160639849729,0.0029220867079198026
2024-03-27,0.0056549764824665736,0.003728929890173035
2024-03-28,0.0015315211036145348,0.004561546767873095
2024-04-01,0.004370631260411501,0.0031819091694911825
2024-04-02,0.0028076085739192173,0.004469860239674406
2024-04-03,0.003992691206544689,0.004064306713979042
2024-04-04,0.01831965471676786,0.00453722914339878
2024-04-05,0.013721076918589387,0.007261170435435914
2024-04-08,0.0023858265577184345,0.007486393982332169
2024-04-09,0.01876671816703618,0.0049926538819652505
2024-04-10,0.007745096263039133,0.00848275248583858
2024-04-11,0.023975258758234697,0.007140585004528221
2024-04-12,0.01720710077471367,0.009402973474734485
2024-04-15,0.023964927917987346,0.008989936905410568
2024-04-16,0.00835512592026333,0.010461148853303084
2024-04-17,0.013513170327819547,0.008091167188155514
2024-04-18,0.013203725347657855,0.009210559017844164
2024-04-19,0.014995821957808061,0.008903989060289405
2024-04-22,0.023054530088243756,0.00914354858246451
2024-04-23,0.0157016690628571,0.010155880331290598
2024-04-24,0.008370608095748171,0.009673588065816191
2024-04-25,0.015892575724013577,0.00834083736170864
2024-04-26,0.00715813238057669,0.009744971414468617
2024-04-29,0.005957306510214598,0.007988288662045559
2024-04-30,0.011792517464504002,0.007162985956906305
2024-05-01,0.03392236853766134,0.00817429670199164
2024-05-02,0.019744573547268576,0.011629435834295678
2024-05-03,0.007689146859948075,0.011306524074473485
2024-05-06,0.002288828686006255,0.009233892125016437
2024-05-07,0.002050329447347455,0.006995535539156524
2024-05-08,0.001832860132696346,0.006533107996194805
2024-05-09,0.0029266559971637862,0.005088946047141613
2024-05-10,0.0039792130535144426,0.004474465784001419
2024-05-13,0.0030082410044683754,0.004356468969798097
2024-05-14,0.0032288363777036528,0.004143817949801628
2024-05-15,0.005414903247802627,0.00426490234228224
2024-05-16,0.0034909772296202253,0.00509230961546274
2024-05-17,0.002041633458717217,0.004653852115560316
2024-05-20,0.0024754622994851722,0.003980537775165175
2024-05-21,0.0011920621284118823,0.004065819561684044
2024-05-22,0.006188871626311344,0.003278126470696016
2024-05-23,0.0143908495456883,0.00468538448759538
2024-05-24,0.004302143925959104,0.006704244038907122
2024-05-28,0.005135481198030136,0.005273772866376431
2024-05-29,0.0016496760030006803,0.005624978677744927
2024-05-30,0.005596535729595536,0.0044235498010742474
2024-05-31,0.033457388687413304,0.005658998210115612
2024-06-03,0.019989517529664737,0.009651429441158004
2024-06-04,0.006659779681399575,0.010661858490365555
2024-06-05,0.010614332812029397,0.007811405060893015
2024-06-06,0.0032818519291242586,0.009257246778668536
2024-06-07,0.00829719371933248,0.006514064249791455
2024-06-10,0.0030664879790446775,0.007435198400588082
2024-06-11,0.008033643874766508,0.00485967950598337
2024-06-12,0.006229932677252378,0.006499052829047669
2024-06-13,0.005849588797356884,0.005758885925251853
2024-06-14,0.0025703218507247944,0.005801923157546657
2024-06-17,0.01203778553142142,0.004292133296121148
2024-06-18,0.0009267826526963793,0.007359061973164987
2024-06-20,0.008324004155398442,0.003250430067401882
2024-06-21,0.0029374187009140467,0.006273586245063267
2024-06-24,0.007126780227775179,0.004481583841285288
2024-06-25,0.003013744615621386,0.006092668183140405
2024-06-26,0.0032896446399585015,0.00428334670883964
2024-06-27,0.0020093338347421568,0.004540054574066938
2024-06-28,0.019832771639520266,0.0035860410958453767
2024-07-01,0.0047756938520839495,0.008504158723816449
2024-07-02,0.0029328800242777227,0.005504240046391264
2024-07-03,0.0017398835483686149,0.004858113834083651
2024-07-05,0.00374165268914486,0.004443032226163256
2024-07-08,0.0017264245138539506,0.005366139140473297
2024-07-09,0.0010607449492318157,0.0034257023545990607
2024-07-10,0.004050702307396459,0.0027825548532093825
2024-07-11,0.009366422017776018,0.003872379954677347
2024-07-12,0.01531901327567509,0.0055094198098961135
2024-07-15,0.010742708582766287,0.0071999716833161705
2024-07-16,0.002501398591369184,0.007269189341271876
2024-07-17,0.005060724707967752,0.005351754708909247
2024-07-18,0.023011393998384862,0.006293810014145627
2024-07-19,0.012023804837815648,0.0096380862846697
2024-07-22,0.006574234299773543,0.008143975575341352
2024-07-23,0.004713749706993289,0.006933208487286145
2024-07-24,0.014407907379449195,0.0065418365381037045
2024-07-25,0.040021012932486,0.008850682138555065
2024-07-26,0.012277928940788852,0.011949873597148887
2024-07-29,0.007437333624644098,0.009204281536198691
2024-07-30,0.027286919948274233,0.008264216586604716
2024-07-31,0.013491284476431413,0.012003610537683295
2024-08-01,0.07069807712350352,0.010226140361453112
2024-08-02,0.028476504334371277,0.015937912088137298
2024-08-05,0.07142908841052438,0.015202281276945624
2024-08-06,0.06173503942712973,0.021583857675381023
2024-08-07,0.049698464232806175,0.02184149487164513
2024-08-08,0.024676957163946984,0.021717154211712664
2024-08-09,0.012302863405501258,0.01692673118538833
2024-08-12,0.009818937541156541,0.013892376803479737
2024-08-13,0.0054353067978159236,0.0114389292519081
2024-08-14,0.009760715308844845,0.008227385841116928
2024-08-15,0.004243650396401168,0.0076218430135329435
2024-08-16,0.0031621199918825576,0.005258565680589057
2024-08-19,0.005972800277252279,0.004426025145957153
2024-08-20,0.004903211286851591,0.004886529639392842
2024-08-21,0.021783590267955007,0.004625989972143739
2024-08-22,0.014601188357757389,0.007669814960242618
2024-08-23,0.011415205352184932,0.007697313659399096
2024-08-26,0.007679470626687488,0.007806077424820558
2024-08-27,0.004288598834443845,0.007198301457147301
2024-08-28,0.015028744091200632,0.006241142109493272
2024-08-29,0.0157544088578798,0.008022794223738425
2024-08-30,0.017371299773721798,0.008184129556454204
2024-09-03,0.030060980411441472,0.00890236480505776
2024-09-04,0.01003563435807341,0.014028303620235933
2024-09-05,0.018141162689167017,0.010291063551904152
2024-09-06,0.032547309251677314,0.012430915090427022
2024-09-09,0.009712242052929943,0.01577082806295271
2024-09-10,0.01399828368393416,0.010638421728997068
2024-09-11,0.08917304498168004,0.011138357079152455
2024-09-12,0.012852599758305109,0.025040128873616452
2024-09-13,0.0034897495201462883,0.01378491248985566
2024-09-16,0.003745224817442252,0.008620194076313543
2024-09-17,0.012033691200156266,0.008652737910474568
2024-09-18,0.02272202949353612,0.01224388386937054
2024-09-19,0.008919940612277055,0.011060716880712723
2024-09-20,0.006661177929982279,0.008113624674482948
2024-09-23,0.0019012718559483308,0.007590739422304029
2024-09-24,0.005291972103529128,0.005127316818028785
2024-09-25,0.0030773916351547626,0.00663374334215744
2024-09-26,0.007619178778405523,0.0045646961226064936
2024-09-27,0.004459486675810026,0.005889994484268288
2024-09-30,0.012008155400632428,0.0048352707106463135
2024-10-01,0.01837003325851653,0.007488710533826323
2024-10-02,0.007985869190148147,0.009655592455143388
2024-10-03,0.007200043518357804,0.007838055980319593
2024-10-04,0.010584762121200937,0.007551174068426306
2024-10-07,0.007368680684050461,0.008860696241770931
2024-10-08,0.004712737446201184,0.007613752038509825
2024-10-09,0.005481000600819299,0.0059799932442169135
2024-10-10,0.003587733418243451,0.006141725155242022
2024-10-11,0.0037320314173067463,0.005022301885752327
2024-10-14,0.004886508903102009,0.004708841403816393
2024-10-15,0.008416676311832951,0.0049880114973353505
2024-10-16,0.0037613856942553705,0.0062606166344537076
2024-10-17,0.002174974915691748,0.004687640517382718
2024-10-18,0.002840199572997649,0.0038063496149756708
2024-10-21,0.006688494164144206,0.004093233934816758
2024-10-22,0.004824726400241147,0.005556654242178969
2024-10-23,0.01694124060896669,0.004757883393887348
2024-10-24,0.004430060296560756,0.008417927582742419
2024-10-25,0.013415945236060328,0.005524401769791771
2024-10-28,0.0009054158795406216,0.008627836701544107
2024-10-29,0.006436288238515119,0.003406257460731379
2024-10-30,0.0055829204732807175,0.006555598363309821
2024-10-31,0.005663688566984973,0.005651817077083646
2024-11-01,0.009301205573721598,0.005652113367857669
2024-11-04,0.007674836766622507,0.0063890456724046045
2024-11-05,0.004309032383462299,0.006365963904829653
2024-11-06,0.014606235371768856,0.005191940919939927
2024-11-07,0.0029805587007650696,0.00824668565266161
2024-11-08,0.003130167543888802,0.004857159317447462
2024-11-11,0.0032349137727308275,0.004705961415721538
2024-11-12,0.007699444242064251,0.004569419961758704
2024-11-13,0.006434850249131201,0.006232436486140885
2024-11-14,0.005139940190943115,0.005419009455437516
2024-11-15,0.010255861102573548,0.005167303157921464
2024-11-18,0.005237129426993315,0.0069180874742827995
2024-11-19,0.009123784307026667,0.005671758356717595
2024-11-20,0.013838334477856385,0.006858796341758732
2024-11-21,0.02118190860250533,0.008274838472670559
2024-11-22,0.002264511611281664,0.010347896290115786
2024-11-25,0.010210403381713407,0.004850887057830243
2024-11-26,0.0027970711801918145,0.00805704033501328
2024-11-27,0.0037552440302913445,0.005151368415889946
2024-11-29,0.0032410658882707226,0.0053219885597224625
2024-12-02,0.0010679661281185885,0.004316975013231082
2024-12-03,0.001074591116796162,0.0030942472883635414
2024-12-04,0.001911801571549753,0.0026409874344729524
2024-12-05,0.0013590375846308752,0.0030615522786671882
2024-12-06,0.0013961016111403485,0.002580452461376745
2024-12-09,0.0025026437524057164,0.002413162920468517
2024-12-10,0.0028904606330013923,0.003027112766335223
2024-12-11,0.002189526495566772,0.0033363882945321075
2024-12-12,0.0014057439018093877,0.0030903278766741746
2024-12-13,0.0051507681864419,0.002695649843288211
2024-12-16,0.0020972763602176855,0.004322631899411392
2024-12-17,0.0017925322606302543,0.0032677379182943665
2024-12-18,0.06319331924960489,0.003024314619534705
2024-12-19,0.010770460825872226,0.014845821511036384
2024-12-20,0.05527206631156183,0.009035302232844442
2024-12-23,0.01702259066908908,0.017140488830059825
2024-12-24,0.0046671709479656305,0.012373914303845768
2024-12-26,0.005855393644148515,0.008450427078664701
2024-12-27,0.01583036859808776,0.007923146114684367
2024-12-30,0.019545460729008975,0.010893382866292031
2024-12-31,0.009992129310348903,0.010333932194342286
