date,y_true_rv_gk_h5,y_hmm_h5_pred
2020-01-31,0.005948729253283416,0.006355954981019435
2020-02-03,0.0047830563793221075,0.00642349805207158
2020-02-04,0.0048212935291410425,0.006355954981019435
2020-02-05,0.0038132374001227628,0.00642349805207158
2020-02-06,0.004584229348037263,0.006355954981019435
2020-02-07,0.003870376029602696,0.00642349805207158
2020-02-10,0.004419019673352851,0.006350328461286825
2020-02-11,0.003847823124337929,0.006350328461286825
2020-02-12,0.008956957540675738,0.006350328461286825
2020-02-13,0.009413914338261348,0.006350328461286825
2020-02-14,0.04449062464947926,0.006350328461286825
2020-02-18,0.06022146819297543,0.00642349805207158
2020-02-19,0.07227938239817179,0.006355954981019435
2020-02-20,0.1070179833613957,0.00642349805207158
2020-02-21,0.1375240653185434,0.006355954981019435
2020-02-24,0.13673383530319602,0.00642349805207158
2020-02-25,0.17311237895129297,0.006355954981019435
2020-02-26,0.17663327759547753,0.00642349805207158
2020-02-27,0.15466249308851449,0.006355954981019435
2020-02-28,0.13958669978834742,0.00642349805207158
2020-03-02,0.1418865058979589,0.006355954981019435
2020-03-03,0.15707793661812938,0.11249151961730403
2020-03-04,0.17118263407152506,0.11249151961730403
2020-03-05,0.27134246483282315,0.11249151961730403
2020-03-06,0.4403547246508845,0.11249151961730403
2020-03-09,0.5603620548732149,0.006356512807289467
2020-03-10,0.6240999956529615,0.006253952917658186
2020-03-11,0.7732344802958548,0.006356512807289467
2020-03-12,0.755173670134023,0.006253952917658186
2020-03-13,0.6179537864710658,0.006356512807289467
2020-03-16,0.5158800182535123,0.006253952917658186
2020-03-17,0.4043108491916766,0.006356512807289467
2020-03-18,0.33673693424881745,0.006253952917658186
2020-03-19,0.26852086196057395,0.006356512807289467
2020-03-20,0.2562839709127099,0.006253952917658186
2020-03-23,0.2209423242191711,0.006356512807289467
2020-03-24,0.21672452361805758,0.006253952917658186
2020-03-25,0.1798050542111466,0.006356512807289467
2020-03-26,0.16055741410744823,0.006253952917658186
2020-03-27,0.14845443636692632,0.006356512807289467
2020-03-30,0.24949635118137534,0.006253952917658186
2020-03-31,0.24639012979032002,0.006253952917658186
2020-04-01,0.20155820338888022,0.041109943368306597
2020-04-02,0.19935933812002896,0.039492134470536934
2020-04-03,0.18670256502822996,0.041109943368306597
2020-04-06,0.09234117701802588,0.039492134470536934
2020-04-07,0.10201477709213003,0.041109943368306597
2020-04-08,0.07795916123990797,0.039492134470536934
2020-04-09,0.07445463613266598,0.041109943368306597
2020-04-13,0.07155138843438057,0.039492134470536934
2020-04-14,0.053740624645006896,0.041109943368306597
2020-04-15,0.03585893048305754,0.039492134470536934
2020-04-16,0.03799112520539881,0.041109943368306597
2020-04-17,0.03830604791592117,0.039492134470536934
2020-04-20,0.03252410984543252,0.041109943368306597
2020-04-21,0.02831408514418616,0.039492134470536934
2020-04-22,0.028274419102147376,0.041109943368306597
2020-04-23,0.026505628261732715,0.039492134470536934
2020-04-24,0.043304364814979776,0.041109943368306597
2020-04-27,0.04537523060428261,0.039492134470536934
2020-04-28,0.050395611090182944,0.041109943368306597
2020-04-29,0.048485579632052904,0.039492134470536934
2020-04-30,0.04429861407527068,0.041109943368306597
2020-05-01,0.022522313574810392,0.03463698956491997
2020-05-04,0.0211951727703234,0.03413550717866513
2020-05-05,0.017913987391234766,0.03463698956491997
2020-05-06,0.031083651134229583,0.03413550717866513
2020-05-07,0.06763533319922568,0.03463698956491997
2020-05-08,0.069325686396826,0.03413550717866513
2020-05-11,0.0692785741611453,0.03463698956491997
2020-05-12,0.06718817235150643,0.03413550717866513
2020-05-13,0.051932779760171424,0.03463698956491997
2020-05-14,0.017009847638172215,0.03413550717866513
2020-05-15,0.014421853118014787,0.03463698956491997
2020-05-18,0.02155135607818174,0.03413550717866513
2020-05-19,0.029676252539904736,0.03463698956491997
2020-05-20,0.033589577442039935,0.03413550717866513
2020-05-21,0.037419733898581144,0.03463698956491997
2020-05-22,0.03781332440688757,0.03413550717866513
2020-05-26,0.02875988327154324,0.03463698956491997
2020-05-27,0.01866618421840838,0.03413550717866513
2020-05-28,0.017501972753221913,0.03463698956491997
2020-05-29,0.013239333759149572,0.03413550717866513
2020-06-01,0.013139244103850922,0.03463698956491997
2020-06-02,0.014866042307648597,0.08459120501763379
2020-06-03,0.01598922669554297,0.08497588983913354
2020-06-04,0.027175530458286117,0.08459120501763379
2020-06-05,0.05046747421427984,0.08497588983913354
2020-06-08,0.0679881018502803,0.08459120501763379
2020-06-09,0.07951290210014664,0.08497588983913354
2020-06-10,0.07841145082101006,0.08459120501763379
2020-06-11,0.06463327142065153,0.08497588983913354
2020-06-12,0.047992800175725034,0.08459120501763379
2020-06-15,0.03213518751951085,0.08497588983913354
2020-06-16,0.018640165510714218,0.08459120501763379
2020-06-17,0.028749969591382134,0.08497588983913354
2020-06-18,0.035206661909242536,0.08459120501763379
2020-06-19,0.030665553288684956,0.08497588983913354
2020-06-22,0.034144644499007115,0.08459120501763379
2020-06-23,0.039326876174488434,0.08497588983913354
2020-06-24,0.02905540580295543,0.08459120501763379
2020-06-25,0.024897353983050118,0.08497588983913354
2020-06-26,0.020505046512817905,0.08459120501763379
2020-06-29,0.017408399196660474,0.08497588983913354
2020-06-30,0.013310688687400346,0.08459120501763379
2020-07-01,0.020774319596405494,0.008604795766077776
2020-07-02,0.021623500884954232,0.008712831818212858
2020-07-06,0.03347689779769959,0.008604795766077776
2020-07-07,0.03867443216543799,0.008712831818212858
2020-07-08,0.039268814112466896,0.008604795766077776
2020-07-09,0.03089818796769872,0.008712831818212858
2020-07-10,0.02830411344196988,0.008604795766077776
2020-07-13,0.01876782419148974,0.008712831818212858
2020-07-14,0.011458933959260169,0.008604795766077776
2020-07-15,0.008854617520610971,0.008712831818212858
2020-07-16,0.013510392230688251,0.008604795766077776
2020-07-17,0.01339788497829424,0.008712831818212858
2020-07-20,0.011260303102086214,0.008604795766077776
2020-07-21,0.011104145387416938,0.008712831818212858
2020-07-22,0.011821589785511242,0.008604795766077776
2020-07-23,0.010913723763499496,0.008712831818212858
2020-07-24,0.015748199080466548,0.008604795766077776
2020-07-27,0.015322064800445064,0.008712831818212858
2020-07-28,0.013987800852435566,0.008604795766077776
2020-07-29,0.012723542579746358,0.008712831818212858
2020-07-30,0.009082700494904682,0.008604795766077776
2020-07-31,0.0036255308820240992,0.044241072680103216
2020-08-03,0.004566880891883073,0.042814632240373594
2020-08-04,0.008338371667701093,0.044241072680103216
2020-08-05,0.009217015958688114,0.042814632240373594
2020-08-06,0.009411687872332496,0.044241072680103216
2020-08-07,0.008884096385743574,0.042814632240373594
2020-08-10,0.007640045338622734,0.044241072680103216
2020-08-11,0.004965771672349712,0.004891360728559179
2020-08-12,0.005231057136045454,0.004891360728559179
2020-08-13,0.005320596686524207,0.004891360728559179
2020-08-14,0.005253167568624709,0.004891360728559179
2020-08-17,0.007383824663169089,0.004891360728559179
2020-08-18,0.006777989566716533,0.004891360728559179
2020-08-19,0.00695432717906874,0.004891360728559179
2020-08-20,0.00792901861211313,0.004891360728559179
2020-08-21,0.008463824047763016,0.004891360728559179
2020-08-24,0.006701496351591207,0.004891360728559179
2020-08-25,0.00751646863079132,0.004891360728559179
2020-08-26,0.010149524619811005,0.004891360728559179
2020-08-27,0.029644006252782646,0.004891360728559179
2020-08-28,0.0627405864667175,0.004891360728559179
2020-08-31,0.08080061528694744,0.059712786215266545
2020-09-01,0.08586731348723894,0.05928472763175614
2020-09-02,0.09163405854002356,0.059712786215266545
2020-09-03,0.07729914413992449,0.05928472763175614
2020-09-04,0.05129089889663661,0.059712786215266545
2020-09-08,0.03496372880736387,0.05928472763175614
2020-09-09,0.031589356287333344,0.059712786215266545
2020-09-10,0.025674465943380992,0.05928472763175614
2020-09-11,0.027199348924384397,0.059712786215266545
2020-09-14,0.02564130410937059,0.05928472763175614
2020-09-15,0.02844893661761224,0.059712786215266545
2020-09-16,0.032312819241658366,0.05928472763175614
2020-09-17,0.03908554901308407,0.059712786215266545
2020-09-18,0.03808793615453273,0.05928472763175614
2020-09-21,0.03302501093195513,0.059712786215266545
2020-09-22,0.02942876276808583,0.05928472763175614
2020-09-23,0.02829389335264889,0.059712786215266545
2020-09-24,0.02047045076745916,0.05928472763175614
2020-09-25,0.019270775416525214,0.059712786215266545
2020-09-28,0.018754434072755087,0.05928472763175614
2020-09-29,0.026075168152665317,0.059712786215266545
2020-09-30,0.02164755817558925,0.04791976564742459
2020-10-01,0.019336468287943272,0.04866310348004715
2020-10-02,0.013496839173446984,0.04791976564742459
2020-10-05,0.016131483099190082,0.04866310348004715
2020-10-06,0.008617580152315186,0.04791976564742459
2020-10-07,0.010525083148467448,0.04866310348004715
2020-10-08,0.012523532451630986,0.04791976564742459
2020-10-09,0.013830432680429664,0.04866310348004715
2020-10-12,0.017425682008168443,0.04791976564742459
2020-10-13,0.019626095042848173,0.04866310348004715
2020-10-14,0.018379313505250634,0.04791976564742459
2020-10-15,0.01974055832009578,0.04866310348004715
2020-10-16,0.019163555375397816,0.04791976564742459
2020-10-19,0.022425590210725942,0.04866310348004715
2020-10-20,0.019207778100412156,0.04791976564742459
2020-10-21,0.045232496359003546,0.04866310348004715
2020-10-22,0.05552066106505895,0.04791976564742459
2020-10-23,0.06514806048203317,0.04866310348004715
2020-10-26,0.06062223518629648,0.04791976564742459
2020-10-27,0.07337008249772622,0.04866310348004715
2020-10-28,0.05880346200702169,0.04791976564742459
2020-10-29,0.046564693233897565,0.0421354291071244
2020-10-30,0.03826885248134348,0.04170744172574234
2020-11-02,0.03963862738953501,0.0421354291071244
2020-11-03,0.030665427497287158,0.04170744172574234
2020-11-04,0.01821962921174439,0.0421354291071244
2020-11-05,0.02122913795603289,0.04170744172574234
2020-11-06,0.020414568802603453,0.0421354291071244
2020-11-09,0.014560744532751597,0.04170744172574234
2020-11-10,0.0126203427660153,0.0421354291071244
2020-11-11,0.013559125813049114,0.04170744172574234
2020-11-12,0.010933560402876918,0.0421354291071244
2020-11-13,0.009172111395628724,0.04170744172574234
2020-11-16,0.010665272349050927,0.0421354291071244
2020-11-17,0.010828759116780329,0.04170744172574234
2020-11-18,0.00916968742844431,0.0421354291071244
2020-11-19,0.007154853008712554,0.04170744172574234
2020-11-20,0.009593535769966853,0.0421354291071244
2020-11-23,0.007901541417805077,0.04170744172574234
2020-11-24,0.006182740050197163,0.0421354291071244
2020-11-25,0.007028608089384128,0.04170744172574234
2020-11-27,0.006910374034499516,0.0421354291071244
2020-11-30,0.004652213503790415,0.015488786943054833
2020-12-01,0.004190699573582414,0.015488786943054833
2020-12-02,0.005822036663447129,0.015488786943054833
2020-12-03,0.00640978015854207,0.015488786943054833
2020-12-04,0.00804894621112963,0.015488786943054833
2020-12-07,0.010397667771689014,0.015488786943054833
2020-12-08,0.011290345742108632,0.015488786943054833
2020-12-09,0.009735170338619401,0.015488786943054833
2020-12-10,0.00814228701440292,0.015488786943054833
2020-12-11,0.00883697369432358,0.015488786943054833
2020-12-14,0.05424936494576886,0.015488786943054833
2020-12-15,0.05328065027380041,0.023435355521874576
2020-12-16,0.05332971839327796,0.023435355521874576
2020-12-17,0.05332245008593585,0.023435355521874576
2020-12-18,0.051017602553375854,0.06579768607717286
2020-12-21,0.0036394366787896064,0.06579768607717286
2020-12-22,0.0031944319408607736,0.06579768607717286
2020-12-23,0.003711437215183901,0.06579768607717286
2020-12-24,0.01817709895211815,0.06579768607717286
2020-12-28,0.01993586857221833,0.015488786943054833
2020-12-29,0.02799340131839117,0.015488786943054833
2020-12-30,0.02916538922747607,0.01630494724746235
2020-12-31,0.030967097395608118,0.016155609834887136
2021-01-04,0.01749670672743356,0.01630494724746235
2021-01-05,0.017500165066125832,0.016155609834887136
2021-01-06,0.00981377227064981,0.01630494724746235
2021-01-07,0.009225720447846027,0.016155609834887136
2021-01-08,0.008455576176584273,0.01630494724746235
2021-01-11,0.008189452622823567,0.016155609834887136
2021-01-12,0.007895488767751455,0.01630494724746235
2021-01-13,0.0069581978972628414,0.016155609834887136
2021-01-14,0.006814143475903515,0.01630494724746235
2021-01-15,0.011090381682017727,0.016155609834887136
2021-01-19,0.01058185376701715,0.01630494724746235
2021-01-20,0.016401349631441443,0.016155609834887136
2021-01-21,0.022098486741642474,0.01630494724746235
2021-01-22,0.0297385970834889,0.016155609834887136
2021-01-25,0.03077876920842921,0.01630494724746235
2021-01-26,0.038049539558895125,0.016155609834887136
2021-01-27,0.03211001146885158,0.01630494724746235
2021-01-28,0.0276683726639623,0.016155609834887136
2021-01-29,0.020061041981626393,0.01630494724746235
2021-02-01,0.012813698122180786,0.017989279385067385
2021-02-02,0.005417339095115183,0.018290975427997007
2021-02-03,0.006932073330135862,0.018290975427997007
2021-02-04,0.007291869258160282,0.017989279385067385
2021-02-05,0.007032962942289739,0.018290975427997007
2021-02-08,0.007209354904983614,0.017989279385067385
2021-02-09,0.008106437563908242,0.018290975427997007
2021-02-10,0.007056910073168952,0.017989279385067385
2021-02-11,0.005746761141020772,0.018290975427997007
2021-02-12,0.006511746724407125,0.017989279385067385
2021-02-16,0.017713766588664717,0.018290975427997007
2021-02-17,0.02065034936116308,0.017989279385067385
2021-02-18,0.03073261759119304,0.018290975427997007
2021-02-19,0.03715632079550174,0.017989279385067385
2021-02-22,0.0518499730537431,0.017989279385067385
2021-02-23,0.04123937457771522,0.017989279385067385
2021-02-24,0.03964700064073192,0.018290975427997007
2021-02-25,0.05050636551836676,0.017989279385067385
2021-02-26,0.06776766569111806,0.017989279385067385
2021-03-01,0.0572190893909313,0.017989279385067385
2021-03-02,0.059158924013248945,0.017989279385067385
2021-03-03,0.0582088896417273,0.01825909481387874
2021-03-04,0.03733123386772553,0.018941740154772024
2021-03-05,0.013837114478018563,0.01825909481387874
2021-03-08,0.011284963000107166,0.018941740154772024
2021-03-09,0.009008636100712276,0.01825909481387874
2021-03-10,0.010092921606155967,0.018941740154772024
2021-03-11,0.01247951518428904,0.01825909481387874
2021-03-12,0.014725099873864316,0.018941740154772024
2021-03-15,0.013668380796909277,0.01825909481387874
2021-03-16,0.01567843884589635,0.018941740154772024
2021-03-17,0.015925616389025572,0.01825909481387874
2021-03-18,0.016907898827122687,0.018941740154772024
2021-03-19,0.016573897950029223,0.01825909481387874
2021-03-22,0.016923221916271013,0.018941740154772024
2021-03-23,0.01481274113589585,0.01825909481387874
2021-03-24,0.01278961409187498,0.018941740154772024
2021-03-25,0.0075318057492192985,0.01825909481387874
2021-03-26,0.005585687948533736,0.018941740154772024
2021-03-29,0.0038145835397955055,0.01825909481387874
2021-03-30,0.0031675387197566325,0.018941740154772024
2021-03-31,0.0025022899414530834,0.01825909481387874
2021-04-01,0.0027488764719873987,0.018244370748172752
2021-04-05,0.0021764594807778446,0.01766369551774479
2021-04-06,0.0023332171315083574,0.018244370748172752
2021-04-07,0.003231218864971045,0.01766369551774479
2021-04-08,0.003238901296286184,0.018244370748172752
2021-04-09,0.003298045741662383,0.01766369551774479
2021-04-12,0.004071081189945507,0.018244370748172752
2021-04-13,0.006061482269175355,0.01766369551774479
2021-04-14,0.006077305870396478,0.018244370748172752
2021-04-15,0.008904288155393082,0.01766369551774479
2021-04-16,0.010871546964560417,0.018244370748172752
2021-04-19,0.010008201907615352,0.01766369551774479
2021-04-20,0.007830964904707933,0.018244370748172752
2021-04-21,0.007242255661352658,0.01766369551774479
2021-04-22,0.006662911188464122,0.018244370748172752
2021-04-23,0.00469413132072527,0.01766369551774479
2021-04-26,0.004918729726954463,0.018244370748172752
2021-04-27,0.00799578944216553,0.01766369551774479
2021-04-28,0.007968133213586815,0.018244370748172752
2021-04-29,0.008611735104675304,0.01766369551774479
2021-04-30,0.009282417354994523,0.018244370748172752
2021-05-03,0.009948668232068036,0.01976814195990729
2021-05-04,0.010276936268705615,0.01934109318084863
2021-05-05,0.016880542807130732,0.01976814195990729
2021-05-06,0.01667397950473159,0.01934109318084863
2021-05-07,0.016744734868003625,0.01976814195990729
2021-05-10,0.01691199866368087,0.01934109318084863
2021-05-11,0.014048822445778094,0.01976814195990729
2021-05-12,0.009990262154353285,0.01934109318084863
2021-05-13,0.009161777622168153,0.01976814195990729
2021-05-14,0.00935788964655196,0.01934109318084863
2021-05-17,0.00915189851976526,0.01976814195990729
2021-05-18,0.009024074149412739,0.01934109318084863
2021-05-19,0.006370741474484552,0.01976814195990729
2021-05-20,0.00447717586547188,0.01934109318084863
2021-05-21,0.003060377475685669,0.01976814195990729
2021-05-24,0.002762795046346046,0.01934109318084863
2021-05-25,0.0024139031052114917,0.01976814195990729
2021-05-26,0.0038160735457965756,0.01934109318084863
2021-05-27,0.005467226461031345,0.013810820693176091
2021-05-28,0.005599003282511896,0.013810820693176091
2021-06-01,0.00586840663612777,0.013810820693176091
2021-06-02,0.005559710458694383,0.015625980984793956
2021-06-03,0.0049595781618999284,0.014980577665851202
2021-06-04,0.0033288229796371665,0.015625980984793956
2021-06-07,0.003635704511296274,0.014980577665851202
2021-06-08,0.0029478318410979037,0.015625980984793956
2021-06-09,0.005490744344182502,0.014980577665851202
2021-06-10,0.006136172371000033,0.015625980984793956
2021-06-11,0.006668527824867468,0.014980577665851202
2021-06-14,0.007978590288025686,0.015625980984793956
2021-06-15,0.0091739760768498,0.014980577665851202
2021-06-16,0.006698606578931188,0.015625980984793956
2021-06-17,0.004879448004168686,0.014980577665851202
2021-06-18,0.004259235512043886,0.015625980984793956
2021-06-21,0.0027209664117188556,0.014980577665851202
2021-06-22,0.0013833949481115233,0.015625980984793956
2021-06-23,0.0013630147617230642,0.015625980984793956
2021-06-24,0.0014326914658504717,0.015625980984793956
2021-06-25,0.002449029835579254,0.014980577665851202
2021-06-28,0.004115568178382217,0.015625980984793956
2021-06-29,0.00519018237253847,0.015625980984793956
2021-06-30,0.006852236260277013,0.015625980984793956
2021-07-01,0.009275515676114248,0.0060547213004765775
2021-07-02,0.008456208208055368,0.0060547213004765775
2021-07-06,0.007173703081283869,0.0060547213004765775
2021-07-07,0.006882509059790237,0.0060547213004765775
2021-07-08,0.006000609064500321,0.0060547213004765775
2021-07-09,0.004677137062085031,0.0060547213004765775
2021-07-12,0.01638074942364059,0.0060547213004765775
2021-07-13,0.02040900385655627,0.0060547213004765775
2021-07-14,0.02067274870362283,0.0060547213004765775
2021-07-15,0.020113542130813084,0.0060547213004765775
2021-07-16,0.019850132001235896,0.0060547213004765775
2021-07-19,0.007788355223469071,0.0060547213004765775
2021-07-20,0.00492529058041743,0.0060547213004765775
2021-07-21,0.004697194296307096,0.0060547213004765775
2021-07-22,0.004645342128909586,0.0060547213004765775
2021-07-23,0.004272891108262286,0.0060547213004765775
2021-07-26,0.005204034508356557,0.0060547213004765775
2021-07-27,0.0060101960363324,0.0060547213004765775
2021-07-28,0.005592286026567521,0.0060547213004765775
2021-07-29,0.005413654069889218,0.0060547213004765775
2021-07-30,0.004916390625828691,0.0060547213004765775
2021-08-02,0.004147021276333654,0.009029025569060536
2021-08-03,0.0016851419468532722,0.009029025569060536
2021-08-04,0.0012093947507333981,0.009029025569060536
2021-08-05,0.0015890495316608082,0.009029025569060536
2021-08-06,0.001522255931732887,0.009029025569060536
2021-08-09,0.00295131680363596,0.009029025569060536
2021-08-10,0.00480491436925475,0.009029025569060536
2021-08-11,0.007381474471136627,0.009029025569060536
2021-08-12,0.008729339309031168,0.009029025569060536
2021-08-13,0.009733268240277423,0.009029025569060536
2021-08-16,0.010506443472578085,0.016760835482143046
2021-08-17,0.008497871424289385,0.015610426846993486
2021-08-18,0.0060224700757475855,0.016760835482143046
2021-08-19,0.0044094647588458465,0.015610426846993486
2021-08-20,0.003984708901457778,0.016760835482143046
2021-08-23,0.002042784643346124,0.015610426846993486
2021-08-24,0.002158711704589314,0.016760835482143046
2021-08-25,0.0020988120721878336,0.015610426846993486
2021-08-26,0.002279373050877634,0.016760835482143046
2021-08-27,0.0020320003685485046,0.009029025569060536
2021-08-30,0.0018764419702131951,0.009029025569060536
2021-08-31,0.0025844592714549526,0.005557664943266416
2021-09-01,0.00389441636545243,0.005449623280434201
2021-09-02,0.005081646705856877,0.005557664943266416
2021-09-03,0.007176405263722993,0.005449623280434201
2021-09-07,0.008594418611206413,0.005557664943266416
2021-09-08,0.009704310070156277,0.005449623280434201
2021-09-09,0.010531648543992644,0.005557664943266416
2021-09-10,0.009982957274790514,0.005449623280434201
2021-09-13,0.015378365411244465,0.005557664943266416
2021-09-14,0.01582789793315678,0.005449623280434201
2021-09-15,0.01860951685784141,0.005557664943266416
2021-09-16,0.018725745205952864,0.005449623280434201
2021-09-17,0.018457942928581855,0.005557664943266416
2021-09-20,0.011141309413792941,0.005449623280434201
2021-09-21,0.011922837426877445,0.005557664943266416
2021-09-22,0.00834592809913918,0.005449623280434201
2021-09-23,0.009512653491044385,0.005557664943266416
2021-09-24,0.017950935821739948,0.005449623280434201
2021-09-27,0.023232800066202635,0.005557664943266416
2021-09-28,0.024363274832576796,0.005449623280434201
2021-09-29,0.02754457388729693,0.005557664943266416
2021-09-30,0.02544899165381833,0.006031683204346963
2021-10-01,0.016768864245484568,0.006166245641789754
2021-10-04,0.014460424059954933,0.006031683204346963
2021-10-05,0.011339267926682762,0.006166245641789754
2021-10-06,0.009563058991848752,0.006031683204346963
2021-10-07,0.008982347376490677,0.006166245641789754
2021-10-08,0.008768252888346198,0.006031683204346963
2021-10-11,0.0065142007794414,0.006166245641789754
2021-10-12,0.005933462720019633,0.006031683204346963
2021-10-13,0.003441140397942413,0.006166245641789754
2021-10-14,0.002919056509852895,0.006031683204346963
2021-10-15,0.004053702499630171,0.006166245641789754
2021-10-18,0.004097137480954435,0.006031683204346963
2021-10-19,0.004531418393284106,0.006166245641789754
2021-10-20,0.0050532511245881245,0.006031683204346963
2021-10-21,0.004874142427109055,0.006166245641789754
2021-10-22,0.004127350201084438,0.006031683204346963
2021-10-25,0.003513681406878923,0.006166245641789754
2021-10-26,0.0029108059866688315,0.006031683204346963
2021-10-27,0.0033118744357802294,0.006166245641789754
2021-10-28,0.003277949914580712,0.006031683204346963
2021-10-29,0.003960071055457329,0.009232580015708612
2021-11-01,0.003639440868027826,0.009232580015708612
2021-11-02,0.00458459026023657,0.009232580015708612
2021-11-03,0.006433941362083348,0.007878552598187214
2021-11-04,0.0062702200614325855,0.007878552598187214
2021-11-05,0.005942552817445807,0.007878552598187214
2021-11-08,0.006160578341448042,0.007878552598187214
2021-11-09,0.005864498099760451,0.007878552598187214
2021-11-10,0.003153789272194487,0.007878552598187214
2021-11-11,0.00459127215563754,0.007878552598187214
2021-11-12,0.004007504787502324,0.007878552598187214
2021-11-15,0.006758452121245165,0.007878552598187214
2021-11-16,0.008237272921135378,0.007878552598187214
2021-11-17,0.009163456208265568,0.007878552598187214
2021-11-18,0.01105320794472132,0.007878552598187214
2021-11-19,0.013122614246413773,0.007878552598187214
2021-11-22,0.01498814754066291,0.007878552598187214
2021-11-23,0.025856476999066392,0.007878552598187214
2021-11-24,0.029812861376919925,0.007878552598187214
2021-11-26,0.03909650819374426,0.007878552598187214
2021-11-29,0.042037434100428865,0.007878552598187214
2021-11-30,0.04770573603913714,0.005998962417111825
2021-12-01,0.03551491577661411,0.014880278642069446
2021-12-02,0.031475136275512336,0.014880278642069446
2021-12-03,0.020784155233512954,0.014880278642069446
2021-12-06,0.01609046836990404,0.014880278642069446
2021-12-07,0.008705020861362007,0.014880278642069446
2021-12-08,0.014904064468708043,0.014880278642069446
2021-12-09,0.017949563797875233,0.014880278642069446
2021-12-10,0.020963096150998242,0.014880278642069446
2021-12-13,0.022214662302197284,0.014880278642069446
2021-12-14,0.02253869281794494,0.014880278642069446
2021-12-15,0.01627053485473887,0.014880278642069446
2021-12-16,0.013244957977444552,0.014880278642069446
2021-12-17,0.009026895123609479,0.014880278642069446
2021-12-20,0.007598839113681389,0.014880278642069446
2021-12-21,0.0044879426511617035,0.014880278642069446
2021-12-22,0.004420791409122677,0.014880278642069446
2021-12-23,0.003781800420642415,0.014880278642069446
2021-12-27,0.004587140775303216,0.014880278642069446
2021-12-28,0.0057128357296244835,0.014880278642069446
2021-12-29,0.008840700032615645,0.014880278642069446
2021-12-30,0.011222994046354618,0.013672719671587735
2021-12-31,0.012813062005505657,0.013672719671587735
2022-01-03,0.020387921033960883,0.013672719671587735
2022-01-04,0.02372994190840794,0.013672719671587735
2022-01-05,0.02188473314211175,0.013672719671587735
2022-01-06,0.023582821871452237,0.013672719671587735
2022-01-07,0.0235401645193564,0.013672719671587735
2022-01-10,0.015976671177898173,0.013672719671587735
2022-01-11,0.014972215910219116,0.013672719671587735
2022-01-12,0.033291712612461985,0.013672719671587735
2022-01-13,0.03564649881634749,0.013672719671587735
2022-01-14,0.07969901349227106,0.013672719671587735
2022-01-18,0.09906885753179782,0.013672719671587735
2022-01-19,0.1198301429120929,0.013672719671587735
2022-01-20,0.11398460601719569,0.013672719671587735
2022-01-21,0.12463569864460029,0.013672719671587735
2022-01-24,0.0851183313084632,0.013672719671587735
2022-01-25,0.06919790676621074,0.013672719671587735
2022-01-26,0.04700014304601255,0.013672719671587735
2022-01-27,0.03724324526087565,0.013672719671587735
2022-01-28,0.02870625323729851,0.013672719671587735
2022-01-31,0.024950394837119774,0.014008952608481218
2022-02-01,0.023788313131471894,0.005584709523816826
2022-02-02,0.021480385343442217,0.0057481430663238065
2022-02-03,0.02993771980840324,0.005584709523816826
2022-02-04,0.03295759350556427,0.0057481430663238065
2022-02-07,0.03519186258773181,0.005584709523816826
2022-02-08,0.031954584553762815,0.0057481430663238065
2022-02-09,0.035527807821890585,0.005584709523816826
2022-02-10,0.03182776375595827,0.0057481430663238065
2022-02-11,0.02453903398154472,0.005584709523816826
2022-02-14,0.03154563869896785,0.0057481430663238065
2022-02-15,0.03822130878779892,0.005584709523816826
2022-02-16,0.048122475150855853,0.0057481430663238065
2022-02-17,0.04515387946331584,0.005584709523816826
2022-02-18,0.04524158645573855,0.0057481430663238065
2022-02-22,0.04417317519386634,0.005584709523816826
2022-02-23,0.04251233393084633,0.0057481430663238065
2022-02-24,0.03328327738803445,0.005584709523816826
2022-02-25,0.030822663955560943,0.0057481430663238065
2022-02-28,0.03297058642500417,0.005584709523816826
2022-03-01,0.041480086113928255,0.0057481430663238065
2022-03-02,0.04145150754593514,0.02854317411346368
2022-03-03,0.040807180060265014,0.02854317411346368
2022-03-04,0.04167464548729742,0.02854317411346368
2022-03-07,0.043475997707252224,0.02854317411346368
2022-03-08,0.029518577154934222,0.02854317411346368
2022-03-09,0.03656393866884657,0.02854317411346368
2022-03-10,0.03496341489630961,0.02854317411346368
2022-03-11,0.03332985139686476,0.02854317411346368
2022-03-14,0.028332820582326883,0.02854317411346368
2022-03-15,0.024230731298422667,0.02854317411346368
2022-03-16,0.01347104036905682,0.02854317411346368
2022-03-17,0.013114826155186896,0.02854317411346368
2022-03-18,0.012148530234694772,0.02854317411346368
2022-03-21,0.010672530234432386,0.02854317411346368
2022-03-22,0.011867111495082228,0.02854317411346368
2022-03-23,0.01235327509272098,0.02854317411346368
2022-03-24,0.013570748766770382,0.02854317411346368
2022-03-25,0.013520237909468085,0.02854317411346368
2022-03-28,0.012087449302375496,0.02854317411346368
2022-03-29,0.01563559441258541,0.02854317411346368
2022-03-30,0.01696559184781719,0.02854317411346368
2022-03-31,0.019088865923575823,0.03162236206039492
2022-04-01,0.01953699956540213,0.03162236206039492
2022-04-04,0.02047365314761479,0.03162236206039492
2022-04-05,0.022708680625135983,0.03162236206039492
2022-04-06,0.021248219470652564,0.03162236206039492
2022-04-07,0.01887817688898668,0.03162236206039492
2022-04-08,0.018253188106828782,0.03162236206039492
2022-04-11,0.019311327746472963,0.03162236206039492
2022-04-12,0.012535659094163081,0.03162236206039492
2022-04-13,0.020704902401409587,0.03162236206039492
2022-04-14,0.026839776901396058,0.03162236206039492
2022-04-18,0.0358262276685074,0.03162236206039492
2022-04-19,0.03618976935259141,0.03162236206039492
2022-04-20,0.04352740035698523,0.03162236206039492
2022-04-21,0.05013404481960051,0.03162236206039492
2022-04-22,0.05682958046248754,0.03162236206039492
2022-04-25,0.06283554992923983,0.03162236206039492
2022-04-26,0.06341053926849306,0.03162236206039492
2022-04-27,0.07487620533668185,0.03162236206039492
2022-04-28,0.08007681668572417,0.03162236206039492
2022-04-29,0.07644903938247423,0.03162236206039492
2022-05-02,0.06889965008812804,0.023423105363626108
2022-05-03,0.08100626806714684,0.024242062018577516
2022-05-04,0.0802518043825731,0.023423105363626108
2022-05-05,0.07560002433760064,0.024242062018577516
2022-05-06,0.06927632896920001,0.023423105363626108
2022-05-09,0.06608013102716412,0.024242062018577516
2022-05-10,0.05479146188395682,0.023423105363626108
2022-05-11,0.04646625838088449,0.024242062018577516
2022-05-12,0.03691357186872836,0.023423105363626108
2022-05-13,0.07460880707710248,0.024242062018577516
2022-05-16,0.07492313886375397,0.023423105363626108
2022-05-17,0.08063328540042079,0.024242062018577516
2022-05-18,0.07526710873566014,0.023423105363626108
2022-05-19,0.07334789890811975,0.024242062018577516
2022-05-20,0.032233025031026145,0.023423105363626108
2022-05-23,0.03161155083012746,0.024242062018577516
2022-05-24,0.030110216471866957,0.023423105363626108
2022-05-25,0.03291102891363941,0.024242062018577516
2022-05-26,0.029410670649485958,0.023423105363626108
2022-05-27,0.031234740218062895,0.024242062018577516
2022-05-31,0.029490384772833805,0.023423105363626108
2022-06-01,0.023690508104259676,0.012461330534792427
2022-06-02,0.02366645389693957,0.01234591313134145
2022-06-03,0.02369026038553673,0.012461330534792427
2022-06-06,0.028887469112166823,0.01234591313134145
2022-06-07,0.033066725458587,0.012461330534792427
2022-06-08,0.05355269124081554,0.01234591313134145
2022-06-09,0.051418664572737846,0.012461330534792427
2022-06-10,0.058516923009911695,0.01234591313134145
2022-06-13,0.05152686070166873,0.012461330534792427
2022-06-14,0.05414914276950929,0.01234591313134145
2022-06-15,0.03615141501833039,0.012461330534792427
2022-06-16,0.03252649904134783,0.01234591313134145
2022-06-17,0.024530808340199068,0.012461330534792427
2022-06-21,0.03677009709374383,0.01234591313134145
2022-06-22,0.028131130256929666,0.012461330534792427
2022-06-23,0.03363069230400839,0.01234591313134145
2022-06-24,0.03866229220277608,0.01234591313134145
2022-06-27,0.04645652785729899,0.01234591313134145
2022-06-28,0.038209074740175986,0.01234591313134145
2022-06-29,0.041044972959475824,0.01234591313134145
2022-06-30,0.03342179062013738,0.01234591313134145
2022-07-01,0.026953927359380892,0.015874678975426992
2022-07-05,0.025173371953421196,0.016007336176062353
2022-07-06,0.02595890367917949,0.015874678975426992
2022-07-07,0.029593205128243528,0.016007336176062353
2022-07-08,0.02863199760716867,0.015874678975426992
2022-07-11,0.03371212551776216,0.016007336176062353
2022-07-12,0.030306309196372106,0.015874678975426992
2022-07-13,0.026714001642984615,0.016007336176062353
2022-07-14,0.02349948441983461,0.015874678975426992
2022-07-15,0.027604869250722325,0.016007336176062353
2022-07-18,0.02265429279502762,0.015874678975426992
2022-07-19,0.019937594077824822,0.016007336176062353
2022-07-20,0.023036776252979348,0.015874678975426992
2022-07-21,0.026861882111987413,0.016007336176062353
2022-07-22,0.023445775446678696,0.015874678975426992
2022-07-25,0.025174203891438752,0.016007336176062353
2022-07-26,0.02910172693842892,0.015874678975426992
2022-07-27,0.025017286646694843,0.016007336176062353
2022-07-28,0.016489929131883456,0.015874678975426992
2022-07-29,0.014273926355928024,0.016007336176062353
2022-08-01,0.015163695279629932,0.015874678975426992
2022-08-02,0.010432310519924222,0.020140278324285596
2022-08-03,0.009155293734765643,0.019449704946003708
2022-08-04,0.011800526992990513,0.020140278324285596
2022-08-05,0.01296795886386665,0.019449704946003708
2022-08-08,0.009900381408259109,0.020140278324285596
2022-08-09,0.011839875282380105,0.019449704946003708
2022-08-10,0.01365973694251842,0.020140278324285596
2022-08-11,0.011208722183344805,0.019449704946003708
2022-08-12,0.010055252202764722,0.020140278324285596
2022-08-15,0.010661280154201914,0.019449704946003708
2022-08-16,0.009784115112902277,0.020140278324285596
2022-08-17,0.00820689140045131,0.019449704946003708
2022-08-18,0.009285628507661204,0.020140278324285596
2022-08-19,0.017197262897532338,0.019449704946003708
2022-08-22,0.01863656385737909,0.020140278324285596
2022-08-23,0.023189228887088277,0.019449704946003708
2022-08-24,0.02475695176036862,0.01499204443592561
2022-08-25,0.028294104863817553,0.01499204443592561
2022-08-26,0.03122058683029565,0.01499204443592561
2022-08-29,0.03254711775552499,0.01499204443592561
2022-08-30,0.030699171636764066,0.01499204443592561
2022-08-31,0.031550908665533665,0.012503265146870663
2022-09-01,0.02785869625015927,0.012503265146870663
2022-09-02,0.01664619246908208,0.012503265146870663
2022-09-06,0.022552957089149818,0.012503265146870663
2022-09-07,0.022114671154183658,0.012503265146870663
2022-09-08,0.0253456183566316,0.012503265146870663
2022-09-09,0.025859990788989196,0.012503265146870663
2022-09-12,0.026513343119683085,0.012503265146870663
2022-09-13,0.019990611397065795,0.012503265146870663
2022-09-14,0.030047122256229457,0.012503265146870663
2022-09-15,0.02607633378809835,0.012503265146870663
2022-09-16,0.03248297706466415,0.012503265146870663
2022-09-19,0.039805906049963355,0.012503265146870663
2022-09-20,0.04977261263811727,0.012503265146870663
2022-09-21,0.04763055413099685,0.012503265146870663
2022-09-22,0.05230066947386135,0.012503265146870663
2022-09-23,0.055192151158371484,0.03768393152149805
2022-09-26,0.05827627862276243,0.03768393152149805
2022-09-27,0.06375589456133827,0.03768393152149805
2022-09-28,0.06271854222448588,0.03768393152149805
2022-09-29,0.060304831829044905,0.03897560926432894
2022-09-30,0.0713146383697598,0.025697407772516206
2022-10-03,0.06517509352352244,0.025697407772516206
2022-10-04,0.05612650183474185,0.025697407772516206
2022-10-05,0.04709520492493789,0.025697407772516206
2022-10-06,0.07272684375620661,0.025697407772516206
2022-10-07,0.06586796063342315,0.025697407772516206
2022-10-10,0.08069277269348353,0.025697407772516206
2022-10-11,0.0795213548351388,0.025697407772516206
2022-10-12,0.08480464877253055,0.01971246052224416
2022-10-13,0.06452681557567341,0.019900778923927706
2022-10-14,0.05988445758445669,0.01971246052224416
2022-10-17,0.04646193730968601,0.019900778923927706
2022-10-18,0.03967654730939782,0.01971246052224416
2022-10-19,0.03894884749008566,0.019900778923927706
2022-10-20,0.03216515549515979,0.01971246052224416
2022-10-21,0.026164911987118976,0.019900778923927706
2022-10-24,0.020448831964202063,0.01971246052224416
2022-10-25,0.02237795878929638,0.019900778923927706
2022-10-26,0.03803378816391738,0.01971246052224416
2022-10-27,0.039078152978191075,0.019900778923927706
2022-10-28,0.04769510980707475,0.01971246052224416
2022-10-31,0.0498398293038467,0.04219675285910339
2022-11-01,0.05482946141920626,0.04307334478736708
2022-11-02,0.038004243858569445,0.04219675285910339
2022-11-03,0.04170064038795044,0.04307334478736708
2022-11-04,0.03184483710988299,0.04219675285910339
2022-11-07,0.03231694241607215,0.04307334478736708
2022-11-08,0.031784764014255,0.04219675285910339
2022-11-09,0.027573352405995927,0.04307334478736708
2022-11-10,0.020538980409602788,0.04219675285910339
2022-11-11,0.019615608177351782,0.04307334478736708
2022-11-14,0.01696398975356472,0.04219675285910339
2022-11-15,0.01066218060753188,0.04307334478736708
2022-11-16,0.010502129266355704,0.016236521258707184
2022-11-17,0.008787762772718772,0.016236521258707184
2022-11-18,0.009406056337100368,0.016236521258707184
2022-11-21,0.010284020405013677,0.016236521258707184
2022-11-22,0.021468990451626542,0.016236521258707184
2022-11-23,0.024373497929372406,0.016236521258707184
2022-11-25,0.026555079862449003,0.016236521258707184
2022-11-28,0.027480490137783357,0.016236521258707184
2022-11-29,0.03233178910142749,0.016236521258707184
2022-11-30,0.020783296097864324,0.018119982413033833
2022-12-01,0.01937081302746695,0.018119982413033833
2022-12-02,0.01980253568994062,0.018119982413033833
2022-12-05,0.016980260824169868,0.018119982413033833
2022-12-06,0.021657349450321977,0.018119982413033833
2022-12-07,0.0321249864946271,0.018119982413033833
2022-12-08,0.03571768422106421,0.018119982413033833
2022-12-09,0.03761150533177769,0.018119982413033833
2022-12-12,0.03932112416217691,0.018119982413033833
2022-12-13,0.030411867968612782,0.018119982413033833
2022-12-14,0.020380337072077523,0.018119982413033833
2022-12-15,0.036299890456023685,0.018119982413033833
2022-12-16,0.03451007877276014,0.018119982413033833
2022-12-19,0.03263790829736913,0.018119982413033833
2022-12-20,0.035048776496791174,0.018119982413033833
2022-12-21,0.035292134207321024,0.018119982413033833
2022-12-22,0.015801940525472603,0.018119982413033833
2022-12-23,0.023910922199999386,0.018119982413033833
2022-12-27,0.027943574712565866,0.018119982413033833
2022-12-28,0.02333365588111645,0.018119982413033833
2022-12-29,0.033069170784455114,0.018119982413033833
2022-12-30,0.035693334717018826,0.024459063977719905
2023-01-03,0.026381256181587643,0.024563434102957412
2023-01-04,0.02202415674939393,0.024459063977719905
2023-01-05,0.027034399072843156,0.024563434102957412
2023-01-06,0.016806886750323758,0.024459063977719905
2023-01-09,0.013145168271917035,0.024563434102957412
2023-01-10,0.016898571605712977,0.024459063977719905
2023-01-11,0.017719817988806667,0.024563434102957412
2023-01-12,0.017193876875170294,0.024459063977719905
2023-01-13,0.02054633080515538,0.024563434102957412
2023-01-17,0.02074853416635599,0.024459063977719905
2023-01-18,0.020987140775159875,0.024563434102957412
2023-01-19,0.02203277338470056,0.024459063977719905
2023-01-20,0.01955591885243233,0.024563434102957412
2023-01-23,0.016899414836610317,0.024459063977719905
2023-01-24,0.016879570095669625,0.024563434102957412
2023-01-25,0.02685665889930513,0.024459063977719905
2023-01-26,0.027336618095453475,0.024563434102957412
2023-01-27,0.029428978753416202,0.024459063977719905
2023-01-30,0.02789060675232094,0.024563434102957412
2023-01-31,0.03340733384753227,0.024459063977719905
2023-02-01,0.02009391067487748,0.024625828350488942
2023-02-02,0.0215174628807215,0.024904417787306895
2023-02-03,0.01773437818208618,0.024625828350488942
2023-02-06,0.017601842734613796,0.024904417787306895
2023-02-07,0.016503123762390628,0.024625828350488942
2023-02-08,0.015692193012386415,0.024904417787306895
2023-02-09,0.01375363777731554,0.024625828350488942
2023-02-10,0.014182842951816385,0.024904417787306895
2023-02-13,0.01533823087931332,0.024625828350488942
2023-02-14,0.011761770801108216,0.024904417787306895
2023-02-15,0.015640343128890934,0.024625828350488942
2023-02-16,0.014254088340967086,0.024904417787306895
2023-02-17,0.015293147300345394,0.024625828350488942
2023-02-21,0.01418711909545894,0.024904417787306895
2023-02-22,0.013344882608292497,0.024625828350488942
2023-02-23,0.011081776412122999,0.024904417787306895
2023-02-24,0.011264435108808885,0.024625828350488942
2023-02-27,0.010334240351288694,0.024904417787306895
2023-02-28,0.012079717340646065,0.024625828350488942
2023-03-01,0.011879509162661162,0.024904417787306895
2023-03-02,0.01959024621089587,0.024625828350488942
2023-03-03,0.027124530839005713,0.01992777030380545
2023-03-06,0.03977229721172743,0.019291984178110122
2023-03-07,0.0431677633833197,0.01992777030380545
2023-03-08,0.04579841364585496,0.019291984178110122
2023-03-09,0.04093628175496811,0.01992777030380545
2023-03-10,0.035536722664808534,0.019291984178110122
2023-03-13,0.022778850667103688,0.01992777030380545
2023-03-14,0.018190434247722063,0.019291984178110122
2023-03-15,0.025927196706620158,0.01992777030380545
2023-03-16,0.032301445855388605,0.019291984178110122
2023-03-17,0.032859265995345624,0.01992777030380545
2023-03-20,0.03267304449812179,0.019291984178110122
2023-03-21,0.031938170224752545,0.01992777030380545
2023-03-22,0.021155119024804082,0.019291984178110122
2023-03-23,0.009718017883554395,0.01992777030380545
2023-03-24,0.006260366903932635,0.019291984178110122
2023-03-27,0.0055616770049204695,0.01992777030380545
2023-03-28,0.006582634093978685,0.019291984178110122
2023-03-29,0.006682054873565971,0.01992777030380545
2023-03-30,0.007165148596560962,0.019291984178110122
2023-03-31,0.006806575150788958,0.01992777030380545
2023-04-03,0.006761734572764256,0.03600518711755855
2023-04-04,0.006145466986106148,0.035902124524399066
2023-04-05,0.007938431175713023,0.03600518711755855
2023-04-06,0.010164677639661338,0.035902124524399066
2023-04-10,0.010058640720810141,0.03600518711755855
2023-04-11,0.010383977909481493,0.02116433358191068
2023-04-12,0.009552702192093436,0.02116433358191068
2023-04-13,0.008258078218103506,0.02116433358191068
2023-04-14,0.005464215345106145,0.02116433358191068
2023-04-17,0.0053851755279173425,0.02116433358191068
2023-04-18,0.005951605865687128,0.02116433358191068
2023-04-19,0.006979156416991079,0.02116433358191068
2023-04-20,0.007203996934185058,0.02116433358191068
2023-04-21,0.007018791813367975,0.02116433358191068
2023-04-24,0.0069615221190673145,0.02116433358191068
2023-04-25,0.010872340021441695,0.02116433358191068
2023-04-26,0.01327143439439012,0.02116433358191068
2023-04-27,0.012878487570733153,0.02116433358191068
2023-04-28,0.014375579680603717,0.02116433358191068
2023-05-01,0.014136850857201575,0.02116433358191068
2023-05-02,0.008889784541597523,0.02116433358191068
2023-05-03,0.009286562007756308,0.010606960903386435
2023-05-04,0.008657694244184722,0.010606960903386435
2023-05-05,0.009135080238909705,0.010606960903386435
2023-05-08,0.010021626362426128,0.010606960903386435
2023-05-09,0.010426203564208552,0.010606960903386435
2023-05-10,0.008845026015381102,0.010606960903386435
2023-05-11,0.009468370378817231,0.010606960903386435
2023-05-12,0.008105169096446065,0.010606960903386435
2023-05-15,0.007979950454139241,0.010606960903386435
2023-05-16,0.009975815744496316,0.010606960903386435
2023-05-17,0.007982223663985086,0.010606960903386435
2023-05-18,0.008524530395641121,0.010606960903386435
2023-05-19,0.00910026394691998,0.010606960903386435
2023-05-22,0.009499551931992636,0.010606960903386435
2023-05-23,0.008091081759692571,0.010606960903386435
2023-05-24,0.010843040504152048,0.010606960903386435
2023-05-25,0.01070651612854017,0.010606960903386435
2023-05-26,0.010071704851198014,0.010606960903386435
2023-05-30,0.00907626487826039,0.010606960903386435
2023-05-31,0.009112438238091195,0.010606960903386435
2023-06-01,0.006574631771867236,0.010606960903386435
2023-06-02,0.005970987501718729,0.010184378306254693
2023-06-05,0.005660620330636364,0.010184378306254693
2023-06-06,0.0057144585787073255,0.010184378306254693
2023-06-07,0.008356788635174538,0.010184378306254693
2023-06-08,0.010750791125598787,0.010184378306254693
2023-06-09,0.010945821013054365,0.010184378306254693
2023-06-12,0.01141798274352487,0.010184378306254693
2023-06-13,0.011422107061974088,0.010184378306254693
2023-06-14,0.008004809098125655,0.010184378306254693
2023-06-15,0.0052028078239632885,0.010184378306254693
2023-06-16,0.005111676219268287,0.010184378306254693
2023-06-20,0.005385067925422463,0.010184378306254693
2023-06-21,0.005631719494524829,0.010184378306254693
2023-06-22,0.005611224511492197,0.010184378306254693
2023-06-23,0.005692520490051671,0.010184378306254693
2023-06-26,0.004459514342581598,0.010184378306254693
2023-06-27,0.0030802162537691387,0.010184378306254693
2023-06-28,0.0032518220298406097,0.010184378306254693
2023-06-29,0.005177842167744433,0.010184378306254693
2023-06-30,0.004647703411569454,0.010184378306254693
2023-07-03,0.005662668343187102,0.010184378306254693
2023-07-05,0.006124527467918313,0.009282195806629603
2023-07-06,0.005726654257538255,0.008926039646559737
2023-07-07,0.004167577528736978,0.009282195806629603
2023-07-10,0.004453505776179844,0.008926039646559737
2023-07-11,0.004796430403205828,0.009282195806629603
2023-07-12,0.004624794739091376,0.008926039646559737
2023-07-13,0.005085347381623227,0.009282195806629603
2023-07-14,0.004388820086877885,0.008926039646559737
2023-07-17,0.004515533880540013,0.009282195806629603
2023-07-18,0.0037467854151801553,0.008926039646559737
2023-07-19,0.004579095654548234,0.009282195806629603
2023-07-20,0.006876078128587862,0.008926039646559737
2023-07-21,0.009989068832547531,0.009282195806629603
2023-07-24,0.00965849449901807,0.008926039646559737
2023-07-25,0.009245457180364371,0.009282195806629603
2023-07-26,0.008983448264854185,0.008926039646559737
2023-07-27,0.006818424426872133,0.009282195806629603
2023-07-28,0.007517618858683339,0.008926039646559737
2023-07-31,0.007643833100166068,0.009282195806629603
2023-08-01,0.010932127715811183,0.008926039646559737
2023-08-02,0.010930935860615654,0.009282195806629603
2023-08-03,0.015172035143454655,0.00833297596461447
2023-08-04,0.012319790939979933,0.008600170986801221
2023-08-07,0.01229464050068808,0.00833297596461447
2023-08-08,0.009913083641195714,0.008600170986801221
2023-08-09,0.01068801297415216,0.00833297596461447
2023-08-10,0.006874922924910684,0.008600170986801221
2023-08-11,0.007481884849582348,0.00833297596461447
2023-08-14,0.009550596703748956,0.008600170986801221
2023-08-15,0.009049661375240572,0.00833297596461447
2023-08-16,0.008326626897809612,0.008600170986801221
2023-08-17,0.009457237959069468,0.00833297596461447
2023-08-18,0.012742278265829793,0.008600170986801221
2023-08-21,0.011541809553864971,0.00833297596461447
2023-08-22,0.012806842878197684,0.008600170986801221
2023-08-23,0.012357108337920185,0.00833297596461447
2023-08-24,0.010118419012639742,0.008600170986801221
2023-08-25,0.006669389296469751,0.00833297596461447
2023-08-28,0.005407373069835451,0.008600170986801221
2023-08-29,0.005700002206123542,0.00833297596461447
2023-08-30,0.005580196779853839,0.008600170986801221
2023-08-31,0.005666874869516477,0.00833297596461447
2023-09-01,0.004734685608727684,0.0076713579820019435
2023-09-05,0.005657561409336843,0.007691467776441315
2023-09-06,0.0041899400625010005,0.0076713579820019435
2023-09-07,0.004735960873598344,0.007691467776441315
2023-09-08,0.005177752569048044,0.0076713579820019435
2023-09-11,0.005226619709596183,0.007691467776441315
2023-09-12,0.005522964895244476,0.0076713579820019435
2023-09-13,0.006445031888476713,0.007691467776441315
2023-09-14,0.006283896561603668,0.0076713579820019435
2023-09-15,0.0068854057196197195,0.007691467776441315
2023-09-18,0.006906383738079931,0.0076713579820019435
2023-09-19,0.007536782825030762,0.007691467776441315
2023-09-20,0.009671157685874445,0.0076713579820019435
2023-09-21,0.011587076899883097,0.007691467776441315
2023-09-22,0.012719405190409042,0.0076713579820019435
2023-09-25,0.014311829866520687,0.007691467776441315
2023-09-26,0.01817773470281355,0.0076713579820019435
2023-09-27,0.01686650905936324,0.007691467776441315
2023-09-28,0.016342347600284354,0.0076713579820019435
2023-09-29,0.022613682607525366,0.007691467776441315
2023-10-02,0.022651152842155554,0.0076713579820019435
2023-10-03,0.01937094219286333,0.007836678701976582
2023-10-04,0.018252206525291914,0.007840615337131773
2023-10-05,0.01964917125436218,0.007836678701976582
2023-10-06,0.014766566752176736,0.007840615337131773
2023-10-09,0.013593085341340816,0.007836678701976582
2023-10-10,0.014169868001203918,0.007840615337131773
2023-10-11,0.01603091166114771,0.007836678701976582
2023-10-12,0.016864866307780824,0.007840615337131773
2023-10-13,0.014187316260727991,0.007836678701976582
2023-10-16,0.01920437267146101,0.007840615337131773
2023-10-17,0.018203959583573365,0.007836678701976582
2023-10-18,0.016206983084042396,0.007840615337131773
2023-10-19,0.014589980760467625,0.007836678701976582
2023-10-20,0.015802019847350177,0.007840615337131773
2023-10-23,0.012049163929003246,0.007836678701976582
2023-10-24,0.012063009484449896,0.007840615337131773
2023-10-25,0.012733767203208323,0.007836678701976582
2023-10-26,0.010395608578388466,0.007840615337131773
2023-10-27,0.008677205273688765,0.007836678701976582
2023-10-30,0.007033534504181149,0.007840615337131773
2023-10-31,0.005877201171162383,0.007836678701976582
2023-11-01,0.0052116940602012765,0.018322029000296457
2023-11-02,0.005709032869892449,0.018322029000296457
2023-11-03,0.00899056581443009,0.018322029000296457
2023-11-06,0.009192789772272645,0.018322029000296457
2023-11-07,0.009506427858859275,0.018322029000296457
2023-11-08,0.008954362399333636,0.018322029000296457
2023-11-09,0.008347028177265736,0.018322029000296457
2023-11-10,0.00441354045283405,0.018322029000296457
2023-11-13,0.0046918032987558365,0.008124359383763708
2023-11-14,0.0038555325722138102,0.008080836277933186
2023-11-15,0.0037993845857292236,0.008124359383763708
2023-11-16,0.0032216696889768243,0.008080836277933186
2023-11-17,0.0029264903009455978,0.008124359383763708
2023-11-20,0.002504516189895148,0.008080836277933186
2023-11-21,0.0033775602434890062,0.008124359383763708
2023-11-22,0.0039676388977153,0.008080836277933186
2023-11-24,0.0052969647973486475,0.008124359383763708
2023-11-27,0.007706512997060847,0.008080836277933186
2023-11-28,0.007567706274064294,0.008124359383763708
2023-11-29,0.007067487608536196,0.008080836277933186
2023-11-30,0.00638109476104585,0.008124359383763708
2023-12-01,0.0057893774217836385,0.007669969803845264
2023-12-04,0.0035204768446135196,0.00772367060339058
2023-12-05,0.003765992241327048,0.007669969803845264
2023-12-06,0.004683115517126564,0.00772367060339058
2023-12-07,0.00627957072902164,0.007669969803845264
2023-12-08,0.006697263473540024,0.00772367060339058
2023-12-11,0.007313886364364882,0.007669969803845264
2023-12-12,0.006563008757007632,0.00772367060339058
2023-12-13,0.009235089929197634,0.007669969803845264
2023-12-14,0.008764579770724899,0.00772367060339058
2023-12-15,0.009060189129853007,0.007669969803845264
2023-12-18,0.008596200898260735,0.00772367060339058
2023-12-19,0.008624394335946507,0.007669969803845264
2023-12-20,0.004266260146477749,0.00772367060339058
2023-12-21,0.003915705095139288,0.007669969803845264
2023-12-22,0.003520178960902144,0.00772367060339058
2023-12-26,0.0037918098168535632,0.007669969803845264
2023-12-27,0.0052003463173464805,0.00772367060339058
2023-12-28,0.006849311964689494,0.007669969803845264
2023-12-29,0.006797787998422959,0.00772367060339058
2024-01-02,0.006766215806095724,0.007669969803845264
2024-01-03,0.006893033394582995,0.007333344624610476
2024-01-04,0.008934926061117936,0.007333344624610476
2024-01-05,0.008247951320722402,0.007333344624610476
2024-01-08,0.008265453725660607,0.007333344624610476
2024-01-09,0.008122393860251024,0.007333344624610476
2024-01-10,0.009068291488998886,0.007333344624610476
2024-01-11,0.007620887595861011,0.007333344624610476
2024-01-12,0.007091981378662496,0.007333344624610476
2024-01-16,0.006163045802959768,0.007333344624610476
2024-01-17,0.006342589265435486,0.007333344624610476
2024-01-18,0.005355394890531754,0.007333344624610476
2024-01-19,0.0038041921828626457,0.007333344624610476
2024-01-22,0.004072851820399095,0.007333344624610476
2024-01-23,0.0038322959002870605,0.007333344624610476
2024-01-24,0.0041145033571265985,0.007333344624610476
2024-01-25,0.004648698099589813,0.007333344624610476
2024-01-26,0.006900188812505083,0.007333344624610476
2024-01-29,0.0077020109356245245,0.007333344624610476
2024-01-30,0.007989321896788725,0.007333344624610476
2024-01-31,0.007347074353884433,0.007333344624610476
2024-02-01,0.006132786305380618,0.007333344624610476
2024-02-02,0.0037516531793422197,0.007095633188726864
2024-02-05,0.0031273119007185837,0.007036675811918004
2024-02-06,0.006786030910221101,0.007095633188726864
2024-02-07,0.00799693850743562,0.007036675811918004
2024-02-08,0.00837536312265249,0.007095633188726864
2024-02-09,0.00913570262295201,0.007036675811918004
2024-02-12,0.009606157115407375,0.007095633188726864
2024-02-13,0.006667366056023175,0.007036675811918004
2024-02-14,0.006709791123037176,0.007095633188726864
2024-02-15,0.006864086073616887,0.007036675811918004
2024-02-16,0.005945087260019138,0.007095633188726864
2024-02-20,0.004981875588711217,0.007036675811918004
2024-02-21,0.00403458032158336,0.007095633188726864
2024-02-22,0.0038991322793332332,0.007036675811918004
2024-02-23,0.004199309188246886,0.007095633188726864
2024-02-26,0.0042432845781632585,0.007036675811918004
2024-02-27,0.00624730881187408,0.007095633188726864
2024-02-28,0.007199351306306065,0.007036675811918004
2024-02-29,0.008650438858650498,0.007095633188726864
2024-03-01,0.011357542460165414,0.007036675811918004
2024-03-04,0.011957976563278494,0.007095633188726864
2024-03-05,0.012625594400972346,0.0069331587851472224
2024-03-06,0.012031444811316076,0.006900954636505407
2024-03-07,0.011081182517052379,0.0069331587851472224
2024-03-08,0.008562712968232864,0.006900954636505407
2024-03-11,0.008290045156508928,0.0069331587851472224
2024-03-12,0.0063918826204065705,0.006900954636505407
2024-03-13,0.007019655853446658,0.0069331587851472224
2024-03-14,0.0049785479560198395,0.006900954636505407
2024-03-15,0.003938168407418248,0.0069331587851472224
2024-03-18,0.003319629953437922,0.006900954636505407
2024-03-19,0.002499231466133886,0.0069331587851472224
2024-03-20,0.0023549507305423998,0.006900954636505407
2024-03-21,0.0023162351832008094,0.0069331587851472224
2024-03-22,0.002999361417054744,0.006900954636505407
2024-03-25,0.0033937796120522986,0.0069331587851472224
2024-03-26,0.003671485725391291,0.006900954636505407
2024-03-27,0.006204421372251549,0.0069331587851472224
2024-03-28,0.00864233253524652,0.006900954636505407
2024-04-01,0.008245371594707906,0.0069331587851472224
2024-04-02,0.011437193513331298,0.006900954636505407
2024-04-03,0.012187674524630187,0.0069331587851472224
2024-04-04,0.013318795332923555,0.006782033450389331
2024-04-05,0.01401600010414841,0.006794857172177111
2024-04-08,0.018331820376202193,0.006782033450389331
2024-04-09,0.016249501926847622,0.006794857172177111
2024-04-10,0.017403116739803708,0.006782033450389331
2024-04-11,0.015248810057688337,0.006794857172177111
2024-04-12,0.014806554294307214,0.006782033450389331
2024-04-15,0.014624474728358497,0.006794857172177111
2024-04-16,0.01609378335687725,0.006782033450389331
2024-04-17,0.015065270910462975,0.006794857172177111
2024-04-18,0.015603040985734121,0.006782033450389331
2024-04-19,0.014035503070287846,0.01099590122558658
2024-04-22,0.010616058354682014,0.01099590122558658
2024-04-23,0.009834228035011395,0.01099590122558658
2024-04-24,0.01494458012339403,0.01099590122558658
2024-04-25,0.01571497968804503,0.01099590122558658
2024-04-26,0.01582118258391931,0.01099590122558658
2024-04-29,0.015087487019077635,0.01099590122558658
2024-04-30,0.013139049415646328,0.01099590122558658
2024-05-01,0.00672114773465333,0.01099590122558658
2024-05-02,0.0033575642246323712,0.01099590122558658
2024-05-03,0.002615577463345645,0.013743187192701513
2024-05-06,0.002759459927038069,0.013743187192701513
2024-05-07,0.002995161313109308,0.0067334960708206925
2024-05-08,0.003711569936130564,0.006710619310190123
2024-05-09,0.003824434182621852,0.0067334960708206925
2024-05-10,0.003436918263662407,0.006710619310190123
2024-05-13,0.003330362522665767,0.0067334960708206925
2024-05-14,0.0029230076728074122,0.006710619310190123
2024-05-15,0.003077801348509156,0.0067334960708206925
2024-05-16,0.005257775811722771,0.006710619310190123
2024-05-17,0.0057098779051711485,0.0067334960708206925
2024-05-20,0.006241881684880142,0.006710619310190123
2024-05-21,0.0063334044597979,0.0067334960708206925
2024-05-22,0.006214937280454739,0.006710619310190123
2024-05-23,0.01002824510879974,0.0067334960708206925
2024-05-24,0.013165719829540868,0.006710619310190123
2024-05-28,0.013470579526214754,0.0067334960708206925
2024-05-29,0.015263510888020495,0.006710619310190123
2024-05-30,0.014800574127926245,0.0067334960708206925
2024-05-31,0.009768535134310077,0.006710619310190123
2024-06-03,0.006383929224186065,0.0067334960708206925
2024-06-04,0.006658702062859452,0.010729799437713693
2024-06-05,0.005781822035904048,0.010729799437713693
2024-06-06,0.0062953694095505735,0.010729799437713693
2024-06-07,0.005149995035829036,0.010729799437713693
2024-06-10,0.006944254546304383,0.005640082338001257
2024-06-11,0.005522882301890358,0.005640082338001257
2024-06-12,0.00594169659751957,0.005640082338001257
2024-06-13,0.005359262578231004,0.005640082338001257
2024-06-14,0.006270554253641081,0.005640082338001257
2024-06-17,0.004465746070481075,0.005640082338001257
2024-06-18,0.004938318467933499,0.005640082338001257
2024-06-20,0.003675384403802242,0.005640082338001257
2024-06-21,0.007054454991523486,0.005640082338001257
2024-06-24,0.006584237716385238,0.005640082338001257
2024-06-25,0.006568064798116506,0.005640082338001257
2024-06-26,0.006258112579798529,0.005640082338001257
2024-06-27,0.00660457635067907,0.005640082338001257
2024-06-28,0.002983306925545807,0.005640082338001257
2024-07-01,0.00224031714497538,0.005640082338001257
2024-07-02,0.0024638816015991275,0.005640082338001257
2024-07-03,0.003989189295480608,0.005640082338001257
2024-07-05,0.006304661412786655,0.007130995753605642
2024-07-08,0.008107918226569122,0.007130995753605642
2024-07-09,0.008396048954996595,0.007130995753605642
2024-07-10,0.008598053435110855,0.007130995753605642
2024-07-11,0.01132704783123262,0.007130995753605642
2024-07-12,0.010668006143660733,0.007130995753605642
2024-07-15,0.009834311287062183,0.007130995753605642
2024-07-16,0.010276781510187006,0.007130995753605642
2024-07-17,0.012146218044483296,0.007130995753605642
2024-07-18,0.015548141831303524,0.007130995753605642
2024-07-19,0.015598966651898163,0.007130995753605642
2024-07-22,0.015771586516872278,0.007130995753605642
2024-07-23,0.020286220565128465,0.007130995753605642
2024-07-24,0.02010289598452491,0.007130995753605642
2024-07-25,0.02623830882272841,0.007130995753605642
2024-07-26,0.029478023901444893,0.007256306358242292
2024-07-29,0.04227637485862095,0.007267560060282126
2024-07-30,0.04916599875439205,0.007256306358242292
2024-07-31,0.056407434705667,0.007267560060282126
2024-08-01,0.0472032107137557,0.007256306358242292
2024-08-02,0.0439684825279817,0.007267560060282126
2024-08-05,0.03164645235410813,0.010134276862005237
2024-08-06,0.020386505828245364,0.010134276862005237
2024-08-07,0.0123989560434531,0.010134276862005237
2024-08-08,0.008312294689943937,0.010134276862005237
2024-08-09,0.0064841460072201955,0.010134276862005237
2024-08-12,0.005714918554439343,0.010134276862005237
2024-08-13,0.0056084994522464775,0.010134276862005237
2024-08-14,0.00801307444406851,0.010134276862005237
2024-08-15,0.010084582036339754,0.010134276862005237
2024-08-16,0.01173519910840023,0.010134276862005237
2024-08-19,0.01207653317828727,0.010134276862005237
2024-08-20,0.011953610687805722,0.010134276862005237
2024-08-21,0.010602641452454844,0.010134276862005237
2024-08-22,0.010833285552479328,0.010134276862005237
2024-08-23,0.0120245044367867,0.010134276862005237
2024-08-26,0.0165008063937375,0.010134276862005237
2024-08-27,0.017650213498463414,0.010134276862005237
2024-08-28,0.018272697218056688,0.010134276862005237
2024-08-29,0.021631277296816194,0.010134276862005237
2024-08-30,0.020099465752657822,0.010134276862005237
2024-09-03,0.01688692640715636,0.010134276862005237
2024-09-04,0.03271440853187768,0.011235446023639909
2024-09-05,0.031656695945705304,0.011882251702601288
2024-09-06,0.025845183999399095,0.011235446023639909
2024-09-09,0.024651780552301557,0.011882251702601288
2024-09-10,0.02425886205554598,0.011235446023639909
2024-09-11,0.010968658957917196,0.011882251702601288
2024-09-12,0.010182127128711586,0.011235446023639909
2024-09-13,0.010816412810678782,0.011882251702601288
2024-09-16,0.010447622218379998,0.011235446023639909
2024-09-17,0.009099278399054571,0.011882251702601288
2024-09-18,0.0051703508273783,0.011235446023639909
2024-09-19,0.004910198460603994,0.011882251702601288
2024-09-20,0.004469860209769543,0.011235446023639909
2024-09-23,0.006491236918706363,0.011882251702601288
2024-09-24,0.009106849149703843,0.011235446023639909
2024-09-25,0.01008854466070252,0.011882251702601288
2024-09-26,0.010004717608692976,0.011235446023639909
2024-09-27,0.011229772697771158,0.011882251702601288
2024-09-30,0.010301877754454765,0.011235446023639909
2024-10-01,0.007570418591991696,0.011882251702601288
2024-10-02,0.0070694448741259255,0.011235446023639909
2024-10-03,0.006346982854103056,0.011425360655026005
2024-10-04,0.004976436713324217,0.011139975180593623
2024-10-07,0.004480002357134526,0.011425360655026005
2024-10-08,0.00522079013026088,0.011139975180593623
2024-10-09,0.004876867148948094,0.011425360655026005
2024-10-10,0.004594315448437754,0.011139975180593623
2024-10-11,0.004415949079575934,0.006440259567858859
2024-10-14,0.004776346131784374,0.006440259567858859
2024-10-15,0.004057956149466013,0.006440259567858859
2024-10-16,0.006693927132408277,0.006440259567858859
2024-10-17,0.007144944208582078,0.006440259567858859
2024-10-18,0.009260093341194615,0.006440259567858859
2024-10-21,0.008103477684273898,0.006440259567858859
2024-10-22,0.008425790051928693,0.006440259567858859
2024-10-23,0.006154126024791497,0.006440259567858859
2024-10-24,0.0064008516788763405,0.006440259567858859
2024-10-25,0.005577903746408595,0.006440259567858859
2024-10-28,0.006931787923824972,0.006440259567858859
2024-10-29,0.006506336752814408,0.006440259567858859
2024-10-30,0.008310999732512035,0.006440259567858859
2024-10-31,0.007774373759268055,0.006440259567858859
2024-11-01,0.006540166153301495,0.006412041952825023
2024-11-04,0.00565218155452316,0.006412041952825023
2024-11-05,0.00633026392624355,0.006412041952825023
2024-11-06,0.004695986901716019,0.006412041952825023
2024-11-07,0.005127863199751628,0.006412041952825023
2024-11-08,0.0065530019114885775,0.006412041952825023
2024-11-11,0.006953445042341075,0.006412041952825023
2024-11-12,0.007238313055333559,0.006412041952825023
2024-11-13,0.008719009901078595,0.006412041952825023
2024-11-14,0.011927403583391036,0.006412041952825023
2024-11-15,0.01032913368513266,0.006412041952825023
2024-11-18,0.01132378847607668,0.006412041952825023
2024-11-19,0.01005844585070971,0.006412041952825023
2024-11-20,0.0080418277611967,0.006412041952825023
2024-11-21,0.00445365921834978,0.006412041952825023
2024-11-22,0.0042143501217171645,0.006412041952825023
2024-11-25,0.0023871876687337154,0.006412041952825023
2024-11-26,0.002210133747005303,0.006412041952825023
2024-11-27,0.001730892457873209,0.006412041952825023
2024-11-29,0.0013618996024471342,0.006412041952825023
2024-12-02,0.0016488351273045599,0.006412041952825023
2024-12-03,0.002012009030545606,0.006372136504655604
2024-12-04,0.00206755401534901,0.006372136504655604
2024-12-05,0.002076895278784712,0.006372136504655604
2024-12-06,0.0028278285938450223,0.006372136504655604
2024-12-09,0.0027467551154074163,0.006372136504655604
2024-12-10,0.0025271694409331885,0.006372136504655604
2024-12-11,0.014727927991740813,0.006372136504655604
2024-12-12,0.016600871376553382,0.006372136504655604
2024-12-13,0.026625131001577367,0.006372136504655604
2024-12-16,0.02961019386335164,0.006372136504655604
2024-12-17,0.03018512160081872,0.006372136504655604
2024-12-18,0.018717536479727445,0.006372136504655604
2024-12-19,0.01972951803417055,0.011224331842152765
2024-12-20,0.012584196917659982,0.010998766788580755
2024-12-23,0.011178104645911947,0.011224331842152765
