date,y_true_rv_gk,y_hmm_pred
2020-01-31,0.024100964325432038,0.00308347463581913
2020-02-03,0.009780109410353267,0.006070275212717873
2020-02-04,0.005225833176916188,0.0074045295168519015
2020-02-05,0.006393030954314159,0.0074045295168519015
2020-02-06,0.0021846520611540875,0.0074045295168519015
2020-02-07,0.006160020663679377,0.0074045295168519015
2020-02-10,0.003951745040546726,0.006070275212717873
2020-02-11,0.005417018926010862,0.0074045295168519015
2020-02-12,0.0013527503092227594,0.006070275212717873
2020-02-13,0.006039611800726588,0.0074045295168519015
2020-02-14,0.0025907540715065453,0.006070275212717873
2020-02-18,0.006694963259297502,0.0074045295168519015
2020-02-19,0.0025610361809362517,0.006070275212717873
2020-02-20,0.026898422390911805,0.0074045295168519015
2020-02-21,0.008324395788654636,0.006070275212717873
2020-02-24,0.1779743056275961,0.0074045295168519015
2020-02-25,0.0853491809767783,0.006070275212717873
2020-02-26,0.06285060720691805,0.0074045295168519015
2020-02-27,0.20059142720703133,0.006070275212717873
2020-02-28,0.16085480557439305,0.0074045295168519015
2020-03-02,0.17402315555085934,0.006070275212717873
2020-03-03,0.26724189921726305,0.01393763206745256
2020-03-04,0.08045510042784082,0.01393763206745256
2020-03-05,0.09073750467221604,0.01393763206745256
2020-03-06,0.0854758390735578,0.01393763206745256
2020-03-09,0.18552218609891682,0.01393763206745256
2020-03-10,0.34319905281811547,0.01393763206745256
2020-03-11,0.15097858769481903,0.01393763206745256
2020-03-12,0.5915366584787065,0.01393763206745256
2020-03-13,0.9305371381638645,0.01393763206745256
2020-03-16,0.7855588372105687,0.01393763206745256
2020-03-17,0.6618887567168484,0.01393763206745256
2020-03-18,0.8966510109092856,0.01393763206745256
2020-03-19,0.5012326076695481,0.01393763206745256
2020-03-20,0.24443771984907778,0.01393763206745256
2020-03-23,0.27518999612280115,0.01393763206745256
2020-03-24,0.10404291140767033,0.01393763206745256
2020-03-25,0.5587814361949898,0.01393763206745256
2020-03-26,0.16015224622833069,0.01393763206745256
2020-03-27,0.18325326460975738,0.01393763206745256
2020-03-30,0.09848176265510722,0.01393763206745256
2020-03-31,0.08295390840210301,0.01393763206745256
2020-04-01,0.37418408916043466,0.20496601498269565
2020-04-02,0.06391404570983879,0.22654460270709234
2020-04-03,0.12273837590714795,0.20496601498269565
2020-04-06,0.6036913367273525,0.22654460270709234
2020-04-07,0.06742280144682626,0.20496601498269565
2020-04-08,0.15002445715323562,0.22654460270709234
2020-04-09,0.05291971936558246,0.20496601498269565
2020-04-13,0.05945451044815301,0.22654460270709234
2020-04-14,0.13188439667633206,0.20496601498269565
2020-04-15,0.11579080181734697,0.22654460270709234
2020-04-16,0.029746377892125385,0.20496601498269565
2020-04-17,0.035397093829372485,0.22654460270709234
2020-04-20,0.04493827195672597,0.20496601498269565
2020-04-21,0.04283057772946365,0.22654460270709234
2020-04-22,0.026382331007600228,0.20496601498269565
2020-04-23,0.04040735150383172,0.22654460270709234
2020-04-24,0.036971707381984284,0.20496601498269565
2020-04-27,0.016028581604282714,0.22654460270709234
2020-04-28,0.02178045422323184,0.20496601498269565
2020-04-29,0.026184000797406327,0.22654460270709234
2020-04-30,0.03156339730175841,0.20496601498269565
2020-05-01,0.1209653901482196,0.1315563237759354
2020-05-04,0.0263829105507969,0.11421420479676858
2020-05-05,0.04688235665273351,0.1315563237759354
2020-05-06,0.016633843506756125,0.11421420479676858
2020-05-07,0.010628569517847283,0.1315563237759354
2020-05-08,0.012083887645918166,0.11421420479676858
2020-05-11,0.01974720652836193,0.1315563237759354
2020-05-12,0.030476429757290327,0.11421420479676858
2020-05-13,0.08248216222173023,0.1315563237759354
2020-05-14,0.19338697984282777,0.11421420479676858
2020-05-15,0.02053565363391981,0.1315563237759354
2020-05-18,0.019511645349958404,0.11421420479676858
2020-05-19,0.020024420709095936,0.1315563237759354
2020-05-20,0.0062051992650551824,0.11421420479676858
2020-05-21,0.018772319232831767,0.1315563237759354
2020-05-22,0.007595681033132681,0.11421420479676858
2020-05-26,0.055159160150793154,0.1315563237759354
2020-05-27,0.06064890301771093,0.11421420479676858
2020-05-28,0.02577182377573119,0.1315563237759354
2020-05-29,0.03792310151553778,0.11421420479676858
2020-06-01,0.009563633574664825,0.1315563237759354
2020-06-02,0.00989195447407152,0.044583076685123305
2020-06-03,0.010180407752036606,0.054549161923494946
2020-06-04,0.019950766449798863,0.044583076685123305
2020-06-05,0.016609906545176068,0.054549161923494946
2020-06-08,0.009063185298171579,0.044583076685123305
2020-06-09,0.018525945493059904,0.054549161923494946
2020-06-10,0.015796329691508456,0.044583076685123305
2020-06-11,0.0758822852635146,0.054549161923494946
2020-06-12,0.13306962532514469,0.044583076685123305
2020-06-15,0.0966663234781739,0.054549161923494946
2020-06-16,0.07614994674239162,0.044583076685123305
2020-06-17,0.010289073295825528,0.054549161923494946
2020-06-18,0.006991388261722004,0.044583076685123305
2020-06-19,0.04986726910051215,0.054549161923494946
2020-06-22,0.01737826019710299,0.044583076685123305
2020-06-23,0.008674836698408466,0.054549161923494946
2020-06-24,0.06083809369916512,0.044583076685123305
2020-06-25,0.039274849851024,0.054549161923494946
2020-06-26,0.027161725997724276,0.044583076685123305
2020-06-29,0.03477371624871377,0.054549161923494946
2020-06-30,0.03458599507581506,0.044583076685123305
2020-07-01,0.009480741841500107,0.059144906428315845
2020-07-02,0.01848459075149743,0.059144906428315845
2020-07-06,0.005200188646563212,0.059144906428315845
2020-07-07,0.019290479667926616,0.059144906428315845
2020-07-08,0.014097442529514425,0.059144906428315845
2020-07-09,0.04679889638652583,0.059144906428315845
2020-07-10,0.02273049719424113,0.059144906428315845
2020-07-13,0.06446717321029,0.059144906428315845
2020-07-14,0.04527815150661863,0.059144906428315845
2020-07-15,0.01706935226465894,0.059144906428315845
2020-07-16,0.004945765662684949,0.059144906428315845
2020-07-17,0.009760124565596929,0.059144906428315845
2020-07-20,0.016785726957889314,0.059144906428315845
2020-07-21,0.008733700345470765,0.059144906428315845
2020-07-22,0.004047770071412954,0.059144906428315845
2020-07-23,0.028224639213071348,0.059144906428315845
2020-07-24,0.009197588303626873,0.059144906428315845
2020-07-27,0.006097817576849187,0.059144906428315845
2020-07-28,0.007952911772124392,0.059144906428315845
2020-07-29,0.007634992061884461,0.059144906428315845
2020-07-30,0.023685309103012628,0.059144906428315845
2020-07-31,0.03336996488846212,0.008659145923499308
2020-08-03,0.003967146176741785,0.0069628906373508945
2020-08-04,0.0012815920320769056,0.008659145923499308
2020-08-05,0.0013137006984384036,0.0069628906373508945
2020-08-06,0.005481098678804253,0.008659145923499308
2020-08-07,0.006084116824059206,0.0069628906373508945
2020-08-10,0.008673896226036653,0.008659145923499308
2020-08-11,0.020139045911167004,0.0069628906373508945
2020-08-12,0.005706922153373511,0.008659145923499308
2020-08-13,0.006454458247026171,0.0069628906373508945
2020-08-14,0.003446159391114579,0.008659145923499308
2020-08-17,0.0024536409904324596,0.0069628906373508945
2020-08-18,0.0067676775798018955,0.008659145923499308
2020-08-19,0.007033349471852222,0.0069628906373508945
2020-08-20,0.006902155999419931,0.008659145923499308
2020-08-21,0.0031090138016170946,0.0069628906373508945
2020-08-24,0.013106926463154355,0.008659145923499308
2020-08-25,0.003738502097539115,0.0069628906373508945
2020-08-26,0.007915037533613258,0.008659145923499308
2020-08-27,0.01177561316464188,0.0069628906373508945
2020-08-28,0.005783040979866524,0.008659145923499308
2020-08-31,0.004295287982295315,0.003786575149657821
2020-09-01,0.007813363493539676,0.003786575149657821
2020-09-02,0.021080317478711683,0.003786575149657821
2020-09-03,0.1092480213295001,0.003786575149657821
2020-09-04,0.17126594204954076,0.003786575149657821
2020-09-08,0.09459543208344509,0.08617635338808047
2020-09-09,0.033146854494997165,0.08617635338808047
2020-09-10,0.049914042742634716,0.08617635338808047
2020-09-11,0.0375734493290048,0.08617635338808047
2020-09-14,0.04122471583310134,0.08617635338808047
2020-09-15,0.012959581637081396,0.08617635338808047
2020-09-16,0.016274991894844514,0.08617635338808047
2020-09-17,0.02033959102287298,0.08617635338808047
2020-09-18,0.04519786423402183,0.015076641526564377
2020-09-21,0.03343449175803228,0.015076641526564377
2020-09-22,0.026997744178289672,0.015076641526564377
2020-09-23,0.03559440501507516,0.015076641526564377
2020-09-24,0.054203239880001516,0.015076641526564377
2020-09-25,0.04020979994126511,0.015076641526564377
2020-09-28,0.008119865645144268,0.015076641526564377
2020-09-29,0.009016503358943157,0.015076641526564377
2020-09-30,0.029920057937890474,0.040715533913844644
2020-10-01,0.015086026954052858,0.03775636753175244
2020-10-02,0.034211423186595376,0.040715533913844644
2020-10-05,0.005538158926293629,0.03775636753175244
2020-10-06,0.04562017375849432,0.040715533913844644
2020-10-07,0.007782008052510107,0.03775636753175244
2020-10-08,0.0035305775158229824,0.040715533913844644
2020-10-09,0.00501327761411394,0.03775636753175244
2020-10-12,0.0187113785550091,0.040715533913844644
2020-10-13,0.00805065902411986,0.03775636753175244
2020-10-14,0.01731952303327141,0.040715533913844644
2020-10-15,0.01352282403164068,0.03775636753175244
2020-10-16,0.01154777875810733,0.040715533913844644
2020-10-19,0.03668762519370298,0.03775636753175244
2020-10-20,0.019052724197518512,0.040715533913844644
2020-10-21,0.01108561534528372,0.03775636753175244
2020-10-22,0.02032904810586641,0.040715533913844644
2020-10-23,0.008662764034617507,0.03775636753175244
2020-10-26,0.05299779937034362,0.040715533913844644
2020-10-27,0.002963663645949571,0.03775636753175244
2020-10-28,0.14120920663824066,0.040715533913844644
2020-10-29,0.07176987163614348,0.03043320921389476
2020-10-30,0.05679976111948854,0.037602583621215414
2020-11-02,0.030368672891660196,0.03043320921389476
2020-11-03,0.06670290020309835,0.037602583621215414
2020-11-04,0.0683761041847179,0.03043320921389476
2020-11-05,0.010576027770522887,0.037602583621215414
2020-11-06,0.015320557356718103,0.03043320921389476
2020-11-09,0.037217547432617876,0.037602583621215414
2020-11-10,0.02183690074185908,0.03043320921389476
2020-11-11,0.006147112757004054,0.037602583621215414
2020-11-12,0.025623571491965383,0.03043320921389476
2020-11-13,0.011247711589570934,0.037602583621215414
2020-11-16,0.007948426083358582,0.03043320921389476
2020-11-17,0.012134891908177606,0.037602583621215414
2020-11-18,0.010841027992173114,0.03043320921389476
2020-11-19,0.012495744441104408,0.037602583621215414
2020-11-20,0.002440466553329971,0.03043320921389476
2020-11-23,0.015414230850469602,0.037602583621215414
2020-11-24,0.012952325746824603,0.03043320921389476
2020-11-25,0.002545669550493023,0.037602583621215414
2020-11-27,0.0024215723424456308,0.03043320921389476
2020-11-30,0.01463388035960146,0.012945075914211073
2020-12-01,0.006954259089660723,0.009270951785641007
2020-12-02,0.004358318908785037,0.012945075914211073
2020-12-03,0.006775009746427847,0.009270951785641007
2020-12-04,0.0018304020680225646,0.012945075914211073
2020-12-07,0.0033430777060559622,0.009270951785641007
2020-12-08,0.0046466894386207125,0.012945075914211073
2020-12-09,0.012515004358108614,0.009270951785641007
2020-12-10,0.009713727221902554,0.012945075914211073
2020-12-11,0.010026232330960368,0.009270951785641007
2020-12-14,0.015086685508852882,0.012945075914211073
2020-12-15,0.009110079290718795,0.009270951785641007
2020-12-16,0.004739127340662453,0.012945075914211073
2020-12-17,0.0017493106008201564,0.009270951785641007
2020-12-18,0.013499665730563663,0.012945075914211073
2020-12-21,0.2421486417660793,0.009270951785641007
2020-12-22,0.004266505930876541,0.012945075914211073
2020-12-23,0.004984467938050156,0.009270951785641007
2020-12-24,0.0017129690641096479,0.012945075914211073
2020-12-28,0.0019754280677636397,0.009270951785641007
2020-12-29,0.005257812393148103,0.012945075914211073
2020-12-30,0.002041482241232378,0.011862620622347532
2020-12-31,0.007569494309665788,0.012616467877542267
2021-01-04,0.0740412777487809,0.011862620622347532
2021-01-05,0.010769276168264535,0.012616467877542267
2021-01-06,0.0455454761240123,0.011862620622347532
2021-01-07,0.007901421786656874,0.012616467877542267
2021-01-08,0.016578035150326034,0.011862620622347532
2021-01-11,0.006689324407908099,0.012616467877542267
2021-01-12,0.010786567861725917,0.011862620622347532
2021-01-13,0.007113512146632179,0.012616467877542267
2021-01-14,0.004961162672637963,0.011862620622347532
2021-01-15,0.012727313794017257,0.012616467877542267
2021-01-19,0.005358706639104576,0.011862620622347532
2021-01-20,0.009316748586365357,0.012616467877542267
2021-01-21,0.002427057794189111,0.011862620622347532
2021-01-22,0.004240890565841329,0.012616467877542267
2021-01-25,0.03410850482458831,0.011862620622347532
2021-01-26,0.002816067064101691,0.012616467877542267
2021-01-27,0.03841422790848682,0.011862620622347532
2021-01-28,0.03091274334519427,0.012616467877542267
2021-01-29,0.04244144227507347,0.011862620622347532
2021-02-01,0.039309365449289854,0.011464836771131645
2021-02-02,0.03916991881643127,0.015887085488874717
2021-02-03,0.008716587458269115,0.011464836771131645
2021-02-04,0.008704549320747863,0.015887085488874717
2021-02-05,0.004404788863393922,0.011464836771131645
2021-02-08,0.003072646152061824,0.015887085488874717
2021-02-09,0.002188123681103248,0.011464836771131645
2021-02-10,0.016290258633372506,0.015887085488874717
2021-02-11,0.010503528960869967,0.011464836771131645
2021-02-12,0.0031102572840412054,0.015887085488874717
2021-02-16,0.003954605965531198,0.011464836771131645
2021-02-17,0.006673536975726394,0.015887085488874717
2021-02-18,0.011042621179676053,0.011464836771131645
2021-02-19,0.00395278430012906,0.015887085488874717
2021-02-22,0.006935185200972971,0.011464836771131645
2021-02-23,0.05996470528681916,0.015887085488874717
2021-02-24,0.021356450838218213,0.011464836771131645
2021-02-25,0.061453962329825855,0.015887085488874717
2021-02-26,0.03607130032167256,0.011464836771131645
2021-03-01,0.08040344649217977,0.015887085488874717
2021-03-02,0.006911712906679745,0.011464836771131645
2021-03-03,0.013394581153301737,0.015880868627222468
2021-03-04,0.115750786718,0.011832429464730867
2021-03-05,0.12237780118542903,0.015880868627222468
2021-03-08,0.02766056499124606,0.011832429464730867
2021-03-09,0.016610886018267986,0.015880868627222468
2021-03-10,0.008644409295693456,0.011832429464730867
2021-03-11,0.011362507847991154,0.015880868627222468
2021-03-12,0.004907204236894226,0.011832429464730867
2021-03-15,0.01489980760168906,0.015880868627222468
2021-03-16,0.005229251521293533,0.011832429464730867
2021-03-17,0.014065836822911916,0.015880868627222468
2021-03-18,0.023295475738656524,0.011832429464730867
2021-03-19,0.016135127684770604,0.015880868627222468
2021-03-22,0.009616212216913866,0.011832429464730867
2021-03-23,0.015279541766228907,0.015880868627222468
2021-03-24,0.015301724538558017,0.011832429464730867
2021-03-25,0.028206887929142103,0.015880868627222468
2021-03-26,0.014465123299303268,0.011832429464730867
2021-03-29,0.011362832048122818,0.015880868627222468
2021-03-30,0.004727137864353093,0.011832429464730867
2021-03-31,0.005186089318453672,0.015880868627222468
2021-04-01,0.0019178462158636962,0.012400277769027
2021-04-05,0.004734534295875454,0.015938335523563517
2021-04-06,0.0025073100044316642,0.012400277769027
2021-04-07,0.0014919137641587327,0.015938335523563517
2021-04-08,0.0018598454269359258,0.012400277769027
2021-04-09,0.0031507788685352714,0.015938335523563517
2021-04-12,0.0018724493398276846,0.012400277769027
2021-04-13,0.0032910982580842286,0.015938335523563517
2021-04-14,0.00598192243147217,0.012400277769027
2021-04-15,0.001898257583511622,0.015938335523563517
2021-04-16,0.003446501095416266,0.012400277769027
2021-04-19,0.005737626581243304,0.015938335523563517
2021-04-20,0.01324310365423347,0.012400277769027
2021-04-21,0.006061040437577785,0.015938335523563517
2021-04-22,0.01603316900849464,0.012400277769027
2021-04-23,0.013282795141252938,0.015938335523563517
2021-04-26,0.001420901296517978,0.012400277769027
2021-04-27,0.0023569186396963765,0.015938335523563517
2021-04-28,0.003117494220801409,0.012400277769027
2021-04-29,0.013136446644051964,0.015938335523563517
2021-04-30,0.00343889580255868,0.012400277769027
2021-05-03,0.0025438933276639383,0.009393117048165704
2021-05-04,0.017742217215751716,0.006565607940846434
2021-05-05,0.002979213077907837,0.009393117048165704
2021-05-06,0.016354456099494402,0.006565607940846434
2021-05-07,0.006792307054154768,0.009393117048165704
2021-05-10,0.005875147713031508,0.006565607940846434
2021-05-11,0.019383557398939617,0.009393117048165704
2021-05-12,0.035997245770033416,0.006565607940846434
2021-05-13,0.015321639587498676,0.009393117048165704
2021-05-14,0.007146083870514964,0.006565607940846434
2021-05-17,0.00671146669141774,0.009393117048165704
2021-05-18,0.0050676763094257265,0.006565607940846434
2021-05-19,0.015704444312909377,0.009393117048165704
2021-05-20,0.01117921692657301,0.006565607940846434
2021-05-21,0.008126643992434008,0.009393117048165704
2021-05-24,0.005681511057484238,0.006565607940846434
2021-05-25,0.004428554457663117,0.009393117048165704
2021-05-26,0.002437780938268447,0.006565607940846434
2021-05-27,0.0017113888815096438,0.009393117048165704
2021-05-28,0.0010426520435029558,0.006565607940846434
2021-06-01,0.004193598910786123,0.009393117048165704
2021-06-02,0.002684094751990342,0.009318925078265754
2021-06-03,0.009448633141193867,0.006983005082022345
2021-06-04,0.009967153457683495,0.009318925078265754
2021-06-07,0.0017015361509057064,0.006983005082022345
2021-06-08,0.005540615678865495,0.009318925078265754
2021-06-09,0.0011406138648234053,0.006983005082022345
2021-06-10,0.006447971657221597,0.009318925078265754
2021-06-11,0.0018133775463696862,0.006983005082022345
2021-06-14,0.0032359438092012436,0.009318925078265754
2021-06-15,0.0021012523278736432,0.006983005082022345
2021-06-16,0.013855176380246392,0.009318925078265754
2021-06-17,0.009675111791309256,0.006983005082022345
2021-06-18,0.004475154815706863,0.009318925078265754
2021-06-21,0.009786256124992326,0.006983005082022345
2021-06-22,0.008078181271994216,0.009318925078265754
2021-06-23,0.0014783288906533335,0.006983005082022345
2021-06-24,0.000579318917496747,0.006983005082022345
2021-06-25,0.001374092355082863,0.006983005082022345
2021-06-28,0.002094910623367174,0.009318925078265754
2021-06-29,0.0013903239539575542,0.006983005082022345
2021-06-30,0.0013764279587110378,0.009318925078265754
2021-07-01,0.0009277024381337851,0.004879121200359676
2021-07-02,0.006455784203726773,0.006093548787103118
2021-07-06,0.010427602337381993,0.004879121200359676
2021-07-07,0.006763394924738817,0.006093548787103118
2021-07-08,0.00968669739740375,0.004879121200359676
2021-07-09,0.01304409951731996,0.006093548787103118
2021-07-12,0.0023592468634323726,0.004879121200359676
2021-07-13,0.0040150767035244984,0.006093548787103118
2021-07-14,0.005307424817270659,0.004879121200359676
2021-07-15,0.005277197420954172,0.006093548787103118
2021-07-16,0.006426739505243511,0.004879121200359676
2021-07-19,0.060877308671210176,0.006093548787103118
2021-07-20,0.024156348868102872,0.004879121200359676
2021-07-21,0.0066261490526034845,0.006093548787103118
2021-07-22,0.002481164556905431,0.004879121200359676
2021-07-23,0.005109688857357566,0.006093548787103118
2021-07-26,0.0005684247823760537,0.004879121200359676
2021-07-27,0.00984102565284467,0.006093548787103118
2021-07-28,0.005485667632051814,0.004879121200359676
2021-07-29,0.0022219037199178826,0.006093548787103118
2021-07-30,0.0032474337541210656,0.004879121200359676
2021-08-02,0.005224141782847411,0.006165908457104434
2021-08-03,0.013871833292723883,0.004730049003356369
2021-08-04,0.0033961175832274157,0.006165908457104434
2021-08-05,0.001328743936526367,0.004730049003356369
2021-08-06,0.0007611165338184317,0.006165908457104434
2021-08-09,0.001377295035372226,0.004730049003356369
2021-08-10,0.0015624366453219761,0.006165908457104434
2021-08-11,0.0010173816026280455,0.004730049003356369
2021-08-12,0.003227017841163417,0.006165908457104434
2021-08-13,0.00042714853417882555,0.004730049003356369
2021-08-16,0.008522599394887592,0.006165908457104434
2021-08-17,0.010830424473415923,0.004730049003356369
2021-08-18,0.013900182112037437,0.006165908457104434
2021-08-19,0.009966342030636118,0.004730049003356369
2021-08-20,0.0054467931904101,0.006165908457104434
2021-08-23,0.012388475556390905,0.004730049003356369
2021-08-24,0.0007875642319724205,0.006165908457104434
2021-08-25,0.001523175369328437,0.004730049003356369
2021-08-26,0.0019013154461274215,0.006165908457104434
2021-08-27,0.0033230139034697596,0.004730049003356369
2021-08-30,0.002678854265832635,0.006165908457104434
2021-08-31,0.0013671995381883727,0.004080918615668218
2021-09-01,0.0012236772073210343,0.004924128693128434
2021-09-02,0.002804120339576425,0.004080918615668218
2021-09-03,0.0020861504918241107,0.004924128693128434
2021-09-07,0.0019010622741560883,0.004080918615668218
2021-09-08,0.004907286044397162,0.004924128693128434
2021-09-09,0.00777346267730842,0.004080918615668218
2021-09-10,0.00874027204159866,0.004924128693128434
2021-09-13,0.012559943281154692,0.004080918615668218
2021-09-14,0.008991129011573187,0.004924128693128434
2021-09-15,0.010456743339146476,0.004080918615668218
2021-09-16,0.011910155046490256,0.004924128693128434
2021-09-17,0.005996815695588016,0.004080918615668218
2021-09-20,0.039536983963424456,0.004924128693128434
2021-09-21,0.011238791621134754,0.004080918615668218
2021-09-22,0.024364837962569615,0.004924128693128434
2021-09-23,0.012491296787047546,0.004080918615668218
2021-09-24,0.0046578043087329634,0.004924128693128434
2021-09-27,0.002953816389479882,0.004080918615668218
2021-09-28,0.015146431686557278,0.004924128693128434
2021-09-29,0.006480291323878287,0.004080918615668218
2021-09-30,0.01832492374657357,0.004695187219304569
2021-10-01,0.04684921596221079,0.004695187219304569
2021-10-04,0.0293631376117933,0.004695187219304569
2021-10-05,0.02079880551842808,0.004695187219304569
2021-10-06,0.022386786597478975,0.004695187219304569
2021-10-07,0.007847012579180567,0.009522271240934323
2021-10-08,0.0034485789205419737,0.015693315673715146
2021-10-11,0.01782093668414512,0.015693315673715146
2021-10-12,0.0051930248520672346,0.009522271240934323
2021-10-13,0.01350574192330892,0.015693315673715146
2021-10-14,0.004943454502390193,0.009522271240934323
2021-10-15,0.0023781064798195704,0.015693315673715146
2021-10-18,0.006550676139621138,0.009522271240934323
2021-10-19,0.0022893345549583996,0.015693315673715146
2021-10-20,0.0010441303129228206,0.009522271240934323
2021-10-21,0.0023330350619426015,0.015693315673715146
2021-10-22,0.008051336428705948,0.015693315673715146
2021-10-25,0.006767851046242457,0.004695187219304569
2021-10-26,0.004460739116606757,0.004695187219304569
2021-10-27,0.0036532939694429154,0.004695187219304569
2021-10-28,0.0014374915745472522,0.004695187219304569
2021-10-29,0.004317375298582866,0.0047182524519664764
2021-11-01,0.0036995070752148776,0.0047182524519664764
2021-11-02,0.001446362015556298,0.0047182524519664764
2021-11-03,0.005658636214999906,0.0047182524519664764
2021-11-04,0.0012678689685496675,0.0047182524519664764
2021-11-05,0.007727981002965947,0.0047182524519664764
2021-11-08,0.002096356138067365,0.0047182524519664764
2021-11-09,0.006172108976600017,0.0047182524519664764
2021-11-10,0.014905391724233795,0.0047182524519664764
2021-11-11,0.0004492624652958522,0.0047182524519664764
2021-11-12,0.006089644783032056,0.0047182524519664764
2021-11-15,0.0031864837580785395,0.0047182524519664764
2021-11-16,0.004691707768162065,0.0047182524519664764
2021-11-17,0.0013518475864039766,0.0047182524519664764
2021-11-18,0.007636676882511118,0.0047182524519664764
2021-11-19,0.003170807942355977,0.0047182524519664764
2021-11-22,0.016941220426792743,0.0047182524519664764
2021-11-23,0.012085811767613135,0.0047182524519664764
2021-11-24,0.005982764022054932,0.0047182524519664764
2021-11-26,0.017085435564789857,0.0047182524519664764
2021-11-29,0.01351783945081825,0.0047182524519664764
2021-11-30,0.02626888689803843,0.0046836418572600725
2021-12-01,0.06642745905963056,0.0046836418572600725
2021-12-02,0.025764685911322596,0.0046836418572600725
2021-12-03,0.06350366964891156,0.0046836418572600725
2021-12-06,0.028222468984241248,0.008479418159410806
2021-12-07,0.05461039659157977,0.0127132382373598
2021-12-08,0.005473357747015436,0.008479418159410806
2021-12-09,0.005565788405813709,0.0127132382373598
2021-12-10,0.010048764438914679,0.008479418159410806
2021-12-13,0.004754034666196687,0.0127132382373598
2021-12-14,0.017683159048869596,0.008479418159410806
2021-12-15,0.036468575783745606,0.0127132382373598
2021-12-16,0.020793285051649686,0.008479418159410806
2021-12-17,0.0251164262045297,0.0127132382373598
2021-12-20,0.0110118654221919,0.008479418159410806
2021-12-21,0.019303311627607886,0.0127132382373598
2021-12-22,0.005127785967715247,0.008479418159410806
2021-12-23,0.0056654006651780985,0.0127132382373598
2021-12-27,0.004026111935354327,0.008479418159410806
2021-12-28,0.0038715853725514626,0.0127132382373598
2021-12-29,0.0037488293150094525,0.008479418159410806
2021-12-30,0.004792029757520114,0.014087373538237672
2021-12-31,0.00247044572277679,0.009509421493802524
2022-01-03,0.008052813708658329,0.014087373538237672
2022-01-04,0.0095000601441578,0.009509421493802524
2022-01-05,0.019388150829965256,0.014087373538237672
2022-01-06,0.016703499826214975,0.009509421493802524
2022-01-07,0.01042078551853199,0.014087373538237672
2022-01-10,0.04592710885093446,0.009509421493802524
2022-01-11,0.026210164516393086,0.014087373538237672
2022-01-12,0.010162106998484308,0.009509421493802524
2022-01-13,0.025193943472917407,0.014087373538237672
2022-01-14,0.010207498758052819,0.009509421493802524
2022-01-18,0.008109642143643318,0.014087373538237672
2022-01-19,0.021187888177997802,0.009509421493802524
2022-01-20,0.10175959050969867,0.014087373538237672
2022-01-21,0.036967874492344906,0.009509421493802524
2022-01-24,0.23047007213767062,0.014087373538237672
2022-01-25,0.10495886234127721,0.009509421493802524
2022-01-26,0.12499431507947315,0.014087373538237672
2022-01-27,0.07253190603521265,0.009509421493802524
2022-01-28,0.09022333762936792,0.014087373538237672
2022-01-31,0.032883235456985155,0.012169052641545003
2022-02-01,0.02535673963001487,0.012169052641545003
2022-02-02,0.014005496478482206,0.012169052641545003
2022-02-03,0.02374741710952817,0.012169052641545003
2022-02-04,0.04753837751148221,0.012169052641545003
2022-02-07,0.014103943456091471,0.012169052641545003
2022-02-08,0.019546331101775484,0.012169052641545003
2022-02-09,0.002465857538333797,0.012169052641545003
2022-02-10,0.06603408943433327,0.012169052641545003
2022-02-11,0.06263774599728737,0.012169052641545003
2022-02-14,0.025275288866929216,0.012169052641545003
2022-02-15,0.003359940931930464,0.012169052641545003
2022-02-16,0.020331973878972658,0.012169052641545003
2022-02-17,0.0475338691046717,0.012169052641545003
2022-02-18,0.02619409712521961,0.012169052641545003
2022-02-22,0.060308312454044846,0.012169052641545003
2022-02-23,0.036738291376085815,0.012169052641545003
2022-02-24,0.06983780569425735,0.012169052641545003
2022-02-25,0.03269089066697161,0.012169052641545003
2022-02-28,0.026632632087333186,0.012169052641545003
2022-03-01,0.05496625614468381,0.012169052641545003
2022-03-02,0.02843408506098576,0.01738268861924675
2022-03-03,0.02369252298019795,0.01596176380475782
2022-03-04,0.020387823504604063,0.01738268861924675
2022-03-07,0.03737224443454931,0.01596176380475782
2022-03-08,0.09751375458930425,0.01738268861924675
2022-03-09,0.028291192221020164,0.01596176380475782
2022-03-10,0.020470885551847333,0.01738268861924675
2022-03-11,0.02472515063976609,0.01596176380475782
2022-03-14,0.046379005534323337,0.01738268861924675
2022-03-15,0.027726651827714235,0.01596176380475782
2022-03-16,0.06351799979058192,0.01738268861924675
2022-03-17,0.01246826668916251,0.01596176380475782
2022-03-18,0.01655733314254184,0.01738268861924675
2022-03-21,0.021393851461633973,0.01596176380475782
2022-03-22,0.007216205408193136,0.01738268861924675
2022-03-23,0.00971954514375269,0.01596176380475782
2022-03-24,0.010687195619812899,0.01738268861924675
2022-03-25,0.011725853540081222,0.01596176380475782
2022-03-28,0.014013851460322047,0.01738268861924675
2022-03-29,0.013189111711442339,0.01596176380475782
2022-03-30,0.012150363131946448,0.01738268861924675
2022-03-31,0.01677456399005992,0.018889263088540175
2022-04-01,0.011473299253569737,0.018889263088540175
2022-04-04,0.006849908424859104,0.018889263088540175
2022-04-05,0.030929837262491905,0.018889263088540175
2022-04-06,0.01880035030810533,0.018889263088540175
2022-04-07,0.0273909343688531,0.018889263088540175
2022-04-08,0.013713967462701265,0.018889263088540175
2022-04-11,0.011533176335922404,0.018889263088540175
2022-04-12,0.04210497465009787,0.018889263088540175
2022-04-13,0.011498044535688224,0.018889263088540175
2022-04-14,0.015540721460523705,0.018889263088540175
2022-04-18,0.01058902355191177,0.018889263088540175
2022-04-19,0.0168238745341433,0.018889263088540175
2022-04-20,0.00822663138854847,0.018889263088540175
2022-04-21,0.05234426107192074,0.018889263088540175
2022-04-22,0.04621509396045606,0.018889263088540175
2022-04-25,0.05552127738746847,0.018889263088540175
2022-04-26,0.018641582954563373,0.018889263088540175
2022-04-27,0.04491478641051751,0.018889263088540175
2022-04-28,0.08537748338499716,0.018889263088540175
2022-04-29,0.07969277217489122,0.018889263088540175
2022-05-02,0.08555112472122996,0.01985153117977163
2022-05-03,0.02151652965082953,0.018610813535950666
2022-05-04,0.10224311675146139,0.01985153117977163
2022-05-05,0.11138054013020884,0.018610813535950666
2022-05-06,0.06155388565864145,0.01985153117977163
2022-05-09,0.047804178249499056,0.018610813535950666
2022-05-10,0.08204961954592345,0.01985153117977163
2022-05-11,0.0984707983285927,0.018610813535950666
2022-05-12,0.08812163990534662,0.01985153117977163
2022-05-13,0.02993540881663831,0.018610813535950666
2022-05-16,0.03182318853931951,0.01985153117977163
2022-05-17,0.025606273829886988,0.018610813535950666
2022-05-18,0.056844780813231084,0.01985153117977163
2022-05-19,0.04035820734456596,0.018610813535950666
2022-05-20,0.21841158485850892,0.01985153117977163
2022-05-23,0.03339484747257695,0.018610813535950666
2022-05-24,0.054157006513221126,0.01985153117977163
2022-05-25,0.030013897489427805,0.018610813535950666
2022-05-26,0.03076215820686406,0.01985153117977163
2022-05-27,0.012837215473040854,0.018610813535950666
2022-05-31,0.030287476468083517,0.01985153117977163
2022-06-01,0.046650334721918596,0.010341370698212905
2022-06-02,0.04401795969829009,0.009664084265228155
2022-06-03,0.013260366886096811,0.010341370698212905
2022-06-06,0.02195756331592551,0.009664084265228155
2022-06-07,0.02156569924193809,0.010341370698212905
2022-06-08,0.017650951379047944,0.009664084265228155
2022-06-09,0.04389768866168957,0.010341370698212905
2022-06-10,0.013379399329082584,0.009664084265228155
2022-06-13,0.04794360694907599,0.010341370698212905
2022-06-14,0.042461980974038985,0.009664084265228155
2022-06-15,0.12008078029019065,0.010341370698212905
2022-06-16,0.033227555321301123,0.010341370698212905
2022-06-17,0.04887069151495179,0.009664084265228155
2022-06-21,0.012993295407861158,0.010341370698212905
2022-06-22,0.05557339131324173,0.009664084265228155
2022-06-23,0.03009214153429619,0.009664084265228155
2022-06-24,0.015102975436388342,0.009664084265228155
2022-06-27,0.008892238009207968,0.010341370698212905
2022-06-28,0.07418973917558495,0.010341370698212905
2022-06-29,0.012378557129170948,0.010341370698212905
2022-06-30,0.057589951769689784,0.009664084265228155
2022-07-01,0.04026097493022682,0.012129854836502233
2022-07-05,0.04786341628182249,0.013329352388144373
2022-07-06,0.03295247358996996,0.012129854836502233
2022-07-07,0.026558048225670094,0.013329352388144373
2022-07-08,0.019474040072997568,0.012129854836502233
2022-07-11,0.007921658626444393,0.013329352388144373
2022-07-12,0.03896063925202404,0.012129854836502233
2022-07-13,0.0368801322187614,0.013329352388144373
2022-07-14,0.044729555470990306,0.012129854836502233
2022-07-15,0.014668002467623266,0.013329352388144373
2022-07-18,0.033322298179411874,0.012129854836502233
2022-07-19,0.021931557645073745,0.013329352388144373
2022-07-20,0.01891859445182394,0.012129854836502233
2022-07-21,0.028656969355240286,0.013329352388144373
2022-07-22,0.035194926622061834,0.012129854836502233
2022-07-25,0.008569415900938336,0.013329352388144373
2022-07-26,0.008348064059059765,0.012129854836502233
2022-07-27,0.03441450532759659,0.013329352388144373
2022-07-28,0.0477824986502806,0.012129854836502233
2022-07-29,0.018114393295518238,0.013329352388144373
2022-08-01,0.017211558124738634,0.012129854836502233
2022-08-02,0.027985679294010593,0.02532918019683356
2022-08-03,0.013992303868926212,0.02618233041639616
2022-08-04,0.005145711076223668,0.02532918019683356
2022-08-05,0.00703437941574107,0.02618233041639616
2022-08-08,0.021660402743248177,0.02532918019683356
2022-08-09,0.00432875549548204,0.02618233041639616
2022-08-10,0.0076072199431333155,0.02532918019683356
2022-08-11,0.01837187736734802,0.02618233041639616
2022-08-12,0.012871538770121748,0.02532918019683356
2022-08-15,0.006322515465210482,0.02618233041639616
2022-08-16,0.014026224866087013,0.02532918019683356
2022-08-17,0.0167065282438249,0.02618233041639616
2022-08-18,0.006116803571479934,0.02532918019683356
2022-08-19,0.007104188867221339,0.02618233041639616
2022-08-22,0.00935265522239643,0.02532918019683356
2022-08-23,0.009640399659588843,0.02618233041639616
2022-08-24,0.008820409681570066,0.02532918019683356
2022-08-25,0.0115104891075294,0.02618233041639616
2022-08-26,0.04666236081657701,0.005036368844573723
2022-08-29,0.016549160021630184,0.005036368844573723
2022-08-30,0.03240372480813476,0.02532918019683356
2022-08-31,0.01665902404797181,0.009754074248273615
2022-09-01,0.029196254624774064,0.009754074248273615
2022-09-02,0.061294770648967496,0.009754074248273615
2022-09-06,0.023181814647776876,0.009754074248273615
2022-09-07,0.023163994214330144,0.009754074248273615
2022-09-08,0.020917709191819824,0.009754074248273615
2022-09-09,0.010735192547902072,0.009754074248273615
2022-09-12,0.005232251743581539,0.009754074248273615
2022-09-13,0.052715637748115565,0.009754074248273615
2022-09-14,0.02097256453949934,0.009754074248273615
2022-09-15,0.037072445204059536,0.009754074248273615
2022-09-16,0.013307054709690042,0.009754074248273615
2022-09-19,0.008499013397050989,0.009754074248273615
2022-09-20,0.02010197913502912,0.009754074248273615
2022-09-21,0.07125511883531765,0.009754074248273615
2022-09-22,0.017218502863403984,0.009754074248273615
2022-09-23,0.045340271092519056,0.009754074248273615
2022-09-26,0.045113658323547044,0.009754074248273615
2022-09-27,0.06993551207579866,0.009754074248273615
2022-09-28,0.06054482629971556,0.03249621128423726
2022-09-29,0.0405690795777265,0.031888593135026816
2022-09-30,0.05979767951506972,0.027308424657692267
2022-10-03,0.06053429564550174,0.027308424657692267
2022-10-04,0.09733359176867794,0.027308424657692267
2022-10-05,0.05535806461545354,0.027308424657692267
2022-10-06,0.02850052760052164,0.027308424657692267
2022-10-07,0.11484671221864422,0.027308424657692267
2022-10-10,0.02983657141431492,0.027308424657692267
2022-10-11,0.052090633324774954,0.027308424657692267
2022-10-12,0.010201580066433808,0.027308424657692267
2022-10-13,0.15665872175686524,0.027308424657692267
2022-10-14,0.08055229660472693,0.027308424657692267
2022-10-17,0.10396063171461675,0.027308424657692267
2022-10-18,0.04623354403305131,0.027308424657692267
2022-10-19,0.03661804975339253,0.027308424657692267
2022-10-20,0.055269555772579616,0.027308424657692267
2022-10-21,0.057340506648643305,0.027308424657692267
2022-10-24,0.036848030340763324,0.027308424657692267
2022-10-25,0.012306594031610371,0.027308424657692267
2022-10-26,0.03297955065683171,0.027308424657692267
2022-10-27,0.0213510957979503,0.027308424657692267
2022-10-28,0.02733928910843924,0.027308424657692267
2022-10-31,0.008267630226178753,0.0276438418588285
2022-11-01,0.021952228157081952,0.024189809365496442
2022-11-02,0.11125869752993674,0.0276438418588285
2022-11-03,0.026572919869318763,0.024189809365496442
2022-11-04,0.07042407325285757,0.0276438418588285
2022-11-07,0.01899122771003853,0.024189809365496442
2022-11-08,0.04690038873387973,0.0276438418588285
2022-11-09,0.027132609726752632,0.024189809365496442
2022-11-10,0.04505490251622378,0.0276438418588285
2022-11-11,0.021145056862520346,0.024189809365496442
2022-11-14,0.021351754240984313,0.0276438418588285
2022-11-15,0.044239496724793985,0.024189809365496442
2022-11-16,0.0060755516854572676,0.0276438418588285
2022-11-17,0.009883042534258072,0.024189809365496442
2022-11-18,0.016528195701265326,0.0276438418588285
2022-11-21,0.00809366212204901,0.024189809365496442
2022-11-22,0.012730450994629775,0.0276438418588285
2022-11-23,0.005275294979576395,0.024189809365496442
2022-11-25,0.001311210066073403,0.0276438418588285
2022-11-28,0.01961966352317332,0.024189809365496442
2022-11-29,0.012483482461615555,0.0276438418588285
2022-11-30,0.06865530122769409,0.015036442546394893
2022-12-01,0.019797832368305714,0.015036442546394893
2022-12-02,0.012219119731456415,0.015036442546394893
2022-12-05,0.02424671489984508,0.015036442546394893
2022-12-06,0.03673997727983623,0.015036442546394893
2022-12-07,0.010912836209878235,0.015036442546394893
2022-12-08,0.01273541701631884,0.015036442546394893
2022-12-09,0.014377733043824783,0.015036442546394893
2022-12-12,0.010135340570991316,0.015036442546394893
2022-12-13,0.06012542041059677,0.015036442546394893
2022-12-14,0.06325102143140382,0.015036442546394893
2022-12-15,0.030698905648504426,0.015036442546394893
2022-12-16,0.023846838597392197,0.015036442546394893
2022-12-19,0.01868343472298739,0.015036442546394893
2022-12-20,0.015579139442776132,0.015036442546394893
2022-12-21,0.013093366948727527,0.015036442546394893
2022-12-22,0.11029667256823525,0.015036442546394893
2022-12-23,0.014897780181074467,0.015036442546394893
2022-12-27,0.009322582346032338,0.015036442546394893
2022-12-28,0.027633480439886324,0.015036442546394893
2022-12-29,0.014310155501376792,0.015036442546394893
2022-12-30,0.012845704158993148,0.016019506439022557
2023-01-03,0.05544268855370839,0.0187759675439896
2023-01-04,0.02948584490886473,0.016019506439022557
2023-01-05,0.004583886282639235,0.0187759675439896
2023-01-06,0.06298773001807012,0.016019506439022557
2023-01-09,0.02596652382181173,0.0187759675439896
2023-01-10,0.008882295876552445,0.016019506439022557
2023-01-11,0.007700347747896153,0.0187759675439896
2023-01-12,0.029635097899885398,0.016019506439022557
2023-01-13,0.011850168405473116,0.0187759675439896
2023-01-17,0.007657931429778121,0.016019506439022557
2023-01-18,0.027649312545532156,0.0187759675439896
2023-01-19,0.011806579663364606,0.016019506439022557
2023-01-20,0.027005392331703536,0.0187759675439896
2023-01-23,0.02861243805539856,0.016019506439022557
2023-01-24,0.008668948235781137,0.0187759675439896
2023-01-25,0.02884234558955159,0.016019506439022557
2023-01-26,0.017034742711068026,0.0187759675439896
2023-01-27,0.01462111967036241,0.016019506439022557
2023-01-30,0.015329917976288477,0.0187759675439896
2023-01-31,0.008569724531077674,0.016019506439022557
2023-02-01,0.07872778960772912,0.017715366661276398
2023-02-02,0.019434538691809743,0.016966759955664944
2023-02-03,0.02508292296017604,0.017715366661276398
2023-02-06,0.007638057970812162,0.016966759955664944
2023-02-07,0.03615336000713436,0.017715366661276398
2023-02-08,0.012160673744455161,0.016966759955664944
2023-02-09,0.02655229972102984,0.017715366661276398
2023-02-10,0.006167499466999446,0.016966759955664944
2023-02-13,0.006975380733450232,0.017715366661276398
2023-02-14,0.03065976514601852,0.016966759955664944
2023-02-15,0.008106019994434093,0.017715366661276398
2023-02-16,0.01685952354567546,0.016966759955664944
2023-02-17,0.00831352533950368,0.017715366661276398
2023-02-21,0.012752320370934904,0.016966759955664944
2023-02-22,0.01277746475499299,0.017715366661276398
2023-02-23,0.027498881633347693,0.016966759955664944
2023-02-24,0.009928249606056216,0.017715366661276398
2023-02-27,0.013508820136395224,0.016966759955664944
2023-02-28,0.007222179346502627,0.017715366661276398
2023-03-01,0.008566282319160784,0.016966759955664944
2023-03-02,0.016183350652500192,0.017715366661276398
2023-03-03,0.010841543089485655,0.01677755445478744
2023-03-06,0.008857846348794267,0.01677755445478744
2023-03-07,0.01594956429328948,0.01677755445478744
2023-03-08,0.007565241429236274,0.01677755445478744
2023-03-09,0.054737035893673736,0.01677755445478744
2023-03-10,0.04851296623003484,0.01677755445478744
2023-03-13,0.07209667821240288,0.01677755445478744
2023-03-14,0.03292689515125084,0.01677755445478744
2023-03-15,0.020718492741912575,0.01677755445478744
2023-03-16,0.03042637643923947,0.01677755445478744
2023-03-17,0.021515170779236953,0.01677755445478744
2023-03-20,0.00830731822387866,0.01677755445478744
2023-03-21,0.009984813054342729,0.01677755445478744
2023-03-22,0.05940230503640306,0.01677755445478744
2023-03-23,0.06229762218308168,0.01677755445478744
2023-03-24,0.02430427147902203,0.01677755445478744
2023-03-27,0.0073762107377594935,0.01677755445478744
2023-03-28,0.006310441687496514,0.01677755445478744
2023-03-29,0.005487049036660748,0.01677755445478744
2023-03-30,0.005112116476833248,0.01677755445478744
2023-03-31,0.007016016580913224,0.01677755445478744
2023-04-03,0.0038827612426986687,0.0171379384876169
2023-04-04,0.011415227132787585,0.0171379384876169
2023-04-05,0.005984152934597187,0.0171379384876169
2023-04-06,0.007527585091808202,0.0171379384876169
2023-04-10,0.0052231493520532015,0.0171379384876169
2023-04-11,0.0036585583525751593,0.0171379384876169
2023-04-12,0.008333889199497041,0.0171379384876169
2023-04-13,0.014948973882631564,0.0171379384876169
2023-04-14,0.018658817411549775,0.0171379384876169
2023-04-17,0.0046929647577972225,0.0171379384876169
2023-04-18,0.005285244295931913,0.0171379384876169
2023-04-19,0.0041775106125567585,0.0171379384876169
2023-04-20,0.008475854012681918,0.0171379384876169
2023-04-21,0.00468950304656297,0.0171379384876169
2023-04-24,0.004297765671853205,0.0171379384876169
2023-04-25,0.008117395984780845,0.0171379384876169
2023-04-26,0.009315263369076518,0.0171379384876169
2023-04-27,0.009600056598651811,0.0171379384876169
2023-04-28,0.0037634774424775545,0.0171379384876169
2023-05-01,0.004011417200349897,0.0171379384876169
2023-05-02,0.02767148549665275,0.0171379384876169
2023-05-03,0.02131073523381863,0.009414858714752103
2023-05-04,0.007635322480366979,0.009414858714752103
2023-05-05,0.011248937991830384,0.009414858714752103
2023-05-08,0.002817773083339177,0.009414858714752103
2023-05-09,0.0014361539186324996,0.009414858714752103
2023-05-10,0.023294622564612552,0.009414858714752103
2023-05-11,0.0044909836625090516,0.009414858714752103
2023-05-12,0.013635867965455305,0.009414858714752103
2023-05-15,0.007250503700921289,0.009414858714752103
2023-05-16,0.0034590399275446185,0.009414858714752103
2023-05-17,0.015388734820475302,0.009414858714752103
2023-05-18,0.007607705479689698,0.009414858714752103
2023-05-19,0.006819861553599473,0.009414858714752103
2023-05-22,0.006624410489387167,0.009414858714752103
2023-05-23,0.013438366379330003,0.009414858714752103
2023-05-24,0.0054207744179191435,0.009414858714752103
2023-05-25,0.01031923913796987,0.009414858714752103
2023-05-26,0.00969852930999378,0.009414858714752103
2023-05-30,0.008620850414750438,0.009414858714752103
2023-05-31,0.006396015517829684,0.009414858714752103
2023-06-01,0.019180568140216524,0.009414858714752103
2023-06-02,0.009636617259910487,0.008719569774800066
2023-06-05,0.006524472923282994,0.008719569774800066
2023-06-06,0.0036436505500623147,0.008719569774800066
2023-06-07,0.006576882316983704,0.008719569774800066
2023-06-08,0.006491535809096734,0.008719569774800066
2023-06-09,0.0066183959091679545,0.008719569774800066
2023-06-12,0.004972637067871166,0.008719569774800066
2023-06-13,0.003912841790417124,0.008719569774800066
2023-06-14,0.019788532599319765,0.008719569774800066
2023-06-15,0.01846154826121798,0.008719569774800066
2023-06-16,0.007593545346445845,0.008719569774800066
2023-06-20,0.007333445720223686,0.008719569774800066
2023-06-21,0.003933463382663217,0.008719569774800066
2023-06-22,0.0027020427800776,0.008719569774800066
2023-06-23,0.004451541890406151,0.008719569774800066
2023-06-26,0.007137887322970833,0.008719569774800066
2023-06-27,0.008700404250994567,0.008719569774800066
2023-06-28,0.0051667212281750535,0.008719569774800066
2023-06-29,0.002599567864914438,0.008719569774800066
2023-06-30,0.00485802178320352,0.008719569774800066
2023-07-03,0.0009728565856204671,0.008719569774800066
2023-07-05,0.0018039138069322694,0.007778604753166949
2023-07-06,0.00602475010853241,0.007778604753166949
2023-07-07,0.012229668554433555,0.008232886632114342
2023-07-10,0.0022073280023286275,0.007778604753166949
2023-07-11,0.006047681243708704,0.007778604753166949
2023-07-12,0.00411320943058832,0.008232886632114342
2023-07-13,0.004035384056632122,0.007778604753166949
2023-07-14,0.004434284910427172,0.008232886632114342
2023-07-17,0.0036369692395429604,0.007778604753166949
2023-07-18,0.0077623043788386204,0.008232886632114342
2023-07-19,0.003255031110016064,0.007778604753166949
2023-07-20,0.006338147269291375,0.007778604753166949
2023-07-21,0.0009516484367004592,0.008232886632114342
2023-07-24,0.0042705382078536015,0.007778604753166949
2023-07-25,0.003918562052039333,0.008232886632114342
2023-07-26,0.007416582306856458,0.007778604753166949
2023-07-27,0.01782305963948952,0.008232886632114342
2023-07-28,0.016516601956498806,0.007778604753166949
2023-07-31,0.0026176665402062966,0.008232886632114342
2023-08-01,0.0018533754587708312,0.007778604753166949
2023-08-02,0.006106537729305531,0.008232886632114342
2023-08-03,0.006997940449579254,0.006027565841598764
2023-08-04,0.020012574115554838,0.0060457612782402635
2023-08-07,0.0032487377476199428,0.006027565841598764
2023-08-08,0.018294848536996405,0.0060457612782402635
2023-08-09,0.006100578453327892,0.006027565841598764
2023-08-10,0.028203436863774245,0.0060457612782402635
2023-08-11,0.005751353098181237,0.006027565841598764
2023-08-14,0.0031229855511606774,0.0060457612782402635
2023-08-15,0.006387064239534573,0.006027565841598764
2023-08-16,0.009975225118110127,0.0060457612782402635
2023-08-17,0.009137986617566863,0.006027565841598764
2023-08-18,0.008786162721539563,0.0060457612782402635
2023-08-21,0.013466544821993715,0.006027565841598764
2023-08-22,0.003882387596992646,0.0060457612782402635
2023-08-23,0.006360052730955331,0.006027565841598764
2023-08-24,0.014791041923866152,0.0060457612782402635
2023-08-25,0.025211364255341186,0.006027565841598764
2023-08-28,0.007464201262169604,0.0060457612782402635
2023-08-29,0.010207554218656208,0.006027565841598764
2023-08-30,0.004111380029567834,0.0060457612782402635
2023-08-31,0.0035975952974639357,0.006027565841598764
2023-09-01,0.007966215674491234,0.006577177451132094
2023-09-05,0.0011541201289981013,0.0063917966509836905
2023-09-06,0.011670699900096665,0.0063917966509836905
2023-09-07,0.0035123528982193225,0.006577177451132094
2023-09-08,0.004030985745777122,0.0063917966509836905
2023-09-11,0.003305269370547274,0.006577177451132094
2023-09-12,0.005768499132043894,0.0063917966509836905
2023-09-13,0.00433259316591745,0.006577177451132094
2023-09-14,0.006242456953706042,0.0063917966509836905
2023-09-15,0.006239944223025622,0.006577177451132094
2023-09-18,0.0035496050732879694,0.0063917966509836905
2023-09-19,0.007250225060285362,0.006577177451132094
2023-09-20,0.008942928132078634,0.0063917966509836905
2023-09-21,0.005436780319340815,0.006577177451132094
2023-09-22,0.009247490013105882,0.0063917966509836905
2023-09-25,0.0036544951655890262,0.006577177451132094
2023-09-26,0.010402220495039515,0.0063917966509836905
2023-09-27,0.019614802436297058,0.006577177451132094
2023-09-28,0.015016376389384073,0.0063917966509836905
2023-09-29,0.014909131465735597,0.006577177451132094
2023-10-02,0.011616618546147251,0.0063917966509836905
2023-10-03,0.029731744676503837,0.006102871534845023
2023-10-04,0.013058674219045496,0.0068694161898173395
2023-10-05,0.012395569093989664,0.006102871534845023
2023-10-06,0.046265806501940634,0.0068694161898173395
2023-10-09,0.011803969719298214,0.006102871534845023
2023-10-10,0.013330691430042705,0.0068694161898173395
2023-10-11,0.0074649958811884125,0.006102871534845023
2023-10-12,0.019380392739341005,0.0068694161898173395
2023-10-13,0.02185278399101341,0.006102871534845023
2023-10-16,0.005936562665118611,0.0068694161898173395
2023-10-17,0.0162146047293582,0.006102871534845023
2023-10-18,0.016770214180907395,0.0068694161898173395
2023-10-19,0.023550165972506556,0.006102871534845023
2023-10-20,0.008465033755749255,0.0068694161898173395
2023-10-23,0.0310218447187837,0.006102871534845023
2023-10-24,0.01121253928991998,0.0068694161898173395
2023-10-25,0.006785331683252543,0.006102871534845023
2023-10-26,0.015465154354632707,0.0068694161898173395
2023-10-27,0.014525229190162019,0.006102871534845023
2023-10-30,0.012257565127049043,0.0068694161898173395
2023-10-31,0.01128176706715323,0.006102871534845023
2023-11-01,0.01013912027704469,0.015559756551689294
2023-11-02,0.0037743612305334174,0.015559756551689294
2023-11-03,0.005933212666663507,0.015559756551689294
2023-11-06,0.004039211279510961,0.015559756551689294
2023-11-07,0.005500100402059399,0.015559756551689294
2023-11-08,0.006811584722239162,0.015559756551689294
2023-11-09,0.006261055278989281,0.015559756551689294
2023-11-10,0.022340877389351716,0.015559756551689294
2023-11-13,0.005050331068723721,0.015559756551689294
2023-11-14,0.007068290834992553,0.015559756551689294
2023-11-15,0.004051257424610965,0.015559756551689294
2023-11-16,0.0032243841686497854,0.015559756551689294
2023-11-17,0.0026734387671932857,0.006810330781692271
2023-11-20,0.0064416452983326565,0.006885377413729184
2023-11-21,0.00288693720228242,0.006810330781692271
2023-11-22,0.0037705174921880314,0.006885377413729184
2023-11-24,0.00033580968488778815,0.006810330781692271
2023-11-27,0.0011975418270371572,0.006885377413729184
2023-11-28,0.004331774743080405,0.006810330781692271
2023-11-29,0.007252157470251711,0.006885377413729184
2023-11-30,0.006720910763319503,0.006810330781692271
2023-12-01,0.006982439183054522,0.0065254330312946645
2023-12-04,0.01324528282559815,0.0065254330312946645
2023-12-05,0.0036377411280976483,0.0065254330312946645
2023-12-06,0.004751064142611222,0.0065254330312946645
2023-12-07,0.0032889465258677687,0.0065254330312946645
2023-12-08,0.004023852486743467,0.0065254330312946645
2023-12-11,0.0019007799397475534,0.0065254330312946645
2023-12-12,0.004865318111665291,0.0065254330312946645
2023-12-13,0.009336680521608803,0.0065254330312946645
2023-12-14,0.011271222585343146,0.0065254330312946645
2023-12-15,0.006112316209335396,0.0065254330312946645
2023-12-18,0.004983894393871844,0.0065254330312946645
2023-12-19,0.0011109300748790366,0.0065254330312946645
2023-12-20,0.022697086382558806,0.0065254330312946645
2023-12-21,0.008918671792979473,0.0065254330312946645
2023-12-22,0.0075903630049759365,0.0065254330312946645
2023-12-26,0.0026639532359104888,0.0065254330312946645
2023-12-27,0.0012518972633078973,0.0065254330312946645
2023-12-28,0.0009064154352150151,0.0065254330312946645
2023-12-29,0.007165896536287164,0.0065254330312946645
2024-01-02,0.0056127323337902164,0.0065254330312946645
2024-01-03,0.0040221075156675855,0.006040303125125694
2024-01-04,0.008294579765772483,0.00621089067963874
2024-01-05,0.009151243671930088,0.006040303125125694
2024-01-08,0.006908276704954483,0.00621089067963874
2024-01-09,0.005454871372154041,0.006040303125125694
2024-01-10,0.0046561954581039395,0.00621089067963874
2024-01-11,0.018504043098447193,0.006040303125125694
2024-01-12,0.005716369969952416,0.00621089067963874
2024-01-16,0.006995788729645507,0.006040303125125694
2024-01-17,0.004739572045106117,0.00621089067963874
2024-01-18,0.009385683601843268,0.006040303125125694
2024-01-19,0.011267023632757814,0.00621089067963874
2024-01-22,0.0030718388839598315,0.006040303125125694
2024-01-23,0.0023511108511318685,0.00621089067963874
2024-01-24,0.005637289357484711,0.006040303125125694
2024-01-25,0.004449711727324605,0.00621089067963874
2024-01-26,0.003511010094412274,0.006040303125125694
2024-01-29,0.004415137071642077,0.00621089067963874
2024-01-30,0.0011483312505716963,0.006040303125125694
2024-01-31,0.0070483266416824005,0.00621089067963874
2024-02-01,0.007120685439640675,0.006040303125125694
2024-02-02,0.014768463658988628,0.005890587243519079
2024-02-05,0.008424247687239284,0.005959500908538965
2024-02-06,0.002584886056392703,0.005890587243519079
2024-02-07,0.003837088927160935,0.005959500908538965
2024-02-08,0.0010492451971216028,0.005890587243519079
2024-02-09,0.0028627980287966367,0.005959500908538965
2024-02-12,0.005302541294121103,0.005890587243519079
2024-02-13,0.020878481103905288,0.005959500908538965
2024-02-14,0.009891626913233528,0.005890587243519079
2024-02-15,0.002941368273205957,0.005959500908538965
2024-02-16,0.006664495530294236,0.005890587243519079
2024-02-20,0.007654813756397933,0.005959500908538965
2024-02-21,0.006184525806984286,0.005890587243519079
2024-02-22,0.010103752248303533,0.005959500908538965
2024-02-23,0.0037128430261045135,0.005890587243519079
2024-02-26,0.0020695014623054882,0.005959500908538965
2024-02-27,0.0028387553998583314,0.005890587243519079
2024-02-28,0.0014480494713449972,0.005959500908538965
2024-02-29,0.009426512037052902,0.005890587243519079
2024-03-01,0.005213727570672776,0.005959500908538965
2024-03-04,0.0022893784118873536,0.005890587243519079
2024-03-05,0.012858876568412437,0.005765577108397841
2024-03-06,0.006208261943504921,0.005765577108397841
2024-03-07,0.01668194979877507,0.005765577108397841
2024-03-08,0.018749245578247354,0.005765577108397841
2024-03-11,0.005291548927452747,0.005765577108397841
2024-03-12,0.0161969657568817,0.005765577108397841
2024-03-13,0.003237513995223574,0.005765577108397841
2024-03-14,0.011930638327456578,0.005765577108397841
2024-03-15,0.0061568978341497846,0.005765577108397841
2024-03-18,0.003928209868833068,0.005765577108397841
2024-03-19,0.0067061530763699116,0.005765577108397841
2024-03-20,0.006376380160424007,0.005765577108397841
2024-03-21,0.0017250988403224865,0.005765577108397841
2024-03-22,0.0009550000911418278,0.005765577108397841
2024-03-25,0.0008355175989314423,0.005765577108397841
2024-03-26,0.002604160639849729,0.005765577108397841
2024-03-27,0.0056549764824665736,0.005765577108397841
2024-03-28,0.0015315211036145348,0.005765577108397841
2024-04-01,0.004370631260411501,0.005765577108397841
2024-04-02,0.0028076085739192173,0.005765577108397841
2024-04-03,0.003992691206544689,0.005765577108397841
2024-04-04,0.01831965471676786,0.005645627650533998
2024-04-05,0.013721076918589387,0.005645627650533998
2024-04-08,0.0023858265577184345,0.005645627650533998
2024-04-09,0.01876671816703618,0.005645627650533998
2024-04-10,0.007745096263039133,0.005645627650533998
2024-04-11,0.023975258758234697,0.005645627650533998
2024-04-12,0.01720710077471367,0.005645627650533998
2024-04-15,0.023964927917987346,0.005645627650533998
2024-04-16,0.00835512592026333,0.005645627650533998
2024-04-17,0.013513170327819547,0.005645627650533998
2024-04-18,0.013203725347657855,0.005645627650533998
2024-04-19,0.014995821957808061,0.005645627650533998
2024-04-22,0.023054530088243756,0.005645627650533998
2024-04-23,0.0157016690628571,0.005645627650533998
2024-04-24,0.008370608095748171,0.005645627650533998
2024-04-25,0.015892575724013577,0.005645627650533998
2024-04-26,0.00715813238057669,0.007441888919537786
2024-04-29,0.005957306510214598,0.010545322445486663
2024-04-30,0.011792517464504002,0.007441888919537786
2024-05-01,0.03392236853766134,0.007441888919537786
2024-05-02,0.019744573547268576,0.007441888919537786
2024-05-03,0.007689146859948075,0.008722197619489721
2024-05-06,0.002288828686006255,0.008722197619489721
2024-05-07,0.002050329447347455,0.008722197619489721
2024-05-08,0.001832860132696346,0.008722197619489721
2024-05-09,0.0029266559971637862,0.008722197619489721
2024-05-10,0.0039792130535144426,0.008722197619489721
2024-05-13,0.0030082410044683754,0.008722197619489721
2024-05-14,0.0032288363777036528,0.008722197619489721
2024-05-15,0.005414903247802627,0.008722197619489721
2024-05-16,0.0034909772296202253,0.008722197619489721
2024-05-17,0.002041633458717217,0.008722197619489721
2024-05-20,0.0024754622994851722,0.008722197619489721
2024-05-21,0.0011920621284118823,0.008722197619489721
2024-05-22,0.006188871626311344,0.005105064831677338
2024-05-23,0.0143908495456883,0.0051989000802815525
2024-05-24,0.004302143925959104,0.005105064831677338
2024-05-28,0.005135481198030136,0.0051989000802815525
2024-05-29,0.0016496760030006803,0.005105064831677338
2024-05-30,0.005596535729595536,0.0051989000802815525
2024-05-31,0.033457388687413304,0.0051989000802815525
2024-06-03,0.019989517529664737,0.005105064831677338
2024-06-04,0.006659779681399575,0.005267211709336564
2024-06-05,0.010614332812029397,0.005267211709336564
2024-06-06,0.0032818519291242586,0.005267211709336564
2024-06-07,0.00829719371933248,0.005267211709336564
2024-06-10,0.0030664879790446775,0.005267211709336564
2024-06-11,0.008033643874766508,0.005267211709336564
2024-06-12,0.006229932677252378,0.005267211709336564
2024-06-13,0.005849588797356884,0.005267211709336564
2024-06-14,0.0025703218507247944,0.005267211709336564
2024-06-17,0.01203778553142142,0.005267211709336564
2024-06-18,0.0009267826526963793,0.005267211709336564
2024-06-20,0.008324004155398442,0.005267211709336564
2024-06-21,0.0029374187009140467,0.005267211709336564
2024-06-24,0.007126780227775179,0.005267211709336564
2024-06-25,0.003013744615621386,0.005267211709336564
2024-06-26,0.0032896446399585015,0.005267211709336564
2024-06-27,0.0020093338347421568,0.005267211709336564
2024-06-28,0.019832771639520266,0.005267211709336564
2024-07-01,0.0047756938520839495,0.005267211709336564
2024-07-02,0.0029328800242777227,0.005267211709336564
2024-07-03,0.0017398835483686149,0.005267211709336564
2024-07-05,0.00374165268914486,0.0052158685259891
2024-07-08,0.0017264245138539506,0.0052158685259891
2024-07-09,0.0010607449492318157,0.0052158685259891
2024-07-10,0.004050702307396459,0.0052158685259891
2024-07-11,0.009366422017776018,0.0052158685259891
2024-07-12,0.01531901327567509,0.0052158685259891
2024-07-15,0.010742708582766287,0.0052158685259891
2024-07-16,0.002501398591369184,0.0052158685259891
2024-07-17,0.005060724707967752,0.0052158685259891
2024-07-18,0.023011393998384862,0.0052158685259891
2024-07-19,0.012023804837815648,0.0052158685259891
2024-07-22,0.006574234299773543,0.0052158685259891
2024-07-23,0.004713749706993289,0.0052158685259891
2024-07-24,0.014407907379449195,0.0052158685259891
2024-07-25,0.040021012932486,0.0052158685259891
2024-07-26,0.012277928940788852,0.0052158685259891
2024-07-29,0.007437333624644098,0.008311754633469854
2024-07-30,0.027286919948274233,0.007858593317705899
2024-07-31,0.013491284476431413,0.008311754633469854
2024-08-01,0.07069807712350352,0.007858593317705899
2024-08-02,0.028476504334371277,0.008311754633469854
2024-08-05,0.07142908841052438,0.00840005901772228
2024-08-06,0.06173503942712973,0.008852630081934942
2024-08-07,0.049698464232806175,0.00840005901772228
2024-08-08,0.024676957163946984,0.008852630081934942
2024-08-09,0.012302863405501258,0.00840005901772228
2024-08-12,0.009818937541156541,0.008852630081934942
2024-08-13,0.0054353067978159236,0.00840005901772228
2024-08-14,0.009760715308844845,0.008852630081934942
2024-08-15,0.004243650396401168,0.00840005901772228
2024-08-16,0.0031621199918825576,0.008852630081934942
2024-08-19,0.005972800277252279,0.00840005901772228
2024-08-20,0.004903211286851591,0.008852630081934942
2024-08-21,0.021783590267955007,0.00840005901772228
2024-08-22,0.014601188357757389,0.008852630081934942
2024-08-23,0.011415205352184932,0.00840005901772228
2024-08-26,0.007679470626687488,0.008852630081934942
2024-08-27,0.004288598834443845,0.00840005901772228
2024-08-28,0.015028744091200632,0.008852630081934942
2024-08-29,0.0157544088578798,0.00840005901772228
2024-08-30,0.017371299773721798,0.008852630081934942
2024-09-03,0.030060980411441472,0.00840005901772228
2024-09-04,0.01003563435807341,0.00927229631615323
2024-09-05,0.018141162689167017,0.010068622950870337
2024-09-06,0.032547309251677314,0.00927229631615323
2024-09-09,0.009712242052929943,0.010068622950870337
2024-09-10,0.01399828368393416,0.00927229631615323
2024-09-11,0.08917304498168004,0.010068622950870337
2024-09-12,0.012852599758305109,0.00927229631615323
2024-09-13,0.0034897495201462883,0.010068622950870337
2024-09-16,0.003745224817442252,0.00927229631615323
2024-09-17,0.012033691200156266,0.010068622950870337
2024-09-18,0.02272202949353612,0.00927229631615323
2024-09-19,0.008919940612277055,0.010068622950870337
2024-09-20,0.006661177929982279,0.00927229631615323
2024-09-23,0.0019012718559483308,0.010068622950870337
2024-09-24,0.005291972103529128,0.00927229631615323
2024-09-25,0.0030773916351547626,0.010068622950870337
2024-09-26,0.007619178778405523,0.00927229631615323
2024-09-27,0.004459486675810026,0.010068622950870337
2024-09-30,0.012008155400632428,0.00927229631615323
2024-10-01,0.01837003325851653,0.010068622950870337
2024-10-02,0.007985869190148147,0.00927229631615323
2024-10-03,0.007200043518357804,0.010119749471437324
2024-10-04,0.010584762121200937,0.009926837478913365
2024-10-07,0.007368680684050461,0.010119749471437324
2024-10-08,0.004712737446201184,0.009926837478913365
2024-10-09,0.005481000600819299,0.010119749471437324
2024-10-10,0.003587733418243451,0.009926837478913365
2024-10-11,0.0037320314173067463,0.010119749471437324
2024-10-14,0.004886508903102009,0.005107352368212694
2024-10-15,0.008416676311832951,0.005107352368212694
2024-10-16,0.0037613856942553705,0.005107352368212694
2024-10-17,0.002174974915691748,0.005107352368212694
2024-10-18,0.002840199572997649,0.005107352368212694
2024-10-21,0.006688494164144206,0.005107352368212694
2024-10-22,0.004824726400241147,0.005107352368212694
2024-10-23,0.01694124060896669,0.005107352368212694
2024-10-24,0.004430060296560756,0.005107352368212694
2024-10-25,0.013415945236060328,0.005107352368212694
2024-10-28,0.0009054158795406216,0.005107352368212694
2024-10-29,0.006436288238515119,0.005107352368212694
2024-10-30,0.0055829204732807175,0.005107352368212694
2024-10-31,0.005663688566984973,0.005107352368212694
2024-11-01,0.009301205573721598,0.0050900474354937456
2024-11-04,0.007674836766622507,0.0050900474354937456
2024-11-05,0.004309032383462299,0.0050900474354937456
2024-11-06,0.014606235371768856,0.0050900474354937456
2024-11-07,0.0029805587007650696,0.0050900474354937456
2024-11-08,0.003130167543888802,0.0050900474354937456
2024-11-11,0.0032349137727308275,0.0050900474354937456
2024-11-12,0.007699444242064251,0.0050900474354937456
2024-11-13,0.006434850249131201,0.0050900474354937456
2024-11-14,0.005139940190943115,0.0050900474354937456
2024-11-15,0.010255861102573548,0.0050900474354937456
2024-11-18,0.005237129426993315,0.0050900474354937456
2024-11-19,0.009123784307026667,0.0050900474354937456
2024-11-20,0.013838334477856385,0.0050900474354937456
2024-11-21,0.02118190860250533,0.0050900474354937456
2024-11-22,0.002264511611281664,0.0050900474354937456
2024-11-25,0.010210403381713407,0.0050900474354937456
2024-11-26,0.0027970711801918145,0.0050900474354937456
2024-11-27,0.0037552440302913445,0.0050900474354937456
2024-11-29,0.0032410658882707226,0.0050900474354937456
2024-12-02,0.0010679661281185885,0.0050900474354937456
2024-12-03,0.001074591116796162,0.005277322088047485
2024-12-04,0.001911801571549753,0.005277322088047485
2024-12-05,0.0013590375846308752,0.005277322088047485
2024-12-06,0.0013961016111403485,0.005277322088047485
2024-12-09,0.0025026437524057164,0.005277322088047485
2024-12-10,0.0028904606330013923,0.005277322088047485
2024-12-11,0.002189526495566772,0.005277322088047485
2024-12-12,0.0014057439018093877,0.005277322088047485
2024-12-13,0.0051507681864419,0.005277322088047485
2024-12-16,0.0020972763602176855,0.005277322088047485
2024-12-17,0.0017925322606302543,0.005277322088047485
2024-12-18,0.06319331924960489,0.005277322088047485
2024-12-19,0.010770460825872226,0.005277322088047485
2024-12-20,0.05527206631156183,0.005277322088047485
2024-12-23,0.01702259066908908,0.00950364062538177
2024-12-24,0.0046671709479656305,0.00998357360010155
2024-12-26,0.005855393644148515,0.00950364062538177
2024-12-27,0.01583036859808776,0.00998357360010155
2024-12-30,0.019545460729008975,0.00950364062538177
2024-12-31,0.009992129310348903,0.00998357360010155
