date,y_true_rv_gk_h5,y_iohmm_h5_pred,y_garch_h5_pred
2020-01-02,0.0047585262943197985,0.003516571964748282,0.007315267650840976
2020-01-03,0.004240556576749555,0.0058248941209329795,0.007315267650840976
2020-01-06,0.003881956153461031,0.0065510495958636785,0.007315267650840976
2020-01-07,0.004232466162364959,0.004589552781780651,0.007315267650840976
2020-01-08,0.0029345856355588017,0.004541491274732309,0.007315267650840976
2020-01-09,0.002865433433968588,0.0052632898100471144,0.007315267650840976
2020-01-10,0.0025072693372590327,0.00543716832327097,0.007315267650840976
2020-01-13,0.0023645186764246645,0.005666881715993414,0.007315267650840976
2020-01-14,0.002202078008190996,0.005637790330889281,0.007315267650840976
2020-01-15,0.003148481184218558,0.005911040822373317,0.007315267650840976
2020-01-16,0.006702899759272581,0.006389547012614622,0.007315267650840976
2020-01-17,0.007720909729467461,0.0027929438500613364,0.007315267650840976
2020-01-21,0.011001887868763377,0.0034088502998678165,0.007315267650840976
2020-01-22,0.011027038500251296,0.004779652823005509,0.007315267650840976
2020-01-23,0.012000526128941614,0.005228575838202555,0.007315267650840976
2020-01-24,0.013032414497846223,0.0054292588321014764,0.007315267650840976
2020-01-27,0.013575885201271943,0.006530177085636282,0.007315267650840976
2020-01-28,0.010944353961356979,0.01029112605016714,0.007315267650840976
2020-01-29,0.011616944741847574,0.010273789664204796,0.007315267650840976
2020-01-30,0.009536917985633948,0.009579574104930584,0.007315267650840976
2020-01-31,0.005948729253283416,0.010671956712689282,0.007315267650840976
2020-02-03,0.0047830563793221075,0.01014160784089535,0.03801527514644737
2020-02-04,0.0048212935291410425,0.009225060104206248,0.03801527514644737
2020-02-05,0.0038132374001227628,0.009692596714252908,0.03801527514644737
2020-02-06,0.004584229348037263,0.0074689743645326235,0.03801527514644737
2020-02-07,0.003870376029602696,0.007043321302719308,0.03801527514644737
2020-02-10,0.004419019673352851,0.005268451223498811,0.03801527514644737
2020-02-11,0.003847823124337929,0.004699283008193341,0.03801527514644737
2020-02-12,0.008956957540675738,0.00468835101224578,0.03801527514644737
2020-02-13,0.009413914338261348,0.004959421552480134,0.03801527514644737
2020-02-14,0.04449062464947926,0.004830793742250165,0.03801527514644737
2020-02-18,0.06022146819297543,0.004495468815861233,0.03801527514644737
2020-02-19,0.07227938239817179,0.005718146267893747,0.03801527514644737
2020-02-20,0.1070179833613957,0.00568057979128204,0.03801527514644737
2020-02-21,0.1375240653185434,0.006250365477620223,0.03801527514644737
2020-02-24,0.13673383530319602,0.007401906666369028,0.03801527514644737
2020-02-25,0.17311237895129297,0.010675052754438497,0.03801527514644737
2020-02-26,0.17663327759547753,0.01956861432924481,0.03801527514644737
2020-02-27,0.15466249308851449,0.018558238464061183,0.03801527514644737
2020-02-28,0.13958669978834742,0.02306097870315667,0.03801527514644737
2020-03-02,0.1418865058979589,0.042325820987170075,0.03801527514644737
2020-03-03,0.15707793661812938,0.024495130559186874,0.03801527514644737
2020-03-04,0.17118263407152506,0.014331011127816868,0.2641166499897987
2020-03-05,0.27134246483282315,0.010128317622852013,0.2641166499897987
2020-03-06,0.4403547246508845,0.007490577660251423,0.2641166499897987
2020-03-09,0.5603620548732149,0.014319635351908808,0.2641166499897987
2020-03-10,0.6240999956529615,0.16121197904911402,0.2641166499897987
2020-03-11,0.7732344802958548,0.09352274454689054,0.2641166499897987
2020-03-12,0.755173670134023,0.27846791678288246,0.2641166499897987
2020-03-13,0.6179537864710658,0.5892540277139867,0.2641166499897987
2020-03-16,0.5158800182535123,0.24682110042557834,0.2641166499897987
2020-03-17,0.4043108491916766,0.1830368831871917,0.2641166499897987
2020-03-18,0.33673693424881745,0.6021326431286427,0.2641166499897987
2020-03-19,0.26852086196057395,0.7036949485719011,0.2641166499897987
2020-03-20,0.2562839709127099,0.3993117987383165,0.2641166499897987
2020-03-23,0.2209423242191711,7.676540072308149,0.2641166499897987
2020-03-24,0.21672452361805758,1.8058665899016715,0.2641166499897987
2020-03-25,0.1798050542111466,1.804210996814612,0.2641166499897987
2020-03-26,0.16055741410744823,0.03612584477751039,0.2641166499897987
2020-03-27,0.14845443636692632,0.0011922943507026603,0.2641166499897987
2020-03-30,0.24949635118137534,0.00011968768557560713,0.2641166499897987
2020-03-31,0.24639012979032002,2.9169974912049583e-05,0.2641166499897987
2020-04-01,0.20155820338888022,0.00018990807167012667,0.2641166499897987
2020-04-02,0.19935933812002896,0.06831773248122014,0.40396560958923183
2020-04-03,0.18670256502822996,0.0762601996027533,0.40396560958923183
2020-04-06,0.09234117701802588,0.05465167407853467,0.40396560958923183
2020-04-07,0.10201477709213003,0.05666934212993416,0.40396560958923183
2020-04-08,0.07795916123990797,0.026283769963929622,0.40396560958923183
2020-04-09,0.07445463613266598,0.014541623846410733,0.40396560958923183
2020-04-13,0.07155138843438057,0.006013611573344499,0.40396560958923183
2020-04-14,0.053740624645006896,0.005167876679591211,0.40396560958923183
2020-04-15,0.03585893048305754,0.006617602482970524,0.40396560958923183
2020-04-16,0.03799112520539881,0.010554656585764197,0.40396560958923183
2020-04-17,0.03830604791592117,0.022058263806325393,0.40396560958923183
2020-04-20,0.03252410984543252,0.027488605021586017,0.40396560958923183
2020-04-21,0.02831408514418616,0.041913706598240515,0.40396560958923183
2020-04-22,0.028274419102147376,0.05334888094057608,0.40396560958923183
2020-04-23,0.026505628261732715,0.03939218285647157,0.40396560958923183
2020-04-24,0.043304364814979776,0.02656480506396431,0.40396560958923183
2020-04-27,0.04537523060428261,0.030925232721673558,0.40396560958923183
2020-04-28,0.050395611090182944,0.018532277442673065,0.40396560958923183
2020-04-29,0.048485579632052904,0.008626060579630541,0.40396560958923183
2020-04-30,0.04429861407527068,0.009466476337069438,0.40396560958923183
2020-05-01,0.022522313574810392,0.007985053708777582,0.40396560958923183
2020-05-04,0.0211951727703234,0.015622394204392683,0.11471308046978289
2020-05-05,0.017913987391234766,0.025623469973222866,0.11471308046978289
2020-05-06,0.031083651134229583,0.015233948278698712,0.11471308046978289
2020-05-07,0.06763533319922568,0.01903684156890432,0.11471308046978289
2020-05-08,0.069325686396826,0.013127932814687887,0.11471308046978289
2020-05-11,0.0692785741611453,0.007010053483114423,0.11471308046978289
2020-05-12,0.06718817235150643,0.007900934258446894,0.11471308046978289
2020-05-13,0.051932779760171424,0.010968090610645055,0.11471308046978289
2020-05-14,0.017009847638172215,0.013489996822812865,0.11471308046978289
2020-05-15,0.014421853118014787,0.011271830950941584,0.11471308046978289
2020-05-18,0.02155135607818174,0.011132598036682272,0.11471308046978289
2020-05-19,0.029676252539904736,0.013448419927486991,0.11471308046978289
2020-05-20,0.033589577442039935,0.009732418856578624,0.11471308046978289
2020-05-21,0.037419733898581144,0.007427983378659075,0.11471308046978289
2020-05-22,0.03781332440688757,0.00915176992175613,0.11471308046978289
2020-05-26,0.02875988327154324,0.010248915126213586,0.11471308046978289
2020-05-27,0.01866618421840838,0.014567503214479721,0.11471308046978289
2020-05-28,0.017501972753221913,0.013173413060204246,0.11471308046978289
2020-05-29,0.013239333759149572,0.012295531853052346,0.11471308046978289
2020-06-01,0.013139244103850922,0.008715790537116085,0.11471308046978289
2020-06-02,0.014866042307648597,0.007484185688703924,0.11471308046978289
2020-06-03,0.01598922669554297,0.009067643950673587,0.015340279562650506
2020-06-04,0.027175530458286117,0.011741848643685876,0.015340279562650506
2020-06-05,0.05046747421427984,0.0124674476787221,0.015340279562650506
2020-06-08,0.0679881018502803,0.014169698924202683,0.015340279562650506
2020-06-09,0.07951290210014664,0.015679102936152458,0.015340279562650506
2020-06-10,0.07841145082101006,0.02106368871079624,0.015340279562650506
2020-06-11,0.06463327142065153,0.022839947159908346,0.015340279562650506
2020-06-12,0.047992800175725034,0.07747397172963869,0.015340279562650506
2020-06-15,0.03213518751951085,0.04374298939455375,0.015340279562650506
2020-06-16,0.018640165510714218,0.04263369045092384,0.015340279562650506
2020-06-17,0.028749969591382134,0.03080580565301812,0.015340279562650506
2020-06-18,0.035206661909242536,0.015410251495966427,0.015340279562650506
2020-06-19,0.030665553288684956,0.0066136273082675065,0.015340279562650506
2020-06-22,0.034144644499007115,0.011350099988438923,0.015340279562650506
2020-06-23,0.039326876174488434,0.00690191913820847,0.015340279562650506
2020-06-24,0.02905540580295543,0.007068545362933098,0.015340279562650506
2020-06-25,0.024897353983050118,0.014472999333364626,0.015340279562650506
2020-06-26,0.020505046512817905,0.011802649172062227,0.015340279562650506
2020-06-29,0.017408399196660474,0.014542956368311481,0.015340279562650506
2020-06-30,0.013310688687400346,0.011179922782873636,0.015340279562650506
2020-07-01,0.020774319596405494,0.011480594393266038,0.015340279562650506
2020-07-02,0.021623500884954232,0.013123004304617492,0.05179323750830592
2020-07-06,0.03347689779769959,0.013245765320375826,0.05179323750830592
2020-07-07,0.03867443216543799,0.011623612546839003,0.05179323750830592
2020-07-08,0.039268814112466896,0.020088874073383178,0.05179323750830592
2020-07-09,0.03089818796769872,0.01469738623808216,0.05179323750830592
2020-07-10,0.02830411344196988,0.022119343858284925,0.05179323750830592
2020-07-13,0.01876782419148974,0.014604136897829446,0.05179323750830592
2020-07-14,0.011458933959260169,0.01427019517181981,0.05179323750830592
2020-07-15,0.008854617520610971,0.011738432137819813,0.05179323750830592
2020-07-16,0.013510392230688251,0.008956422579084104,0.05179323750830592
2020-07-17,0.01339788497829424,0.012321332030844529,0.05179323750830592
2020-07-20,0.011260303102086214,0.01381511482211043,0.05179323750830592
2020-07-21,0.011104145387416938,0.009566490385834629,0.05179323750830592
2020-07-22,0.011821589785511242,0.009369088027389384,0.05179323750830592
2020-07-23,0.010913723763499496,0.01181986764648751,0.05179323750830592
2020-07-24,0.015748199080466548,0.011231521182841625,0.05179323750830592
2020-07-27,0.015322064800445064,0.009747702942516158,0.05179323750830592
2020-07-28,0.013987800852435566,0.009634394423238744,0.05179323750830592
2020-07-29,0.012723542579746358,0.014545373188037752,0.05179323750830592
2020-07-30,0.009082700494904682,0.015006544439793329,0.05179323750830592
2020-07-31,0.0036255308820240992,0.018786777135530675,0.05179323750830592
2020-08-03,0.004566880891883073,0.028320185729346095,0.018990521931394135
2020-08-04,0.008338371667701093,0.01763081028504751,0.018990521931394135
2020-08-05,0.009217015958688114,0.02211341001390363,0.018990521931394135
2020-08-06,0.009411687872332496,0.012017642712562237,0.018990521931394135
2020-08-07,0.008884096385743574,0.010583675591623685,0.018990521931394135
2020-08-10,0.007640045338622734,0.015149660542449818,0.018990521931394135
2020-08-11,0.004965771672349712,0.01612564623842396,0.018990521931394135
2020-08-12,0.005231057136045454,0.016747564500222786,0.018990521931394135
2020-08-13,0.005320596686524207,0.022369058235919965,0.018990521931394135
2020-08-14,0.005253167568624709,0.03419898336523122,0.018990521931394135
2020-08-17,0.007383824663169089,0.020579330500693178,0.018990521931394135
2020-08-18,0.006777989566716533,0.03513199668686786,0.018990521931394135
2020-08-19,0.00695432717906874,0.018456324268622735,0.018990521931394135
2020-08-20,0.00792901861211313,0.027245123401717617,0.018990521931394135
2020-08-21,0.008463824047763016,0.03345830681611955,0.018990521931394135
2020-08-24,0.006701496351591207,0.03271941340604597,0.018990521931394135
2020-08-25,0.00751646863079132,0.022227943662413662,0.018990521931394135
2020-08-26,0.010149524619811005,0.018826644578708356,0.018990521931394135
2020-08-27,0.029644006252782646,0.014060204428941913,0.018990521931394135
2020-08-28,0.0627405864667175,0.009892123230280409,0.018990521931394135
2020-08-31,0.08080061528694744,0.015926361938332783,0.018990521931394135
2020-09-01,0.08586731348723894,0.011096394343943206,0.011280740117021792
2020-09-02,0.09163405854002356,0.01863711432534288,0.011280740117021792
2020-09-03,0.07729914413992449,0.017069657273214175,0.011280740117021792
2020-09-04,0.05129089889663661,0.0291041240942382,0.011280740117021792
2020-09-08,0.03496372880736387,0.010755755107970874,0.011280740117021792
2020-09-09,0.031589356287333344,0.012038741835844684,0.011280740117021792
2020-09-10,0.025674465943380992,0.01655405690442421,0.011280740117021792
2020-09-11,0.027199348924384397,0.018001455870463475,0.011280740117021792
2020-09-14,0.02564130410937059,0.01572870232030945,0.011280740117021792
2020-09-15,0.02844893661761224,0.024965077105810383,0.011280740117021792
2020-09-16,0.032312819241658366,0.016473810068757724,0.011280740117021792
2020-09-17,0.03908554901308407,0.01172738936291878,0.011280740117021792
2020-09-18,0.03808793615453273,0.008580985899946682,0.011280740117021792
2020-09-21,0.03302501093195513,0.010999109829204871,0.011280740117021792
2020-09-22,0.02942876276808583,0.023448027180808538,0.011280740117021792
2020-09-23,0.02829389335264889,0.022245117275877732,0.011280740117021792
2020-09-24,0.02047045076745916,0.028072029409360606,0.011280740117021792
2020-09-25,0.019270775416525214,0.026019983392458285,0.011280740117021792
2020-09-28,0.018754434072755087,0.027511841577779785,0.011280740117021792
2020-09-29,0.026075168152665317,0.03199385991682609,0.011280740117021792
2020-09-30,0.02164755817558925,0.04054087366057322,0.011280740117021792
2020-10-01,0.019336468287943272,0.01606553913166373,0.035437385345089036
2020-10-02,0.013496839173446984,0.017348271348105983,0.035437385345089036
2020-10-05,0.016131483099190082,0.01633330766214849,0.035437385345089036
2020-10-06,0.008617580152315186,0.011055713105864883,0.035437385345089036
2020-10-07,0.010525083148467448,0.014284567436559826,0.035437385345089036
2020-10-08,0.012523532451630986,0.013064858224915722,0.035437385345089036
2020-10-09,0.013830432680429664,0.01164756275930034,0.035437385345089036
2020-10-12,0.017425682008168443,0.015736882156750412,0.035437385345089036
2020-10-13,0.019626095042848173,0.015583273299191104,0.035437385345089036
2020-10-14,0.018379313505250634,0.02653086866613493,0.035437385345089036
2020-10-15,0.01974055832009578,0.031036806570365817,0.035437385345089036
2020-10-16,0.019163555375397816,0.03688550777790286,0.035437385345089036
2020-10-19,0.022425590210725942,0.017561224646699316,0.035437385345089036
2020-10-20,0.019207778100412156,0.011490768689760041,0.035437385345089036
2020-10-21,0.045232496359003546,0.012375387767213024,0.035437385345089036
2020-10-22,0.05552066106505895,0.015850611392612998,0.035437385345089036
2020-10-23,0.06514806048203317,0.019223317712461687,0.035437385345089036
2020-10-26,0.06062223518629648,0.01350972342926354,0.035437385345089036
2020-10-27,0.07337008249772622,0.02439480778930626,0.035437385345089036
2020-10-28,0.05880346200702169,0.018149081595148765,0.035437385345089036
2020-10-29,0.046564693233897565,0.022983129904011478,0.035437385345089036
2020-10-30,0.03826885248134348,0.019565336941129892,0.09508459805049051
2020-11-02,0.03963862738953501,0.01810015568294566,0.09508459805049051
2020-11-03,0.030665427497287158,0.01955011910617068,0.09508459805049051
2020-11-04,0.01821962921174439,0.022792162342308308,0.09508459805049051
2020-11-05,0.02122913795603289,0.013598933098046833,0.09508459805049051
2020-11-06,0.020414568802603453,0.02643319981188533,0.09508459805049051
2020-11-09,0.014560744532751597,0.03847102569986774,0.09508459805049051
2020-11-10,0.0126203427660153,0.029895441610237473,0.09508459805049051
2020-11-11,0.013559125813049114,0.03565240173843396,0.09508459805049051
2020-11-12,0.010933560402876918,0.036985829187708506,0.09508459805049051
2020-11-13,0.009172111395628724,0.023168254725158446,0.09508459805049051
2020-11-16,0.010665272349050927,0.01694970195749391,0.09508459805049051
2020-11-17,0.010828759116780329,0.012722773221992537,0.09508459805049051
2020-11-18,0.00916968742844431,0.012863835798508918,0.09508459805049051
2020-11-19,0.007154853008712554,0.012862497459027808,0.09508459805049051
2020-11-20,0.009593535769966853,0.007820039171218415,0.09508459805049051
2020-11-23,0.007901541417805077,0.009480459666685575,0.09508459805049051
2020-11-24,0.006182740050197163,0.006019961015201837,0.09508459805049051
2020-11-25,0.007028608089384128,0.006724241984292948,0.09508459805049051
2020-11-27,0.006910374034499516,0.008710396711032102,0.09508459805049051
2020-11-30,0.004652213503790415,0.006844726376383773,0.09508459805049051
2020-12-01,0.004190699573582414,0.009553247901684637,0.024062406665940048
2020-12-02,0.005822036663447129,0.016538426406786468,0.024062406665940048
2020-12-03,0.00640978015854207,0.02140368973705224,0.024062406665940048
2020-12-04,0.00804894621112963,0.022501688302136776,0.024062406665940048
2020-12-07,0.010397667771689014,0.02648534279571206,0.024062406665940048
2020-12-08,0.011290345742108632,0.030270021843034497,0.024062406665940048
2020-12-09,0.009735170338619401,0.01757630608749872,0.024062406665940048
2020-12-10,0.00814228701440292,0.017121627277365218,0.024062406665940048
2020-12-11,0.00883697369432358,0.011661176964731151,0.024062406665940048
2020-12-14,0.05424936494576886,0.01198600907931457,0.024062406665940048
2020-12-15,0.05328065027380041,0.009521719391823148,0.024062406665940048
2020-12-16,0.05332971839327796,0.014315422837641076,0.024062406665940048
2020-12-17,0.05332245008593585,0.01624465478392975,0.024062406665940048
2020-12-18,0.051017602553375854,0.020041886797011816,0.024062406665940048
2020-12-21,0.0036394366787896064,0.027213465138641736,0.024062406665940048
2020-12-22,0.0031944319408607736,0.02758888725735535,0.024062406665940048
2020-12-23,0.003711437215183901,0.02102060801641878,0.024062406665940048
2020-12-24,0.01817709895211815,0.019050870037874323,0.024062406665940048
2020-12-28,0.01993586857221833,0.015565608730322754,0.024062406665940048
2020-12-29,0.02799340131839117,0.015486718724017728,0.024062406665940048
2020-12-30,0.02916538922747607,0.014432464373843622,0.024062406665940048
2020-12-31,0.030967097395608118,0.01693839817952528,0.018274516200025355
2021-01-04,0.01749670672743356,0.01551188943846161,0.018274516200025355
2021-01-05,0.017500165066125832,0.02333556316554876,0.018274516200025355
2021-01-06,0.00981377227064981,0.022883061658115624,0.018274516200025355
2021-01-07,0.009225720447846027,0.021075325257402848,0.018274516200025355
2021-01-08,0.008455576176584273,0.02347452483460162,0.018274516200025355
2021-01-11,0.008189452622823567,0.017273243139869325,0.018274516200025355
2021-01-12,0.007895488767751455,0.019818870852095737,0.018274516200025355
2021-01-13,0.0069581978972628414,0.015647015571218427,0.018274516200025355
2021-01-14,0.006814143475903515,0.018437125372443398,0.018274516200025355
2021-01-15,0.011090381682017727,0.017802319494153142,0.018274516200025355
2021-01-19,0.01058185376701715,0.02248870858815698,0.018274516200025355
2021-01-20,0.016401349631441443,0.018301293461344913,0.018274516200025355
2021-01-21,0.022098486741642474,0.0179812188571429,0.018274516200025355
2021-01-22,0.0297385970834889,0.019177569673690623,0.018274516200025355
2021-01-25,0.03077876920842921,0.022361250347021473,0.018274516200025355
2021-01-26,0.038049539558895125,0.02060886380386244,0.018274516200025355
2021-01-27,0.03211001146885158,0.015225992436051402,0.018274516200025355
2021-01-28,0.0276683726639623,0.013932626517062232,0.018274516200025355
2021-01-29,0.020061041981626393,0.013297652961456873,0.018274516200025355
2021-02-01,0.012813698122180786,0.015095336171874982,0.018274516200025355
2021-02-02,0.005417339095115183,0.023522308175162668,0.08008140258701353
2021-02-03,0.006932073330135862,0.017462475572965323,0.08008140258701353
2021-02-04,0.007291869258160282,0.015626383303480488,0.08008140258701353
2021-02-05,0.007032962942289739,0.012987143906519436,0.08008140258701353
2021-02-08,0.007209354904983614,0.009833118417091613,0.08008140258701353
2021-02-09,0.008106437563908242,0.01156187813448593,0.08008140258701353
2021-02-10,0.007056910073168952,0.018006079315572278,0.08008140258701353
2021-02-11,0.005746761141020772,0.02221275009620487,0.08008140258701353
2021-02-12,0.006511746724407125,0.02190733479262928,0.08008140258701353
2021-02-16,0.017713766588664717,0.018579341239730325,0.08008140258701353
2021-02-17,0.02065034936116308,0.01418147185550988,0.08008140258701353
2021-02-18,0.03073261759119304,0.010860236906322646,0.08008140258701353
2021-02-19,0.03715632079550174,0.009901791748561484,0.08008140258701353
2021-02-22,0.0518499730537431,0.012405092081477056,0.08008140258701353
2021-02-23,0.04123937457771522,0.016950142436190075,0.08008140258701353
2021-02-24,0.03964700064073192,0.021980509572188854,0.08008140258701353
2021-02-25,0.05050636551836676,0.018781564369491136,0.08008140258701353
2021-02-26,0.06776766569111806,0.031791971963293544,0.08008140258701353
2021-03-01,0.0572190893909313,0.031198241522793005,0.08008140258701353
2021-03-02,0.059158924013248945,0.020266974332276734,0.08008140258701353
2021-03-03,0.0582088896417273,0.0239425490232109,0.08008140258701353
2021-03-04,0.03733123386772553,0.030729464304770856,0.048097933642351334
2021-03-05,0.013837114478018563,0.02786955934135456,0.048097933642351334
2021-03-08,0.011284963000107166,0.023847327260577436,0.048097933642351334
2021-03-09,0.009008636100712276,0.017700380166876303,0.048097933642351334
2021-03-10,0.010092921606155967,0.029346167473409766,0.048097933642351334
2021-03-11,0.01247951518428904,0.02903512311011775,0.048097933642351334
2021-03-12,0.014725099873864316,0.030529063805269117,0.048097933642351334
2021-03-15,0.013668380796909277,0.03552061157864793,0.048097933642351334
2021-03-16,0.01567843884589635,0.030709617423996242,0.048097933642351334
2021-03-17,0.015925616389025572,0.021851044170030885,0.048097933642351334
2021-03-18,0.016907898827122687,0.023534871625019937,0.048097933642351334
2021-03-19,0.016573897950029223,0.02500821240380409,0.048097933642351334
2021-03-22,0.016923221916271013,0.02709092764178711,0.048097933642351334
2021-03-23,0.01481274113589585,0.029916267077933455,0.048097933642351334
2021-03-24,0.01278961409187498,0.027942589569422135,0.048097933642351334
2021-03-25,0.0075318057492192985,0.02068350915012354,0.048097933642351334
2021-03-26,0.005585687948533736,0.010567099245645457,0.048097933642351334
2021-03-29,0.0038145835397955055,0.01112303498675031,0.048097933642351334
2021-03-30,0.0031675387197566325,0.008574607873908532,0.048097933642351334
2021-03-31,0.0025022899414530834,0.011212747180750368,0.048097933642351334
2021-04-01,0.0027488764719873987,0.014563005015426204,0.048097933642351334
2021-04-05,0.0021764594807778446,0.01910993166944719,0.024812505746928733
2021-04-06,0.0023332171315083574,0.017527899930460694,0.024812505746928733
2021-04-07,0.003231218864971045,0.01761768516582601,0.024812505746928733
2021-04-08,0.003238901296286184,0.015711364330759134,0.024812505746928733
2021-04-09,0.003298045741662383,0.012560583986391306,0.024812505746928733
2021-04-12,0.004071081189945507,0.01107845618576546,0.024812505746928733
2021-04-13,0.006061482269175355,0.010811695430620103,0.024812505746928733
2021-04-14,0.006077305870396478,0.010450772370349224,0.024812505746928733
2021-04-15,0.008904288155393082,0.00892049272912255,0.024812505746928733
2021-04-16,0.010871546964560417,0.014955604524151475,0.024812505746928733
2021-04-19,0.010008201907615352,0.014532746981698107,0.024812505746928733
2021-04-20,0.007830964904707933,0.016526379445246066,0.024812505746928733
2021-04-21,0.007242255661352658,0.018794487449519334,0.024812505746928733
2021-04-22,0.006662911188464122,0.01987202272672694,0.024812505746928733
2021-04-23,0.00469413132072527,0.015939375670311163,0.024812505746928733
2021-04-26,0.004918729726954463,0.014764535931488207,0.024812505746928733
2021-04-27,0.00799578944216553,0.013627567315173054,0.024812505746928733
2021-04-28,0.007968133213586815,0.015561828453060188,0.024812505746928733
2021-04-29,0.008611735104675304,0.01572878682395164,0.024812505746928733
2021-04-30,0.009282417354994523,0.013796676955101839,0.024812505746928733
2021-05-03,0.009948668232068036,0.012904752807787785,0.024812505746928733
2021-05-04,0.010276936268705615,0.013635538052879738,0.020187871979854357
2021-05-05,0.016880542807130732,0.009530456787790516,0.020187871979854357
2021-05-06,0.01667397950473159,0.008975317923085615,0.020187871979854357
2021-05-07,0.016744734868003625,0.008793323360279636,0.020187871979854357
2021-05-10,0.01691199866368087,0.012417944878693842,0.020187871979854357
2021-05-11,0.014048822445778094,0.016336085720002936,0.020187871979854357
2021-05-12,0.009990262154353285,0.019433275460689948,0.020187871979854357
2021-05-13,0.009161777622168153,0.020968286251724137,0.020187871979854357
2021-05-14,0.00935788964655196,0.02423531986876943,0.020187871979854357
2021-05-17,0.00915189851976526,0.023801519875822616,0.020187871979854357
2021-05-18,0.009024074149412739,0.020828565799636135,0.020187871979854357
2021-05-19,0.006370741474484552,0.02121843502645905,0.020187871979854357
2021-05-20,0.00447717586547188,0.018554885400252113,0.020187871979854357
2021-05-21,0.003060377475685669,0.020033786130541,0.020187871979854357
2021-05-24,0.002762795046346046,0.017423277913367532,0.020187871979854357
2021-05-25,0.0024139031052114917,0.018048192839604314,0.020187871979854357
2021-05-26,0.0038160735457965756,0.013782824739588145,0.020187871979854357
2021-05-27,0.005467226461031345,0.010932801685687672,0.020187871979854357
2021-05-28,0.005599003282511896,0.00947198923179243,0.020187871979854357
2021-06-01,0.00586840663612777,0.009819542817264293,0.020187871979854357
2021-06-02,0.005559710458694383,0.012349561683858533,0.020187871979854357
2021-06-03,0.0049595781618999284,0.011403842846707668,0.016231248441239205
2021-06-04,0.0033288229796371665,0.010211877836199574,0.016231248441239205
2021-06-07,0.003635704511296274,0.014089663120402569,0.016231248441239205
2021-06-08,0.0029478318410979037,0.012663911475318933,0.016231248441239205
2021-06-09,0.005490744344182502,0.010613580792882646,0.016231248441239205
2021-06-10,0.006136172371000033,0.011035575276505841,0.016231248441239205
2021-06-11,0.006668527824867468,0.008679888137398768,0.016231248441239205
2021-06-14,0.007978590288025686,0.006490280737323673,0.016231248441239205
2021-06-15,0.0091739760768498,0.009572418259179129,0.016231248441239205
2021-06-16,0.006698606578931188,0.010562704440353565,0.016231248441239205
2021-06-17,0.004879448004168686,0.008898351883378822,0.016231248441239205
2021-06-18,0.004259235512043886,0.007977057786088647,0.016231248441239205
2021-06-21,0.0027209664117188556,0.009908948065051045,0.016231248441239205
2021-06-22,0.0013833949481115233,0.011073399489107925,0.016231248441239205
2021-06-23,0.0013630147617230642,0.010498856004333293,0.016231248441239205
2021-06-24,0.0014326914658504717,0.010573164389232592,0.016231248441239205
2021-06-25,0.002449029835579254,0.012569696567793212,0.016231248441239205
2021-06-28,0.004115568178382217,0.013028888537570517,0.016231248441239205
2021-06-29,0.00519018237253847,0.014621420289982427,0.016231248441239205
2021-06-30,0.006852236260277013,0.011680571160550254,0.016231248441239205
2021-07-01,0.009275515676114248,0.010992015461677551,0.016231248441239205
2021-07-02,0.008456208208055368,0.007110406066148067,0.01621078417728963
2021-07-06,0.007173703081283869,0.005911112025130101,0.01621078417728963
2021-07-07,0.006882509059790237,0.0057545798556558345,0.01621078417728963
2021-07-08,0.006000609064500321,0.005391591762210475,0.01621078417728963
2021-07-09,0.004677137062085031,0.007778370649411618,0.01621078417728963
2021-07-12,0.01638074942364059,0.01066810550823849,0.01621078417728963
2021-07-13,0.02040900385655627,0.010286486463976148,0.01621078417728963
2021-07-14,0.02067274870362283,0.011697885615765524,0.01621078417728963
2021-07-15,0.020113542130813084,0.017112895945349156,0.01621078417728963
2021-07-16,0.019850132001235896,0.010924468646865597,0.01621078417728963
2021-07-19,0.007788355223469071,0.007073946157647126,0.01621078417728963
2021-07-20,0.00492529058041743,0.012862073692551646,0.01621078417728963
2021-07-21,0.004697194296307096,0.01264067971127474,0.01621078417728963
2021-07-22,0.004645342128909586,0.01575659982352113,0.01621078417728963
2021-07-23,0.004272891108262286,0.023423584786902738,0.01621078417728963
2021-07-26,0.005204034508356557,0.019014869588602802,0.01621078417728963
2021-07-27,0.0060101960363324,0.018033621673527095,0.01621078417728963
2021-07-28,0.005592286026567521,0.02212180347628275,0.01621078417728963
2021-07-29,0.005413654069889218,0.016177802010423795,0.01621078417728963
2021-07-30,0.004916390625828691,0.022048460142103814,0.01621078417728963
2021-08-02,0.004147021276333654,0.015927891336183213,0.01621078417728963
2021-08-03,0.0016851419468532722,0.01599204765501789,0.0166526457093998
2021-08-04,0.0012093947507333981,0.013878350206268627,0.0166526457093998
2021-08-05,0.0015890495316608082,0.01247551664639266,0.0166526457093998
2021-08-06,0.001522255931732887,0.011049125121556687,0.0166526457093998
2021-08-09,0.00295131680363596,0.009062519268254654,0.0166526457093998
2021-08-10,0.00480491436925475,0.01070131469845399,0.0166526457093998
2021-08-11,0.007381474471136627,0.013063877859430062,0.0166526457093998
2021-08-12,0.008729339309031168,0.015510910322045898,0.0166526457093998
2021-08-13,0.009733268240277423,0.012673726700003354,0.0166526457093998
2021-08-16,0.010506443472578085,0.01751993050005367,0.0166526457093998
2021-08-17,0.008497871424289385,0.011833709295772972,0.0166526457093998
2021-08-18,0.0060224700757475855,0.007785595303343128,0.0166526457093998
2021-08-19,0.0044094647588458465,0.00818991502095222,0.0166526457093998
2021-08-20,0.003984708901457778,0.00692657422282239,0.0166526457093998
2021-08-23,0.002042784643346124,0.005922129606960859,0.0166526457093998
2021-08-24,0.002158711704589314,0.008090015084602562,0.0166526457093998
2021-08-25,0.0020988120721878336,0.010365559612650004,0.0166526457093998
2021-08-26,0.002279373050877634,0.009128012946575493,0.0166526457093998
2021-08-27,0.0020320003685485046,0.013732486266101131,0.0166526457093998
2021-08-30,0.0018764419702131951,0.015859221789551674,0.0166526457093998
2021-08-31,0.0025844592714549526,0.01113769279580648,0.0166526457093998
2021-09-01,0.00389441636545243,0.0084476698207382,0.013853997306809035
2021-09-02,0.005081646705856877,0.008656836171260656,0.013853997306809035
2021-09-03,0.007176405263722993,0.010778786134918445,0.013853997306809035
2021-09-07,0.008594418611206413,0.009259783990629721,0.013853997306809035
2021-09-08,0.009704310070156277,0.010237423320989229,0.013853997306809035
2021-09-09,0.010531648543992644,0.013511481773408782,0.013853997306809035
2021-09-10,0.009982957274790514,0.014131666782933068,0.013853997306809035
2021-09-13,0.015378365411244465,0.00952193445191802,0.013853997306809035
2021-09-14,0.01582789793315678,0.012453152673933583,0.013853997306809035
2021-09-15,0.01860951685784141,0.010687843995653345,0.013853997306809035
2021-09-16,0.018725745205952864,0.010039918473622799,0.013853997306809035
2021-09-17,0.018457942928581855,0.008518934815538946,0.013853997306809035
2021-09-20,0.011141309413792941,0.008492155012216188,0.013853997306809035
2021-09-21,0.011922837426877445,0.014141064631974655,0.013853997306809035
2021-09-22,0.00834592809913918,0.013198957874953596,0.013853997306809035
2021-09-23,0.009512653491044385,0.01050430823450019,0.013853997306809035
2021-09-24,0.017950935821739948,0.007662052316477139,0.013853997306809035
2021-09-27,0.023232800066202635,0.011778208840376529,0.013853997306809035
2021-09-28,0.024363274832576796,0.010188370198173535,0.013853997306809035
2021-09-29,0.02754457388729693,0.01112609879002686,0.013853997306809035
2021-09-30,0.02544899165381833,0.012151206327022256,0.013853997306809035
2021-10-01,0.016768864245484568,0.010853158472986972,0.026395328972300347
2021-10-04,0.014460424059954933,0.010140220721609668,0.026395328972300347
2021-10-05,0.011339267926682762,0.01125374876726076,0.026395328972300347
2021-10-06,0.009563058991848752,0.007941879852157482,0.026395328972300347
2021-10-07,0.008982347376490677,0.012629412617931206,0.026395328972300347
2021-10-08,0.008768252888346198,0.011544907175579055,0.026395328972300347
2021-10-11,0.0065142007794414,0.01439842713449681,0.026395328972300347
2021-10-12,0.005933462720019633,0.012613296886863086,0.026395328972300347
2021-10-13,0.003441140397942413,0.014085751252760837,0.026395328972300347
2021-10-14,0.002919056509852895,0.015428508037101487,0.026395328972300347
2021-10-15,0.004053702499630171,0.010733139145281208,0.026395328972300347
2021-10-18,0.004097137480954435,0.008559737996906888,0.026395328972300347
2021-10-19,0.004531418393284106,0.01033169511560038,0.026395328972300347
2021-10-20,0.0050532511245881245,0.014235487672640532,0.026395328972300347
2021-10-21,0.004874142427109055,0.021042722740865313,0.026395328972300347
2021-10-22,0.004127350201084438,0.016462124947607275,0.026395328972300347
2021-10-25,0.003513681406878923,0.014858149635679007,0.026395328972300347
2021-10-26,0.0029108059866688315,0.012719484805094187,0.026395328972300347
2021-10-27,0.0033118744357802294,0.009639711527469653,0.026395328972300347
2021-10-28,0.003277949914580712,0.009724164557860114,0.026395328972300347
2021-10-29,0.003960071055457329,0.008444657388184479,0.026395328972300347
2021-11-01,0.003639440868027826,0.006279469739020805,0.013084397329662423
2021-11-02,0.00458459026023657,0.007867757460443778,0.013084397329662423
2021-11-03,0.006433941362083348,0.007374289419136957,0.013084397329662423
2021-11-04,0.0062702200614325855,0.009708819117016418,0.013084397329662423
2021-11-05,0.005942552817445807,0.008214889268682241,0.013084397329662423
2021-11-08,0.006160578341448042,0.005605594737964029,0.013084397329662423
2021-11-09,0.005864498099760451,0.005438294791182341,0.013084397329662423
2021-11-10,0.003153789272194487,0.004988872270062626,0.013084397329662423
2021-11-11,0.00459127215563754,0.008914705378162864,0.013084397329662423
2021-11-12,0.004007504787502324,0.010040997288061881,0.013084397329662423
2021-11-15,0.006758452121245165,0.01224673982249415,0.013084397329662423
2021-11-16,0.008237272921135378,0.013619054008394115,0.013084397329662423
2021-11-17,0.009163456208265568,0.014715364890128148,0.013084397329662423
2021-11-18,0.01105320794472132,0.008602202456951686,0.013084397329662423
2021-11-19,0.013122614246413773,0.007386395546114782,0.013084397329662423
2021-11-22,0.01498814754066291,0.005873858616825567,0.013084397329662423
2021-11-23,0.025856476999066392,0.008071790810008288,0.013084397329662423
2021-11-24,0.029812861376919925,0.0099594730536731,0.013084397329662423
2021-11-26,0.03909650819374426,0.008381805759873753,0.013084397329662423
2021-11-29,0.042037434100428865,0.009826013344255858,0.013084397329662423
2021-11-30,0.04770573603913714,0.012226897421748812,0.013084397329662423
2021-12-01,0.03551491577661411,0.013003766807773504,0.030105167141818195
2021-12-02,0.031475136275512336,0.009330849025114286,0.030105167141818195
2021-12-03,0.020784155233512954,0.008316172272489795,0.030105167141818195
2021-12-06,0.01609046836990404,0.005792389598142545,0.030105167141818195
2021-12-07,0.008705020861362007,0.005804693929846598,0.030105167141818195
2021-12-08,0.014904064468708043,0.0036040093337526835,0.030105167141818195
2021-12-09,0.017949563797875233,0.006214537304716597,0.030105167141818195
2021-12-10,0.020963096150998242,0.009517067971495487,0.030105167141818195
2021-12-13,0.022214662302197284,0.011312587313457566,0.030105167141818195
2021-12-14,0.02253869281794494,0.009226190963585285,0.030105167141818195
2021-12-15,0.01627053485473887,0.010619231396345331,0.030105167141818195
2021-12-16,0.013244957977444552,0.007967840969655231,0.030105167141818195
2021-12-17,0.009026895123609479,0.008109409651035425,0.030105167141818195
2021-12-20,0.007598839113681389,0.006656865424742508,0.030105167141818195
2021-12-21,0.0044879426511617035,0.010253104372749216,0.030105167141818195
2021-12-22,0.004420791409122677,0.008319142095138699,0.030105167141818195
2021-12-23,0.003781800420642415,0.008394505511228136,0.030105167141818195
2021-12-27,0.004587140775303216,0.007217520940983527,0.030105167141818195
2021-12-28,0.0057128357296244835,0.0077290589796880525,0.030105167141818195
2021-12-29,0.008840700032615645,0.006423058969977868,0.030105167141818195
2021-12-30,0.011222994046354618,0.009300069033665105,0.030105167141818195
2021-12-31,0.012813062005505657,0.009760248503554473,0.013860432675390447
2022-01-03,0.020387921033960883,0.008442161978457168,0.013860432675390447
2022-01-04,0.02372994190840794,0.012621752833345956,0.013860432675390447
2022-01-05,0.02188473314211175,0.014073783019225173,0.013860432675390447
2022-01-06,0.023582821871452237,0.016837757723873435,0.013860432675390447
2022-01-07,0.0235401645193564,0.017068416770481706,0.013860432675390447
2022-01-10,0.015976671177898173,0.020783957347711525,0.013860432675390447
2022-01-11,0.014972215910219116,0.010641063814719187,0.013860432675390447
2022-01-12,0.033291712612461985,0.00862838620232717,0.013860432675390447
2022-01-13,0.03564649881634749,0.0068994432899386945,0.013860432675390447
2022-01-14,0.07969901349227106,0.008371301823833052,0.013860432675390447
2022-01-18,0.09906885753179782,0.008585494692012082,0.013860432675390447
2022-01-19,0.1198301429120929,0.012891094681805233,0.013860432675390447
2022-01-20,0.11398460601719569,0.013142100901796894,0.013860432675390447
2022-01-21,0.12463569864460029,0.011605847600163163,0.013860432675390447
2022-01-24,0.0851183313084632,0.010559811464226203,0.013860432675390447
2022-01-25,0.06919790676621074,0.00900623124998263,0.013860432675390447
2022-01-26,0.04700014304601255,0.007119372070789188,0.013860432675390447
2022-01-27,0.03724324526087565,0.010497321651289254,0.013860432675390447
2022-01-28,0.02870625323729851,0.01115803589158999,0.013860432675390447
2022-01-31,0.024950394837119774,0.010281145416518212,0.013860432675390447
2022-02-01,0.023788313131471894,0.017255854993780177,0.037996449794860075
2022-02-02,0.021480385343442217,0.013727165098662931,0.037996449794860075
2022-02-03,0.02993771980840324,0.008102574469579252,0.037996449794860075
2022-02-04,0.03295759350556427,0.012681104044902861,0.037996449794860075
2022-02-07,0.03519186258773181,0.040335711552504844,0.037996449794860075
2022-02-08,0.031954584553762815,0.036064420307759984,0.037996449794860075
2022-02-09,0.035527807821890585,0.0493988514786453,0.037996449794860075
2022-02-10,0.03182776375595827,0.03164969715539322,0.037996449794860075
2022-02-11,0.02453903398154472,0.04179736791936177,0.037996449794860075
2022-02-14,0.03154563869896785,0.03321842770998722,0.037996449794860075
2022-02-15,0.03822130878779892,0.037325017134120536,0.037996449794860075
2022-02-16,0.048122475150855853,0.029095839343380378,0.037996449794860075
2022-02-17,0.04515387946331584,0.03396417829617419,0.037996449794860075
2022-02-18,0.04524158645573855,0.012273941232890672,0.037996449794860075
2022-02-22,0.04417317519386634,0.009802134481968837,0.037996449794860075
2022-02-23,0.04251233393084633,0.007452161875772267,0.037996449794860075
2022-02-24,0.03328327738803445,0.009750843091453045,0.037996449794860075
2022-02-25,0.030822663955560943,0.009318478276483204,0.037996449794860075
2022-02-28,0.03297058642500417,0.0041573565305588435,0.037996449794860075
2022-03-01,0.041480086113928255,0.005877114373189663,0.037996449794860075
2022-03-02,0.04145150754593514,0.005405105339956568,0.037996449794860075
2022-03-03,0.040807180060265014,0.014792037779155448,0.04224091820927506
2022-03-04,0.04167464548729742,0.027526847469894408,0.04224091820927506
2022-03-07,0.043475997707252224,0.03613170446480461,0.04224091820927506
2022-03-08,0.029518577154934222,0.05786861637714868,0.04224091820927506
2022-03-09,0.03656393866884657,0.06934060274889592,0.04224091820927506
2022-03-10,0.03496341489630961,0.03382462967493283,0.04224091820927506
2022-03-11,0.03332985139686476,0.0855004313997392,0.04224091820927506
2022-03-14,0.028332820582326883,0.058812354677030755,0.04224091820927506
2022-03-15,0.024230731298422667,0.06983865584746773,0.04224091820927506
2022-03-16,0.01347104036905682,0.02287865370604887,0.04224091820927506
2022-03-17,0.013114826155186896,0.019850778513083225,0.04224091820927506
2022-03-18,0.012148530234694772,0.015056797336183344,0.04224091820927506
2022-03-21,0.010672530234432386,0.012806779915848724,0.04224091820927506
2022-03-22,0.011867111495082228,0.019817731610859902,0.04224091820927506
2022-03-23,0.01235327509272098,0.01767500985670697,0.04224091820927506
2022-03-24,0.013570748766770382,0.028769990296444347,0.04224091820927506
2022-03-25,0.013520237909468085,0.02200623065543678,0.04224091820927506
2022-03-28,0.012087449302375496,0.045438949521292814,0.04224091820927506
2022-03-29,0.01563559441258541,0.012376206746670258,0.04224091820927506
2022-03-30,0.01696559184781719,0.009992736869657142,0.04224091820927506
2022-03-31,0.019088865923575823,0.014184237872891513,0.04224091820927506
2022-04-01,0.01953699956540213,0.014200158935270615,0.030918360500994734
2022-04-04,0.02047365314761479,0.004975535398431132,0.030918360500994734
2022-04-05,0.022708680625135983,0.00823834512089574,0.030918360500994734
2022-04-06,0.021248219470652564,0.035617336913760574,0.030918360500994734
2022-04-07,0.01887817688898668,0.027507359162649424,0.030918360500994734
2022-04-08,0.018253188106828782,0.025378703439361792,0.030918360500994734
2022-04-11,0.019311327746472963,0.034067531708054336,0.030918360500994734
2022-04-12,0.012535659094163081,0.04060817427521717,0.030918360500994734
2022-04-13,0.020704902401409587,0.01631015126204317,0.030918360500994734
2022-04-14,0.026839776901396058,0.015217300451978374,0.030918360500994734
2022-04-18,0.0358262276685074,0.034030691964052215,0.030918360500994734
2022-04-19,0.03618976935259141,0.025626145239954646,0.030918360500994734
2022-04-20,0.04352740035698523,0.01659900065078013,0.030918360500994734
2022-04-21,0.05013404481960051,0.01643990573654348,0.030918360500994734
2022-04-22,0.05682958046248754,0.027479872597518447,0.030918360500994734
2022-04-25,0.06283554992923983,0.02130513297583055,0.030918360500994734
2022-04-26,0.06341053926849306,0.011055487829265643,0.030918360500994734
2022-04-27,0.07487620533668185,0.01678857749290159,0.030918360500994734
2022-04-28,0.08007681668572417,0.014092338794461472,0.030918360500994734
2022-04-29,0.07644903938247423,0.007181131840210856,0.030918360500994734
2022-05-02,0.06889965008812804,0.02317829380199558,0.030918360500994734
2022-05-03,0.08100626806714684,0.0364284671503782,0.09740005254925017
2022-05-04,0.0802518043825731,0.027851896734989317,0.09740005254925017
2022-05-05,0.07560002433760064,0.019985637011954813,0.09740005254925017
2022-05-06,0.06927632896920001,0.060662847729581575,0.09740005254925017
2022-05-09,0.06608013102716412,0.04959168888217162,0.09740005254925017
2022-05-10,0.05479146188395682,0.061345735834433736,0.09740005254925017
2022-05-11,0.04646625838088449,0.04055623440010009,0.09740005254925017
2022-05-12,0.03691357186872836,0.04186898534400506,0.09740005254925017
2022-05-13,0.07460880707710248,0.021405186131554964,0.09740005254925017
2022-05-16,0.07492313886375397,0.014651282506990647,0.09740005254925017
2022-05-17,0.08063328540042079,0.014841120453110347,0.09740005254925017
2022-05-18,0.07526710873566014,0.013381812457631648,0.09740005254925017
2022-05-19,0.07334789890811975,0.022525478598679264,0.09740005254925017
2022-05-20,0.032233025031026145,0.01310424344468881,0.09740005254925017
2022-05-23,0.03161155083012746,0.017791995748182278,0.09740005254925017
2022-05-24,0.030110216471866957,0.013232032503591461,0.09740005254925017
2022-05-25,0.03291102891363941,0.014697443819214707,0.09740005254925017
2022-05-26,0.029410670649485958,0.01103278954198231,0.09740005254925017
2022-05-27,0.031234740218062895,0.009512411360466296,0.09740005254925017
2022-05-31,0.029490384772833805,0.008137054231734426,0.09740005254925017
2022-06-01,0.023690508104259676,0.018328616657985408,0.09740005254925017
2022-06-02,0.02366645389693957,0.031009710742754774,0.06421163513379916
2022-06-03,0.02369026038553673,0.030923337111697535,0.06421163513379916
2022-06-06,0.028887469112166823,0.058935396779242144,0.06421163513379916
2022-06-07,0.033066725458587,0.051934823110318225,0.06421163513379916
2022-06-08,0.05355269124081554,0.042828338609449644,0.06421163513379916
2022-06-09,0.051418664572737846,0.04987688032269877,0.06421163513379916
2022-06-10,0.058516923009911695,0.03782875421720922,0.06421163513379916
2022-06-13,0.05152686070166873,0.07201055263549562,0.06421163513379916
2022-06-14,0.05414914276950929,0.29688751279689807,0.06421163513379916
2022-06-15,0.03615141501833039,0.1482839459233337,0.06421163513379916
2022-06-16,0.03252649904134783,0.1669308212853228,0.06421163513379916
2022-06-17,0.024530808340199068,0.2956374237388228,0.06421163513379916
2022-06-21,0.03677009709374383,0.23841617839770476,0.06421163513379916
2022-06-22,0.028131130256929666,0.056985122006697614,0.06421163513379916
2022-06-23,0.03363069230400839,0.07837286388980391,0.06421163513379916
2022-06-24,0.03866229220277608,0.05678233225600766,0.06421163513379916
2022-06-27,0.04645652785729899,0.014388930680669074,0.06421163513379916
2022-06-28,0.038209074740175986,0.01631030149760565,0.06421163513379916
2022-06-29,0.041044972959475824,0.03793018900843922,0.06421163513379916
2022-06-30,0.03342179062013738,0.03467215239028468,0.06421163513379916
2022-07-01,0.026953927359380892,0.03120773811749264,0.06421163513379916
2022-07-05,0.025173371953421196,0.009476773446507658,0.06586469486346182
2022-07-06,0.02595890367917949,0.01684189221077713,0.06586469486346182
2022-07-07,0.029593205128243528,0.054095598534079234,0.06586469486346182
2022-07-08,0.02863199760716867,0.039888198766916454,0.06586469486346182
2022-07-11,0.03371212551776216,0.06209567990545428,0.06586469486346182
2022-07-12,0.030306309196372106,0.10103846463953213,0.06586469486346182
2022-07-13,0.026714001642984615,0.04121427632394852,0.06586469486346182
2022-07-14,0.02349948441983461,0.02082560963685573,0.06586469486346182
2022-07-15,0.027604869250722325,0.030598285876376807,0.06586469486346182
2022-07-18,0.02265429279502762,0.016397092260883494,0.06586469486346182
2022-07-19,0.019937594077824822,0.015137826344941225,0.06586469486346182
2022-07-20,0.023036776252979348,0.009397980766793296,0.06586469486346182
2022-07-21,0.026861882111987413,0.01210139023210726,0.06586469486346182
2022-07-22,0.023445775446678696,0.006489702359200396,0.06586469486346182
2022-07-25,0.025174203891438752,0.009654669485950776,0.06586469486346182
2022-07-26,0.02910172693842892,0.010628009416518126,0.06586469486346182
2022-07-27,0.025017286646694843,0.01817794381462817,0.06586469486346182
2022-07-28,0.016489929131883456,0.010497836599148314,0.06586469486346182
2022-07-29,0.014273926355928024,0.010135237452405245,0.06586469486346182
2022-08-01,0.015163695279629932,0.009033797163889672,0.06586469486346182
2022-08-02,0.010432310519924222,0.009431434429308643,0.06586469486346182
2022-08-03,0.009155293734765643,0.028784801769080808,0.04361075710305204
2022-08-04,0.011800526992990513,0.031626101382821854,0.04361075710305204
2022-08-05,0.01296795886386665,0.02592272216788524,0.04361075710305204
2022-08-08,0.009900381408259109,0.05547548841494497,0.04361075710305204
2022-08-09,0.011839875282380105,0.05255748338552461,0.04361075710305204
2022-08-10,0.01365973694251842,0.03699498390277252,0.04361075710305204
2022-08-11,0.011208722183344805,0.03437627487005536,0.04361075710305204
2022-08-12,0.010055252202764722,0.05903621319063111,0.04361075710305204
2022-08-15,0.010661280154201914,0.03936332841107395,0.04361075710305204
2022-08-16,0.009784115112902277,0.051622361861141886,0.04361075710305204
2022-08-17,0.00820689140045131,0.04843095308303064,0.04361075710305204
2022-08-18,0.009285628507661204,0.04654407332141274,0.04361075710305204
2022-08-19,0.017197262897532338,0.029652667456458805,0.04361075710305204
2022-08-22,0.01863656385737909,0.04064343047304428,0.04361075710305204
2022-08-23,0.023189228887088277,0.04540697553376127,0.04361075710305204
2022-08-24,0.02475695176036862,0.03528241351577904,0.04361075710305204
2022-08-25,0.028294104863817553,0.030834429195720603,0.04361075710305204
2022-08-26,0.03122058683029565,0.04365879077994729,0.04361075710305204
2022-08-29,0.03254711775552499,0.039108799212857925,0.04361075710305204
2022-08-30,0.030699171636764066,0.02502874328039395,0.04361075710305204
2022-08-31,0.031550908665533665,0.025421393857987747,0.04361075710305204
2022-09-01,0.02785869625015927,0.0391835684391235,0.0512017894720621
2022-09-02,0.01664619246908208,0.054038427088741674,0.0512017894720621
2022-09-06,0.022552957089149818,0.02752588827351358,0.0512017894720621
2022-09-07,0.022114671154183658,0.030289502620673165,0.0512017894720621
2022-09-08,0.0253456183566316,0.028299230300578623,0.0512017894720621
2022-09-09,0.025859990788989196,0.021704529974352203,0.0512017894720621
2022-09-12,0.026513343119683085,0.01878724730561687,0.0512017894720621
2022-09-13,0.019990611397065795,0.01720449500607621,0.0512017894720621
2022-09-14,0.030047122256229457,0.037800610799399906,0.0512017894720621
2022-09-15,0.02607633378809835,0.04084598106863519,0.0512017894720621
2022-09-16,0.03248297706466415,0.04745654064119992,0.0512017894720621
2022-09-19,0.039805906049963355,0.04819132291182877,0.0512017894720621
2022-09-20,0.04977261263811727,0.045663517129479844,0.0512017894720621
2022-09-21,0.04763055413099685,0.022216390929357115,0.0512017894720621
2022-09-22,0.05230066947386135,0.03383005499411638,0.0512017894720621
2022-09-23,0.055192151158371484,0.030911264130939194,0.0512017894720621
2022-09-26,0.05827627862276243,0.05988276755749823,0.0512017894720621
2022-09-27,0.06375589456133827,0.06601417961878357,0.0512017894720621
2022-09-28,0.06271854222448588,0.05985483599897577,0.0512017894720621
2022-09-29,0.060304831829044905,0.07042576760222469,0.0512017894720621
2022-09-30,0.0713146383697598,0.071237616100849,0.0512017894720621
2022-10-03,0.06517509352352244,0.04133420820241472,0.06072956647033142
2022-10-04,0.05612650183474185,0.0223790531283331,0.06072956647033142
2022-10-05,0.04709520492493789,0.015606265419853806,0.06072956647033142
2022-10-06,0.07272684375620661,0.02245886470712865,0.06072956647033142
2022-10-07,0.06586796063342315,0.021188977190858473,0.06072956647033142
2022-10-10,0.08069277269348353,0.0278146351072142,0.06072956647033142
2022-10-11,0.0795213548351388,0.03970889854037453,0.06072956647033142
2022-10-12,0.08480464877253055,0.04144112155505174,0.06072956647033142
2022-10-13,0.06452681557567341,0.039014248152896065,0.06072956647033142
2022-10-14,0.05988445758445669,0.0373990456300216,0.06072956647033142
2022-10-17,0.04646193730968601,0.030527168102005016,0.06072956647033142
2022-10-18,0.03967654730939782,0.01762021201711731,0.06072956647033142
2022-10-19,0.03894884749008566,0.01603160144797497,0.06072956647033142
2022-10-20,0.03216515549515979,0.025882898409921477,0.06072956647033142
2022-10-21,0.026164911987118976,0.029775248892848064,0.06072956647033142
2022-10-24,0.020448831964202063,0.0200731824681367,0.06072956647033142
2022-10-25,0.02237795878929638,0.022777650908380652,0.06072956647033142
2022-10-26,0.03803378816391738,0.02888719941428926,0.06072956647033142
2022-10-27,0.039078152978191075,0.018860614786990016,0.06072956647033142
2022-10-28,0.04769510980707475,0.013549464396797372,0.06072956647033142
2022-10-31,0.0498398293038467,0.01604522909700982,0.06072956647033142
2022-11-01,0.05482946141920626,0.029645192324359085,0.07010078205664708
2022-11-02,0.038004243858569445,0.02660863950392611,0.07010078205664708
2022-11-03,0.04170064038795044,0.03117630565914608,0.07010078205664708
2022-11-04,0.03184483710988299,0.034867364199491796,0.07010078205664708
2022-11-07,0.03231694241607215,0.03751033114730523,0.07010078205664708
2022-11-08,0.031784764014255,0.03319369639169983,0.07010078205664708
2022-11-09,0.027573352405995927,0.036119320666652716,0.07010078205664708
2022-11-10,0.020538980409602788,0.04233392554376651,0.07010078205664708
2022-11-11,0.019615608177351782,0.031208794736514184,0.07010078205664708
2022-11-14,0.01696398975356472,0.031141650739359625,0.07010078205664708
2022-11-15,0.01066218060753188,0.03260011785003008,0.07010078205664708
2022-11-16,0.010502129266355704,0.030981967908179673,0.07010078205664708
2022-11-17,0.008787762772718772,0.028452105601950006,0.07010078205664708
2022-11-18,0.009406056337100368,0.028979694996294734,0.07010078205664708
2022-11-21,0.010284020405013677,0.02756165617819818,0.07010078205664708
2022-11-22,0.021468990451626542,0.02475830782291482,0.07010078205664708
2022-11-23,0.024373497929372406,0.02601895234045569,0.07010078205664708
2022-11-25,0.026555079862449003,0.025774732674402133,0.07010078205664708
2022-11-28,0.027480490137783357,0.019869313275189208,0.07010078205664708
2022-11-29,0.03233178910142749,0.028726910794757855,0.07010078205664708
2022-11-30,0.020783296097864324,0.02313851973496785,0.07010078205664708
2022-12-01,0.01937081302746695,0.021405721075062625,0.06997342305394777
2022-12-02,0.01980253568994062,0.023993870217006216,0.06997342305394777
2022-12-05,0.016980260824169868,0.024491360939404662,0.06997342305394777
2022-12-06,0.021657349450321977,0.028558442127163762,0.06997342305394777
2022-12-07,0.0321249864946271,0.02830810776131086,0.06997342305394777
2022-12-08,0.03571768422106421,0.03256700507138638,0.06997342305394777
2022-12-09,0.03761150533177769,0.032661188971357974,0.06997342305394777
2022-12-12,0.03932112416217691,0.03508565988245761,0.06997342305394777
2022-12-13,0.030411867968612782,0.02856241076722485,0.06997342305394777
2022-12-14,0.020380337072077523,0.024952729452413735,0.06997342305394777
2022-12-15,0.036299890456023685,0.027258856467501372,0.06997342305394777
2022-12-16,0.03451007877276014,0.03630760555000662,0.06997342305394777
2022-12-19,0.03263790829736913,0.030005960274018074,0.06997342305394777
2022-12-20,0.035048776496791174,0.03407559834837108,0.06997342305394777
2022-12-21,0.035292134207321024,0.05251293332269189,0.06997342305394777
2022-12-22,0.015801940525472603,0.03754799722229617,0.06997342305394777
2022-12-23,0.023910922199999386,0.03422529567310246,0.06997342305394777
2022-12-27,0.027943574712565866,0.03054821732347796,0.06997342305394777
2022-12-28,0.02333365588111645,0.030050793979689735,0.06997342305394777
2022-12-29,0.033069170784455114,0.030700744995314708,0.06997342305394777
2022-12-30,0.035693334717018826,0.029253269387528737,0.06997342305394777
2023-01-03,0.026381256181587643,0.01984231510236769,0.06256283557067172
2023-01-04,0.02202415674939393,0.02226742194086833,0.06256283557067172
2023-01-05,0.027034399072843156,0.021178974061489525,0.06256283557067172
2023-01-06,0.016806886750323758,0.030717185614852524,0.06256283557067172
2023-01-09,0.013145168271917035,0.0286442336354438,0.06256283557067172
2023-01-10,0.016898571605712977,0.032255326909966936,0.06256283557067172
2023-01-11,0.017719817988806667,0.025766506669434263,0.06256283557067172
2023-01-12,0.017193876875170294,0.026713908799478367,0.06256283557067172
2023-01-13,0.02054633080515538,0.01886024614161894,0.06256283557067172
2023-01-17,0.02074853416635599,0.02327416425605767,0.06256283557067172
2023-01-18,0.020987140775159875,0.027264163797825272,0.06256283557067172
2023-01-19,0.02203277338470056,0.027642376949206682,0.06256283557067172
2023-01-20,0.01955591885243233,0.028856274650580584,0.06256283557067172
2023-01-23,0.016899414836610317,0.032812176775799264,0.06256283557067172
2023-01-24,0.016879570095669625,0.03264509109170189,0.06256283557067172
2023-01-25,0.02685665889930513,0.028363753168321536,0.06256283557067172
2023-01-26,0.027336618095453475,0.029003547964579764,0.06256283557067172
2023-01-27,0.029428978753416202,0.03735310347651044,0.06256283557067172
2023-01-30,0.02789060675232094,0.03651380848771564,0.06256283557067172
2023-01-31,0.03340733384753227,0.03436758664806213,0.06256283557067172
2023-02-01,0.02009391067487748,0.030819951765961775,0.06256283557067172
2023-02-02,0.0215174628807215,0.030980670988998964,0.04966779983750416
2023-02-03,0.01773437818208618,0.03378551507924001,0.04966779983750416
2023-02-06,0.017601842734613796,0.03528141786153567,0.04966779983750416
2023-02-07,0.016503123762390628,0.03856535741355908,0.04966779983750416
2023-02-08,0.015692193012386415,0.038858096799439266,0.04966779983750416
2023-02-09,0.01375363777731554,0.050764994319437935,0.04966779983750416
2023-02-10,0.014182842951816385,0.04550719226195516,0.04966779983750416
2023-02-13,0.01533823087931332,0.033954631472165944,0.04966779983750416
2023-02-14,0.011761770801108216,0.028425429731476312,0.04966779983750416
2023-02-15,0.015640343128890934,0.030125372953494052,0.04966779983750416
2023-02-16,0.014254088340967086,0.032004160003602934,0.04966779983750416
2023-02-17,0.015293147300345394,0.030998986955404036,0.04966779983750416
2023-02-21,0.01418711909545894,0.029878392148199408,0.04966779983750416
2023-02-22,0.013344882608292497,0.028811894575908926,0.04966779983750416
2023-02-23,0.011081776412122999,0.028161414026223325,0.04966779983750416
2023-02-24,0.011264435108808885,0.02234333444785797,0.04966779983750416
2023-02-27,0.010334240351288694,0.023856497686487746,0.04966779983750416
2023-02-28,0.012079717340646065,0.024077609759075157,0.04966779983750416
2023-03-01,0.011879509162661162,0.029045266163835275,0.04966779983750416
2023-03-02,0.01959024621089587,0.02524417754753844,0.04966779983750416
2023-03-03,0.027124530839005713,0.02949205064155072,0.04966779983750416
2023-03-06,0.03977229721172743,0.021063269862252716,0.0382145435728054
2023-03-07,0.0431677633833197,0.02555096759839067,0.0382145435728054
2023-03-08,0.04579841364585496,0.03486927945214511,0.0382145435728054
2023-03-09,0.04093628175496811,0.03375828812600954,0.0382145435728054
2023-03-10,0.035536722664808534,0.03247676390664813,0.0382145435728054
2023-03-13,0.022778850667103688,0.03544895259135703,0.0382145435728054
2023-03-14,0.018190434247722063,0.02982060041434977,0.0382145435728054
2023-03-15,0.025927196706620158,0.029841952259787464,0.0382145435728054
2023-03-16,0.032301445855388605,0.026374841753743064,0.0382145435728054
2023-03-17,0.032859265995345624,0.026944271659822713,0.0382145435728054
2023-03-20,0.03267304449812179,0.025161004119510784,0.0382145435728054
2023-03-21,0.031938170224752545,0.02835162158393649,0.0382145435728054
2023-03-22,0.021155119024804082,0.03364763823640422,0.0382145435728054
2023-03-23,0.009718017883554395,0.028890135061115676,0.0382145435728054
2023-03-24,0.006260366903932635,0.03007000051941683,0.0382145435728054
2023-03-27,0.0055616770049204695,0.0337618160444438,0.0382145435728054
2023-03-28,0.006582634093978685,0.03865979842954822,0.0382145435728054
2023-03-29,0.006682054873565971,0.02695973659329668,0.0382145435728054
2023-03-30,0.007165148596560962,0.03559223893116777,0.0382145435728054
2023-03-31,0.006806575150788958,0.03136589937491107,0.0382145435728054
2023-04-03,0.006761734572764256,0.023839546289503966,0.0382145435728054
2023-04-04,0.006145466986106148,0.016552562883879376,0.03472938937128342
2023-04-05,0.007938431175713023,0.016987094528649417,0.03472938937128342
2023-04-06,0.010164677639661338,0.01649726773770539,0.03472938937128342
2023-04-10,0.010058640720810141,0.018352187287005658,0.03472938937128342
2023-04-11,0.010383977909481493,0.022944952626720982,0.03472938937128342
2023-04-12,0.009552702192093436,0.022946914223926296,0.03472938937128342
2023-04-13,0.008258078218103506,0.023385971190434878,0.03472938937128342
2023-04-14,0.005464215345106145,0.019753852165620926,0.03472938937128342
2023-04-17,0.0053851755279173425,0.02104623417608232,0.03472938937128342
2023-04-18,0.005951605865687128,0.02125834594875828,0.03472938937128342
2023-04-19,0.006979156416991079,0.021846982428323176,0.03472938937128342
2023-04-20,0.007203996934185058,0.02381136529553194,0.03472938937128342
2023-04-21,0.007018791813367975,0.024633693673540912,0.03472938937128342
2023-04-24,0.0069615221190673145,0.020954311887924102,0.03472938937128342
2023-04-25,0.010872340021441695,0.017086319480176273,0.03472938937128342
2023-04-26,0.01327143439439012,0.020506577200145853,0.03472938937128342
2023-04-27,0.012878487570733153,0.020350942900300477,0.03472938937128342
2023-04-28,0.014375579680603717,0.02159945042651084,0.03472938937128342
2023-05-01,0.014136850857201575,0.020600603857128107,0.03472938937128342
2023-05-02,0.008889784541597523,0.026818578060990188,0.03472938937128342
2023-05-03,0.009286562007756308,0.02513524446323766,0.03472938937128342
2023-05-04,0.008657694244184722,0.01823606122182554,0.021078905146879538
2023-05-05,0.009135080238909705,0.019940328568399224,0.021078905146879538
2023-05-08,0.010021626362426128,0.017938614136830386,0.021078905146879538
2023-05-09,0.010426203564208552,0.014565631530109743,0.021078905146879538
2023-05-10,0.008845026015381102,0.01360885318906734,0.021078905146879538
2023-05-11,0.009468370378817231,0.012269557221872398,0.021078905146879538
2023-05-12,0.008105169096446065,0.018140699805526524,0.021078905146879538
2023-05-15,0.007979950454139241,0.020952457287487514,0.021078905146879538
2023-05-16,0.009975815744496316,0.02025063684859838,0.021078905146879538
2023-05-17,0.007982223663985086,0.023203764020772302,0.021078905146879538
2023-05-18,0.008524530395641121,0.022021931356187012,0.021078905146879538
2023-05-19,0.00910026394691998,0.016900158806662523,0.021078905146879538
2023-05-22,0.009499551931992636,0.013637098419646323,0.021078905146879538
2023-05-23,0.008091081759692571,0.012471095928976703,0.021078905146879538
2023-05-24,0.010843040504152048,0.01320344948389275,0.021078905146879538
2023-05-25,0.01070651612854017,0.01576091745908672,0.021078905146879538
2023-05-26,0.010071704851198014,0.014413137784666956,0.021078905146879538
2023-05-30,0.00907626487826039,0.015226491183862023,0.021078905146879538
2023-05-31,0.009112438238091195,0.017024123898130857,0.021078905146879538
2023-06-01,0.006574631771867236,0.016372450590677854,0.021078905146879538
2023-06-02,0.005970987501718729,0.01481653231168862,0.021078905146879538
2023-06-05,0.005660620330636364,0.016349413928580813,0.019186277487185214
2023-06-06,0.0057144585787073255,0.015892594249413878,0.019186277487185214
2023-06-07,0.008356788635174538,0.017722654029802793,0.019186277487185214
2023-06-08,0.010750791125598787,0.015831162920108652,0.019186277487185214
2023-06-09,0.010945821013054365,0.017039805375555876,0.019186277487185214
2023-06-12,0.01141798274352487,0.015423583885542547,0.019186277487185214
2023-06-13,0.011422107061974088,0.01538631718450544,0.019186277487185214
2023-06-14,0.008004809098125655,0.013267014306592169,0.019186277487185214
2023-06-15,0.0052028078239632885,0.011421487997436766,0.019186277487185214
2023-06-16,0.005111676219268287,0.011371287521313476,0.019186277487185214
2023-06-20,0.005385067925422463,0.011712482727762132,0.019186277487185214
2023-06-21,0.005631719494524829,0.01292438763752039,0.019186277487185214
2023-06-22,0.005611224511492197,0.012422193844968791,0.019186277487185214
2023-06-23,0.005692520490051671,0.015399558903181081,0.019186277487185214
2023-06-26,0.004459514342581598,0.012022081991202893,0.019186277487185214
2023-06-27,0.0030802162537691387,0.014015586434887912,0.019186277487185214
2023-06-28,0.0032518220298406097,0.014531779638591103,0.019186277487185214
2023-06-29,0.005177842167744433,0.015507969729423334,0.019186277487185214
2023-06-30,0.004647703411569454,0.016344101291492694,0.019186277487185214
2023-07-03,0.005662668343187102,0.014082925316377667,0.019186277487185214
2023-07-05,0.006124527467918313,0.01456906805117956,0.019186277487185214
2023-07-06,0.005726654257538255,0.01424431145821892,0.011745411151178598
2023-07-07,0.004167577528736978,0.01581093264223664,0.011745411151178598
2023-07-10,0.004453505776179844,0.014704359257726854,0.011745411151178598
2023-07-11,0.004796430403205828,0.013813762016830596,0.011745411151178598
2023-07-12,0.004624794739091376,0.013740086727956706,0.011745411151178598
2023-07-13,0.005085347381623227,0.011081244275963605,0.011745411151178598
2023-07-14,0.004388820086877885,0.00563520436697955,0.011745411151178598
2023-07-17,0.004515533880540013,0.010212861193100385,0.011745411151178598
2023-07-18,0.0037467854151801553,0.011292536690454503,0.011745411151178598
2023-07-19,0.004579095654548234,0.012698101445833672,0.011745411151178598
2023-07-20,0.006876078128587862,0.01354502335910287,0.011745411151178598
2023-07-21,0.009989068832547531,0.014658977204788457,0.011745411151178598
2023-07-24,0.00965849449901807,0.011119171009276098,0.011745411151178598
2023-07-25,0.009245457180364371,0.010769958345887395,0.011745411151178598
2023-07-26,0.008983448264854185,0.010839154144635935,0.011745411151178598
2023-07-27,0.006818424426872133,0.011328379958913328,0.011745411151178598
2023-07-28,0.007517618858683339,0.016489153800079363,0.011745411151178598
2023-07-31,0.007643833100166068,0.01803853367593858,0.011745411151178598
2023-08-01,0.010932127715811183,0.016968492539498593,0.011745411151178598
2023-08-02,0.010930935860615654,0.018943755793903803,0.011745411151178598
2023-08-03,0.015172035143454655,0.020284419981675877,0.011745411151178598
2023-08-04,0.012319790939979933,0.013010351430692894,0.009608549433830249
2023-08-07,0.01229464050068808,0.016386297872599962,0.009608549433830249
2023-08-08,0.009913083641195714,0.014758503843832914,0.009608549433830249
2023-08-09,0.01068801297415216,0.013949690251825896,0.009608549433830249
2023-08-10,0.006874922924910684,0.010820051280757782,0.009608549433830249
2023-08-11,0.007481884849582348,0.008451194618966552,0.009608549433830249
2023-08-14,0.009550596703748956,0.005600267449689607,0.009608549433830249
2023-08-15,0.009049661375240572,0.005514084105308585,0.009608549433830249
2023-08-16,0.008326626897809612,0.004565573973038735,0.009608549433830249
2023-08-17,0.009457237959069468,0.004562159771648814,0.009608549433830249
2023-08-18,0.012742278265829793,0.0040024417544674736,0.009608549433830249
2023-08-21,0.011541809553864971,0.0056291158459742495,0.009608549433830249
2023-08-22,0.012806842878197684,0.005690049491206959,0.009608549433830249
2023-08-23,0.012357108337920185,0.007606529306874448,0.009608549433830249
2023-08-24,0.010118419012639742,0.012357536286924226,0.009608549433830249
2023-08-25,0.006669389296469751,0.016162479330228286,0.009608549433830249
2023-08-28,0.005407373069835451,0.0164410929082402,0.009608549433830249
2023-08-29,0.005700002206123542,0.014356642014487478,0.009608549433830249
2023-08-30,0.005580196779853839,0.012969047459345028,0.009608549433830249
2023-08-31,0.005666874869516477,0.010170813040445842,0.009608549433830249
2023-09-01,0.004734685608727684,0.0063934325718022515,0.009608549433830249
2023-09-05,0.005657561409336843,0.008406060869722842,0.009177768745844039
2023-09-06,0.0041899400625010005,0.015664060914824772,0.009177768745844039
2023-09-07,0.004735960873598344,0.01309776607696083,0.009177768745844039
2023-09-08,0.005177752569048044,0.01256144249811565,0.009177768745844039
2023-09-11,0.005226619709596183,0.012561298919750165,0.009177768745844039
2023-09-12,0.005522964895244476,0.011101826595715708,0.009177768745844039
2023-09-13,0.006445031888476713,0.006715110344263747,0.009177768745844039
2023-09-14,0.006283896561603668,0.005446446076307824,0.009177768745844039
2023-09-15,0.0068854057196197195,0.00589054934949376,0.009177768745844039
2023-09-18,0.006906383738079931,0.007884508038352913,0.009177768745844039
2023-09-19,0.007536782825030762,0.00811152323117922,0.009177768745844039
2023-09-20,0.009671157685874445,0.008086505563818826,0.009177768745844039
2023-09-21,0.011587076899883097,0.008069854704492896,0.009177768745844039
2023-09-22,0.012719405190409042,0.00999472391400062,0.009177768745844039
2023-09-25,0.014311829866520687,0.011923269083193527,0.009177768745844039
2023-09-26,0.01817773470281355,0.010769822994753377,0.009177768745844039
2023-09-27,0.01686650905936324,0.01264032912046572,0.009177768745844039
2023-09-28,0.016342347600284354,0.01365003150296137,0.009177768745844039
2023-09-29,0.022613682607525366,0.013110805229534738,0.009177768745844039
2023-10-02,0.022651152842155554,0.012381875688805888,0.009177768745844039
2023-10-03,0.01937094219286333,0.013670436943259737,0.009177768745844039
2023-10-04,0.018252206525291914,0.015737101837859327,0.011589108070572384
2023-10-05,0.01964917125436218,0.01925026231937787,0.011589108070572384
2023-10-06,0.014766566752176736,0.018003841190402145,0.011589108070572384
2023-10-09,0.013593085341340816,0.01689317053791179,0.011589108070572384
2023-10-10,0.014169868001203918,0.015055738044025694,0.011589108070572384
2023-10-11,0.01603091166114771,0.008285816170472339,0.011589108070572384
2023-10-12,0.016864866307780824,0.009684911692057466,0.011589108070572384
2023-10-13,0.014187316260727991,0.015447152672050673,0.011589108070572384
2023-10-16,0.01920437267146101,0.017768066650995448,0.011589108070572384
2023-10-17,0.018203959583573365,0.01553674365285596,0.011589108070572384
2023-10-18,0.016206983084042396,0.016845749904034216,0.011589108070572384
2023-10-19,0.014589980760467625,0.01551030978909805,0.011589108070572384
2023-10-20,0.015802019847350177,0.01207909902782948,0.011589108070572384
2023-10-23,0.012049163929003246,0.011958972583668619,0.011589108070572384
2023-10-24,0.012063009484449896,0.015166628687972875,0.011589108070572384
2023-10-25,0.012733767203208323,0.015060128043446629,0.011589108070572384
2023-10-26,0.010395608578388466,0.013599227136216118,0.011589108070572384
2023-10-27,0.008677205273688765,0.011769954812051822,0.011589108070572384
2023-10-30,0.007033534504181149,0.0128787088907903,0.011589108070572384
2023-10-31,0.005877201171162383,0.014074145096603976,0.011589108070572384
2023-11-01,0.0052116940602012765,0.012819684216535501,0.011589108070572384
2023-11-02,0.005709032869892449,0.0096487095163251,0.013529669858345418
2023-11-03,0.00899056581443009,0.010186144876704146,0.013529669858345418
2023-11-06,0.009192789772272645,0.007407515327033298,0.013529669858345418
2023-11-07,0.009506427858859275,0.009426097896959421,0.013529669858345418
2023-11-08,0.008954362399333636,0.009908838058721517,0.013529669858345418
2023-11-09,0.008347028177265736,0.012250971677772544,0.013529669858345418
2023-11-10,0.00441354045283405,0.015777471416623154,0.013529669858345418
2023-11-13,0.0046918032987558365,0.0153864386546366,0.013529669858345418
2023-11-14,0.0038555325722138102,0.015311866739959053,0.013529669858345418
2023-11-15,0.0037993845857292236,0.01644512623803251,0.013529669858345418
2023-11-16,0.0032216696889768243,0.01432186803109818,0.013529669858345418
2023-11-17,0.0029264903009455978,0.012028473381103938,0.013529669858345418
2023-11-20,0.002504516189895148,0.012860168011774377,0.013529669858345418
2023-11-21,0.0033775602434890062,0.012150823581538558,0.013529669858345418
2023-11-22,0.0039676388977153,0.00888589142441242,0.013529669858345418
2023-11-24,0.0052969647973486475,0.00366967477665179,0.013529669858345418
2023-11-27,0.007706512997060847,0.006316646102424955,0.013529669858345418
2023-11-28,0.007567706274064294,0.007104053777371854,0.013529669858345418
2023-11-29,0.007067487608536196,0.0081226403012493,0.013529669858345418
2023-11-30,0.00638109476104585,0.00841951662393179,0.013529669858345418
2023-12-01,0.0057893774217836385,0.00973572463723964,0.013529669858345418
2023-12-04,0.0035204768446135196,0.008450797353500307,0.013489631142279334
2023-12-05,0.003765992241327048,0.010510691382883824,0.013489631142279334
2023-12-06,0.004683115517126564,0.009962259900355505,0.013489631142279334
2023-12-07,0.00627957072902164,0.010259263341961046,0.013489631142279334
2023-12-08,0.006697263473540024,0.009602830838608306,0.013489631142279334
2023-12-11,0.007313886364364882,0.0074794030497962695,0.013489631142279334
2023-12-12,0.006563008757007632,0.006861701158511129,0.013489631142279334
2023-12-13,0.009235089929197634,0.007408073345368431,0.013489631142279334
2023-12-14,0.008764579770724899,0.010075174048850688,0.013489631142279334
2023-12-15,0.009060189129853007,0.010824070944363003,0.013489631142279334
2023-12-18,0.008596200898260735,0.009087461353250382,0.013489631142279334
2023-12-19,0.008624394335946507,0.009076633215388362,0.013489631142279334
2023-12-20,0.004266260146477749,0.009586420383397768,0.013489631142279334
2023-12-21,0.003915705095139288,0.006683477308205114,0.013489631142279334
2023-12-22,0.003520178960902144,0.006981022551628668,0.013489631142279334
2023-12-26,0.0037918098168535632,0.007567661434832595,0.013489631142279334
2023-12-27,0.0052003463173464805,0.007482771383370462,0.013489631142279334
2023-12-28,0.006849311964689494,0.007835078333786702,0.013489631142279334
2023-12-29,0.006797787998422959,0.009265774889934849,0.013489631142279334
2024-01-02,0.006766215806095724,0.010213403045141952,0.013489631142279334
2024-01-03,0.006893033394582995,0.008041211329657972,0.013489631142279334
2024-01-04,0.008934926061117936,0.009389662234032835,0.012698437166987521
2024-01-05,0.008247951320722402,0.0059439552247616155,0.012698437166987521
2024-01-08,0.008265453725660607,0.00825827225828905,0.012698437166987521
2024-01-09,0.008122393860251024,0.008982075178362418,0.012698437166987521
2024-01-10,0.009068291488998886,0.008364417475301401,0.012698437166987521
2024-01-11,0.007620887595861011,0.008503495867537078,0.012698437166987521
2024-01-12,0.007091981378662496,0.006163523014564593,0.012698437166987521
2024-01-16,0.006163045802959768,0.006354024240235306,0.012698437166987521
2024-01-17,0.006342589265435486,0.009034528056184434,0.012698437166987521
2024-01-18,0.005355394890531754,0.011068279449431697,0.012698437166987521
2024-01-19,0.0038041921828626457,0.00978804720928055,0.012698437166987521
2024-01-22,0.004072851820399095,0.010926985998826449,0.012698437166987521
2024-01-23,0.0038322959002870605,0.01012264746965168,0.012698437166987521
2024-01-24,0.0041145033571265985,0.010157411934176828,0.012698437166987521
2024-01-25,0.004648698099589813,0.008364050155483582,0.012698437166987521
2024-01-26,0.006900188812505083,0.007458817311876752,0.012698437166987521
2024-01-29,0.0077020109356245245,0.008979250790923116,0.012698437166987521
2024-01-30,0.007989321896788725,0.009418046181889201,0.012698437166987521
2024-01-31,0.007347074353884433,0.010100232839982555,0.012698437166987521
2024-02-01,0.006132786305380618,0.011427649191088475,0.012698437166987521
2024-02-02,0.0037516531793422197,0.00987394585258362,0.012698437166987521
2024-02-05,0.0031273119007185837,0.008987527639802971,0.013061486780753891
2024-02-06,0.006786030910221101,0.01029446223072652,0.013061486780753891
2024-02-07,0.00799693850743562,0.010425013121664972,0.013061486780753891
2024-02-08,0.00837536312265249,0.008853015742308847,0.013061486780753891
2024-02-09,0.00913570262295201,0.008584890253760484,0.013061486780753891
2024-02-12,0.009606157115407375,0.0071679593803668515,0.013061486780753891
2024-02-13,0.006667366056023175,0.006308668567712883,0.013061486780753891
2024-02-14,0.006709791123037176,0.008578108252556203,0.013061486780753891
2024-02-15,0.006864086073616887,0.008778078719235409,0.013061486780753891
2024-02-16,0.005945087260019138,0.008597173064452698,0.013061486780753891
2024-02-20,0.004981875588711217,0.009940206656748428,0.013061486780753891
2024-02-21,0.00403458032158336,0.009418949133507278,0.013061486780753891
2024-02-22,0.0038991322793332332,0.007365026040126006,0.013061486780753891
2024-02-23,0.004199309188246886,0.007247460399753268,0.013061486780753891
2024-02-26,0.0042432845781632585,0.008787103044591616,0.013061486780753891
2024-02-27,0.00624730881187408,0.00861631867024553,0.013061486780753891
2024-02-28,0.007199351306306065,0.007794787630759718,0.013061486780753891
2024-02-29,0.008650438858650498,0.007878312103933712,0.013061486780753891
2024-03-01,0.011357542460165414,0.0072958702052406356,0.013061486780753891
2024-03-04,0.011957976563278494,0.007955926929733058,0.013061486780753891
2024-03-05,0.012625594400972346,0.0072286943164328685,0.013061486780753891
2024-03-06,0.012031444811316076,0.00806720943944574,0.01322967407818967
2024-03-07,0.011081182517052379,0.0071405075203394555,0.01322967407818967
2024-03-08,0.008562712968232864,0.007440827520019224,0.01322967407818967
2024-03-11,0.008290045156508928,0.006485027849201462,0.01322967407818967
2024-03-12,0.0063918826204065705,0.005886368372338329,0.01322967407818967
2024-03-13,0.007019655853446658,0.004943997581098286,0.01322967407818967
2024-03-14,0.0049785479560198395,0.003891934708123278,0.01322967407818967
2024-03-15,0.003938168407418248,0.007164505185433211,0.01322967407818967
2024-03-18,0.003319629953437922,0.007334975531879149,0.01322967407818967
2024-03-19,0.002499231466133886,0.006716027296456945,0.01322967407818967
2024-03-20,0.0023549507305423998,0.007422798291167149,0.01322967407818967
2024-03-21,0.0023162351832008094,0.0070109993505066415,0.01322967407818967
2024-03-22,0.002999361417054744,0.004231385807644369,0.01322967407818967
2024-03-25,0.0033937796120522986,0.005448206241827057,0.01322967407818967
2024-03-26,0.003671485725391291,0.005763588376581956,0.01322967407818967
2024-03-27,0.006204421372251549,0.0059943272361891635,0.01322967407818967
2024-03-28,0.00864233253524652,0.006188153530959112,0.01322967407818967
2024-04-01,0.008245371594707906,0.0071522998585931705,0.01322967407818967
2024-04-02,0.011437193513331298,0.009771542743873918,0.01322967407818967
2024-04-03,0.012187674524630187,0.011480801850860551,0.01322967407818967
2024-04-04,0.013318795332923555,0.011311593719656106,0.01322967407818967
2024-04-05,0.01401600010414841,0.005787043918325542,0.01308664997186528
2024-04-08,0.018331820376202193,0.0057709687557278315,0.01308664997186528
2024-04-09,0.016249501926847622,0.005770060111781281,0.01308664997186528
2024-04-10,0.017403116739803708,0.006142529029792253,0.01308664997186528
2024-04-11,0.015248810057688337,0.007294299494545575,0.01308664997186528
2024-04-12,0.014806554294307214,0.006664769275553581,0.01308664997186528
2024-04-15,0.014624474728358497,0.00728926280726733,0.01308664997186528
2024-04-16,0.01609378335687725,0.0077525556641532675,0.01308664997186528
2024-04-17,0.015065270910462975,0.007776053311550607,0.01308664997186528
2024-04-18,0.015603040985734121,0.006779666027321269,0.01308664997186528
2024-04-19,0.014035503070287846,0.007126206079730671,0.01308664997186528
2024-04-22,0.010616058354682014,0.0077616526791836615,0.01308664997186528
2024-04-23,0.009834228035011395,0.00803141440007346,0.01308664997186528
2024-04-24,0.01494458012339403,0.007189428804567147,0.01308664997186528
2024-04-25,0.01571497968804503,0.007860214294667146,0.01308664997186528
2024-04-26,0.01582118258391931,0.008374379040100329,0.01308664997186528
2024-04-29,0.015087487019077635,0.007577827503489126,0.01308664997186528
2024-04-30,0.013139049415646328,0.006163819157367068,0.01308664997186528
2024-05-01,0.00672114773465333,0.007959481353796828,0.01308664997186528
2024-05-02,0.0033575642246323712,0.007038735639773753,0.01308664997186528
2024-05-03,0.002615577463345645,0.006022971924223148,0.01308664997186528
2024-05-06,0.002759459927038069,0.006736197908529271,0.01368346786423404
2024-05-07,0.002995161313109308,0.00649256941405406,0.01368346786423404
2024-05-08,0.003711569936130564,0.004681594047645289,0.01368346786423404
2024-05-09,0.003824434182621852,0.005658118046145175,0.01368346786423404
2024-05-10,0.003436918263662407,0.005499520794241801,0.01368346786423404
2024-05-13,0.003330362522665767,0.005266027398503546,0.01368346786423404
2024-05-14,0.0029230076728074122,0.006052637819490844,0.01368346786423404
2024-05-15,0.003077801348509156,0.005951192225157089,0.01368346786423404
2024-05-16,0.005257775811722771,0.004716589591084804,0.01368346786423404
2024-05-17,0.0057098779051711485,0.005561230000976322,0.01368346786423404
2024-05-20,0.006241881684880142,0.005422009973047115,0.01368346786423404
2024-05-21,0.0063334044597979,0.004698382420975445,0.01368346786423404
2024-05-22,0.006214937280454739,0.005248993210903907,0.01368346786423404
2024-05-23,0.01002824510879974,0.007746081614600583,0.01368346786423404
2024-05-24,0.013165719829540868,0.009370392116636098,0.01368346786423404
2024-05-28,0.013470579526214754,0.008714147910053245,0.01368346786423404
2024-05-29,0.015263510888020495,0.009477295080709465,0.01368346786423404
2024-05-30,0.014800574127926245,0.009859695455114314,0.01368346786423404
2024-05-31,0.009768535134310077,0.008607127504534216,0.01368346786423404
2024-06-03,0.006383929224186065,0.007275577568482308,0.01368346786423404
2024-06-04,0.006658702062859452,0.006702451013802588,0.01368346786423404
2024-06-05,0.005781822035904048,0.0062198291134132715,0.01331623947685455
2024-06-06,0.0062953694095505735,0.003694431119207602,0.01331623947685455
2024-06-07,0.005149995035829036,0.005211991302669657,0.01331623947685455
2024-06-10,0.006944254546304383,0.0059947228234680395,0.01331623947685455
2024-06-11,0.005522882301890358,0.008130924325481627,0.01331623947685455
2024-06-12,0.00594169659751957,0.009361697102327666,0.01331623947685455
2024-06-13,0.005359262578231004,0.00802278415156376,0.01331623947685455
2024-06-14,0.006270554253641081,0.008643848912535158,0.01331623947685455
2024-06-17,0.004465746070481075,0.006165391169547576,0.01331623947685455
2024-06-18,0.004938318467933499,0.005038328029480396,0.01331623947685455
2024-06-20,0.003675384403802242,0.00555406818751906,0.01331623947685455
2024-06-21,0.007054454991523486,0.006850307420849839,0.01331623947685455
2024-06-24,0.006584237716385238,0.006933510324032118,0.01331623947685455
2024-06-25,0.006568064798116506,0.007947218649249526,0.01331623947685455
2024-06-26,0.006258112579798529,0.005956690810707842,0.01331623947685455
2024-06-27,0.00660457635067907,0.007185350185701808,0.01331623947685455
2024-06-28,0.002983306925545807,0.0074941869565149834,0.01331623947685455
2024-07-01,0.00224031714497538,0.008725869084672875,0.01331623947685455
2024-07-02,0.0024638816015991275,0.010533370343672067,0.01331623947685455
2024-07-03,0.003989189295480608,0.011734767916603045,0.01331623947685455
2024-07-05,0.006304661412786655,0.011523797245850677,0.01331623947685455
2024-07-08,0.008107918226569122,0.0068567142309967416,0.009747487252740656
2024-07-09,0.008396048954996595,0.00642314209916409,0.009747487252740656
2024-07-10,0.008598053435110855,0.00515557054702638,0.009747487252740656
2024-07-11,0.01132704783123262,0.005133749857058514,0.009747487252740656
2024-07-12,0.010668006143660733,0.004515243487588987,0.009747487252740656
2024-07-15,0.009834311287062183,0.005029509222673849,0.009747487252740656
2024-07-16,0.010276781510187006,0.005149055800602707,0.009747487252740656
2024-07-17,0.012146218044483296,0.0046914771483143585,0.009747487252740656
2024-07-18,0.015548141831303524,0.00483205268954304,0.009747487252740656
2024-07-19,0.015598966651898163,0.005838589235426838,0.009747487252740656
2024-07-22,0.015771586516872278,0.006943954949038121,0.009747487252740656
2024-07-23,0.020286220565128465,0.006437959795127599,0.009747487252740656
2024-07-24,0.02010289598452491,0.006180591477361697,0.009747487252740656
2024-07-25,0.02623830882272841,0.007330871245178847,0.009747487252740656
2024-07-26,0.029478023901444893,0.010148589134958598,0.009747487252740656
2024-07-29,0.04227637485862095,0.008811000058634789,0.009747487252740656
2024-07-30,0.04916599875439205,0.008035384623890382,0.009747487252740656
2024-07-31,0.056407434705667,0.007420523897247607,0.009747487252740656
2024-08-01,0.0472032107137557,0.0036460938453711043,0.009747487252740656
2024-08-02,0.0439684825279817,0.0035850608797984317,0.009747487252740656
2024-08-05,0.03164645235410813,0.00428595730929388,0.009747487252740656
2024-08-06,0.020386505828245364,0.010056524043930265,0.05071405386466322
2024-08-07,0.0123989560434531,0.005502207282481297,0.05071405386466322
2024-08-08,0.008312294689943937,0.006048270793289955,0.05071405386466322
2024-08-09,0.0064841460072201955,0.006674921637775295,0.05071405386466322
2024-08-12,0.005714918554439343,0.010269324389544395,0.05071405386466322
2024-08-13,0.0056084994522464775,0.010691478622646121,0.05071405386466322
2024-08-14,0.00801307444406851,0.007002943212151032,0.05071405386466322
2024-08-15,0.010084582036339754,0.007387220061920713,0.05071405386466322
2024-08-16,0.01173519910840023,0.005680042119712477,0.05071405386466322
2024-08-19,0.01207653317828727,0.005926344621505325,0.05071405386466322
2024-08-20,0.011953610687805722,0.006076870151282352,0.05071405386466322
2024-08-21,0.010602641452454844,0.007487098855532004,0.05071405386466322
2024-08-22,0.010833285552479328,0.006418437576052687,0.05071405386466322
2024-08-23,0.0120245044367867,0.006590987750307925,0.05071405386466322
2024-08-26,0.0165008063937375,0.005471208586622838,0.05071405386466322
2024-08-27,0.017650213498463414,0.006452272530130728,0.05071405386466322
2024-08-28,0.018272697218056688,0.005688104426091204,0.05071405386466322
2024-08-29,0.021631277296816194,0.005862520454913107,0.05071405386466322
2024-08-30,0.020099465752657822,0.004522931762100847,0.05071405386466322
2024-09-03,0.01688692640715636,0.004928327008294362,0.05071405386466322
2024-09-04,0.03271440853187768,0.009957708553904342,0.05071405386466322
2024-09-05,0.031656695945705304,0.006491110561574977,0.021737929357721203
2024-09-06,0.025845183999399095,0.006443966949177699,0.021737929357721203
2024-09-09,0.024651780552301557,0.007885992634535866,0.021737929357721203
2024-09-10,0.02425886205554598,0.0066178177789300045,0.021737929357721203
2024-09-11,0.010968658957917196,0.007261512467889955,0.021737929357721203
2024-09-12,0.010182127128711586,0.0067753166665237615,0.021737929357721203
2024-09-13,0.010816412810678782,0.006221761710920969,0.021737929357721203
2024-09-16,0.010447622218379998,0.006852254909864943,0.021737929357721203
2024-09-17,0.009099278399054571,0.00917169474379704,0.021737929357721203
2024-09-18,0.0051703508273783,0.00783219010916877,0.021737929357721203
2024-09-19,0.004910198460603994,0.007253955497413837,0.021737929357721203
2024-09-20,0.004469860209769543,0.006128309288528987,0.021737929357721203
2024-09-23,0.006491236918706363,0.006965865713544926,0.021737929357721203
2024-09-24,0.009106849149703843,0.00854749749921987,0.021737929357721203
2024-09-25,0.01008854466070252,0.008137474659887404,0.021737929357721203
2024-09-26,0.010004717608692976,0.008023718792206848,0.021737929357721203
2024-09-27,0.011229772697771158,0.007295576420370768,0.021737929357721203
2024-09-30,0.010301877754454765,0.00816313376994259,0.021737929357721203
2024-10-01,0.007570418591991696,0.007509671973425385,0.021737929357721203
2024-10-02,0.0070694448741259255,0.0072117865603054275,0.021737929357721203
2024-10-03,0.006346982854103056,0.006233555862530748,0.021737929357721203
2024-10-04,0.004976436713324217,0.006893160492700491,0.011417304708747163
2024-10-07,0.004480002357134526,0.007523086535975454,0.011417304708747163
2024-10-08,0.00522079013026088,0.007837715519741164,0.011417304708747163
2024-10-09,0.004876867148948094,0.005815854406908156,0.011417304708747163
2024-10-10,0.004594315448437754,0.005680608469430466,0.011417304708747163
2024-10-11,0.004415949079575934,0.006217350085090206,0.011417304708747163
2024-10-14,0.004776346131784374,0.0069916909272085105,0.011417304708747163
2024-10-15,0.004057956149466013,0.0071619042998893835,0.011417304708747163
2024-10-16,0.006693927132408277,0.009047151130491954,0.011417304708747163
2024-10-17,0.007144944208582078,0.008193924558499033,0.011417304708747163
2024-10-18,0.009260093341194615,0.006863872928335249,0.011417304708747163
2024-10-21,0.008103477684273898,0.006616778392129314,0.011417304708747163
2024-10-22,0.008425790051928693,0.007089401262061782,0.011417304708747163
2024-10-23,0.006154126024791497,0.008502840552855887,0.011417304708747163
2024-10-24,0.0064008516788763405,0.010384645220378321,0.011417304708747163
2024-10-25,0.005577903746408595,0.008802571738499928,0.011417304708747163
2024-10-28,0.006931787923824972,0.008623267303854992,0.011417304708747163
2024-10-29,0.006506336752814408,0.0073727248479062224,0.011417304708747163
2024-10-30,0.008310999732512035,0.007727955895634505,0.011417304708747163
2024-10-31,0.007774373759268055,0.007901142294255327,0.011417304708747163
2024-11-01,0.006540166153301495,0.009944523342596618,0.011417304708747163
2024-11-04,0.00565218155452316,0.007586231518390959,0.016104339417132983
2024-11-05,0.00633026392624355,0.009194972036359288,0.016104339417132983
2024-11-06,0.004695986901716019,0.00741981964517101,0.016104339417132983
2024-11-07,0.005127863199751628,0.004133740659699596,0.016104339417132983
2024-11-08,0.0065530019114885775,0.005040486520154556,0.016104339417132983
2024-11-11,0.006953445042341075,0.006507558928789135,0.016104339417132983
2024-11-12,0.007238313055333559,0.005372313795868961,0.016104339417132983
2024-11-13,0.008719009901078595,0.004831875745925106,0.016104339417132983
2024-11-14,0.011927403583391036,0.006039885770513548,0.016104339417132983
2024-11-15,0.01032913368513266,0.007287212831666,0.016104339417132983
2024-11-18,0.01132378847607668,0.006505081023946026,0.016104339417132983
2024-11-19,0.01005844585070971,0.007250437114997121,0.016104339417132983
2024-11-20,0.0080418277611967,0.008630000348115346,0.016104339417132983
2024-11-21,0.00445365921834978,0.009342708462297357,0.016104339417132983
2024-11-22,0.0042143501217171645,0.008812235745323888,0.016104339417132983
2024-11-25,0.0023871876687337154,0.008468683822925845,0.016104339417132983
2024-11-26,0.002210133747005303,0.010691005172123083,0.016104339417132983
2024-11-27,0.001730892457873209,0.008993365801435156,0.016104339417132983
2024-11-29,0.0013618996024471342,0.008578116578718984,0.016104339417132983
2024-12-02,0.0016488351273045599,0.009639721109733181,0.016104339417132983
2024-12-03,0.002012009030545606,0.009123501387474628,0.016104339417132983
2024-12-04,0.00206755401534901,0.006314852753905976,0.010877169964197103
2024-12-05,0.002076895278784712,0.0073453094633404705,0.010877169964197103
2024-12-06,0.0028278285938450223,0.006773099104862495,0.010877169964197103
2024-12-09,0.0027467551154074163,0.006751788287435059,0.010877169964197103
2024-12-10,0.0025271694409331885,0.006940419421785748,0.010877169964197103
2024-12-11,0.014727927991740813,0.00720796676666944,0.010877169964197103
2024-12-12,0.016600871376553382,0.006773308068972979,0.010877169964197103
2024-12-13,0.026625131001577367,0.008175660996578819,0.010877169964197103
2024-12-16,0.02961019386335164,0.008408485958758193,0.010877169964197103
2024-12-17,0.03018512160081872,0.007682320762959852,0.010877169964197103
2024-12-18,0.018717536479727445,0.008697183543189917,0.010877169964197103
2024-12-19,0.01972951803417055,0.008967925635497698,0.010877169964197103
2024-12-20,0.012584196917659982,0.0064457042081292396,0.010877169964197103
2024-12-23,0.011178104645911947,0.006128697214155653,0.010877169964197103
