date,y_true_rv_gk,y_msar_pred
2020-01-02,0.0050589489765718665,0.0001455982629001323
2020-01-03,0.006353375113649271,0.00019725914173838113
2020-01-06,0.004485354100625884,0.00022763194160206528
2020-01-07,0.0019639771910702885,0.00018288765842037943
2020-01-08,0.009474734452663607,0.00010882570239622521
2020-01-09,0.001515190613589942,0.0002926403220262977
2020-01-10,0.0037635265257980493,9.245021705370239e-05
2020-01-13,0.0026923519841832674,0.00016378879104771932
2020-01-14,0.003716527235589928,0.0001326925151546891
2020-01-15,0.00298533181863282,0.00016250005247877143
2020-01-16,0.0011694296056388752,0.00014159430640602933
2020-01-17,0.00197270604225027,7.855883111195685e-05
2020-01-21,0.001978598680011427,0.0001091294877481598
2020-01-22,0.0029043238944215866,0.00010933428371856751
2020-01-23,0.007717347698770629,0.0001391667817857474
2020-01-24,0.01894152248090899,0.00025723305835134534
2020-01-27,0.007062755893224673,0.00045232055833321357
2020-01-28,0.018383489376491008,0.00024329301182539825
2020-01-29,0.003030077051861178,0.00044389757628724986
2020-01-30,0.012584785842222222,0.00014292466975283265
2020-01-31,0.024100964325432038,0.0003498057028231819
2020-02-03,0.009780109410353267,0.0008205585581121677
2020-02-04,0.005225833176916188,0.0005259002094687903
2020-02-05,0.006393030954314159,0.0003860496796633971
2020-02-06,0.0021846520611540875,0.00042641152066275734
2020-02-07,0.006160020663679377,0.0002510779927907509
2020-02-10,0.003951745040546726,0.0004186732894571139
2020-02-11,0.005417018926010862,0.0003363393055390804
2020-02-12,0.0013527503092227594,0.00039295286592186407
2020-02-13,0.006039611800726588,0.0001982115203953433
2020-02-14,0.0025907540715065453,0.00041461637132010864
2020-02-18,0.006694963259297502,0.00027310629669315107
2020-02-19,0.0025610361809362517,0.0004362290578021345
2020-02-20,0.026898422390911805,0.000271556520267184
2020-02-21,0.008324395788654636,0.0008662324206903084
2020-02-24,0.1779743056275961,0.00048571266740591484
2020-02-25,0.0853491809767783,0.0021999888126745934
2020-02-26,0.06285060720691805,0.0015310589310603682
2020-02-27,0.20059142720703133,0.0013165651263680655
2020-02-28,0.16085480557439305,0.0023337156695668586
2020-03-02,0.17402315555085934,0.0020929303855943154
2020-03-03,0.26724189921726305,0.002175760226339387
2020-03-04,0.08045510042784082,0.0019339339630484256
2020-03-05,0.09073750467221604,0.0007527720737309279
2020-03-06,0.0854758390735578,0.0008274056105887193
2020-03-09,0.18552218609891682,0.000789454469439131
2020-03-10,0.34319905281811547,0.001451626661245997
2020-03-11,0.15097858769481903,0.00235414445575881
2020-03-12,0.5915366584787065,0.0012345932714327374
2020-03-13,0.9305371381638645,0.00361135173907043
2020-03-16,0.7855588372105687,0.005156030705671174
2020-03-17,0.6618887567168484,0.004513378919101986
2020-03-18,0.8966510109092856,0.0039448352216637055
2020-03-19,0.5012326076695481,0.005007868762816377
2020-03-20,0.24443771984907778,0.0031704697815492914
2020-03-23,0.27518999612280115,0.0018029976673854277
2020-03-24,0.10404291140767033,0.0019790001647361746
2020-03-25,0.5587814361949898,0.0009213541787847359
2020-03-26,0.16015224622833069,0.0034532225392516287
2020-03-27,0.18325326460975738,0.0012931807050481786
2020-03-30,0.09848176265510722,0.001437654359733665
2020-03-31,0.08295390840210301,0.0008824201711600699
2020-04-01,0.37418408916043466,0.0007710881978206323
2020-04-02,0.06391404570983879,0.0034285582342788883
2020-04-03,0.12273837590714795,0.0006888978960595194
2020-04-06,0.6036913367273525,0.0012459364487959217
2020-04-07,0.06742280144682626,0.005293595817686687
2020-04-08,0.15002445715323562,0.000723156504230265
2020-04-09,0.05291971936558246,0.0014950839325648202
2020-04-13,0.05945451044815301,0.000580376663843214
2020-04-14,0.13188439667633206,0.0006451045095961765
2020-04-15,0.11579080181734697,0.0013299657374533297
2020-04-16,0.029746377892125385,0.0011817217611545289
2020-04-17,0.035397093829372485,0.0003439682760021303
2020-04-20,0.04493827195672597,0.0004028193889506957
2020-04-21,0.04283057772946365,0.0005003037905492775
2020-04-22,0.026382331007600228,0.00047894828017024056
2020-04-23,0.04040735150383172,0.0003084518528782733
2020-04-24,0.036971707381984284,0.0004542757471185536
2020-04-27,0.016028581604282714,0.0004190590068323532
2020-04-28,0.02178045422323184,0.00019618154886811223
2020-04-29,0.026184000797406327,0.000259174035014236
2020-04-30,0.03156339730175841,0.00030634542248995727
2020-05-01,0.1209653901482196,0.0003629958372637701
2020-05-04,0.0263829105507969,0.0014233889456387878
2020-05-05,0.04688235665273351,0.00035721667580959415
2020-05-06,0.016633843506756125,0.0006020162672320825
2020-05-07,0.010628569517847283,0.00023499754706716829
2020-05-08,0.012083887645918166,0.0001564845959399727
2020-05-11,0.01974720652836193,0.0001758196482609841
2020-05-12,0.030476429757290327,0.0002746056899803048
2020-05-13,0.08248216222173023,0.0004071930013611617
2020-05-14,0.19338697984282777,0.0010054215826969938
2020-05-15,0.02053565363391981,0.00217927150890346
2020-05-18,0.019511645349958404,0.0002845414050902917
2020-05-19,0.020024420709095936,0.0002716302012202301
2020-05-20,0.0062051992650551824,0.000278103133890296
2020-05-21,0.018772319232831767,9.600441702754146e-05
2020-05-22,0.007595681033132681,0.0002622696912492619
2020-05-26,0.055159160150793154,0.00011534794400777034
2020-05-27,0.06064890301771093,0.0006977654146466093
2020-05-28,0.02577182377573119,0.0007605318603378007
2020-05-29,0.03792310151553778,0.0003496971550623312
2020-06-01,0.009563633574664825,0.00049658175501651
2020-06-02,0.00989195447407152,0.00014218220593539808
2020-06-03,0.010180407752036606,0.0001602036629077982
2020-06-04,0.019950766449798863,0.00016441019481600792
2020-06-05,0.016609906545176068,0.0003015838056016991
2020-06-08,0.009063185298171579,0.0002556451108008667
2020-06-09,0.018525945493059904,0.0001480490858117609
2020-06-10,0.015796329691508456,0.0002820922768322632
2020-06-11,0.0758822852635146,0.0002443261479037615
2020-06-12,0.13306962532514469,0.0010059400403019257
2020-06-15,0.0966663234781739,0.0016693130613153096
2020-06-16,0.07614994674239162,0.001251338678207027
2020-06-17,0.010289073295825528,0.0010091390601557329
2020-06-18,0.006991388261722004,0.00016599181800329102
2020-06-19,0.04986726910051215,0.00011715625883752176
2020-06-22,0.01737826019710299,0.0006889141157099035
2020-06-23,0.008674836698408466,0.00026628492613111845
2020-06-24,0.06083809369916512,0.00014231651743099646
2020-06-25,0.039274849851024,0.0008242105025593017
2020-06-26,0.027161725997724276,0.0005554630281471073
2020-06-29,0.03477371624871377,0.0003983247453419132
2020-06-30,0.03458599507581506,0.0004977219970055603
2020-07-01,0.009480741841500107,0.0004952985197234854
2020-07-02,0.01848459075149743,0.00017696831628538339
2020-07-06,0.005200188646563212,0.00032623894595551223
2020-07-07,0.019290479667926616,0.00010208323572865715
2020-07-08,0.014097442529514425,0.0003392455226034954
2020-07-09,0.04679889638652583,0.00025452963044375425
2020-07-10,0.02273049719424113,0.000764039136708969
2020-07-13,0.06446717321029,0.0003942766696941813
2020-07-14,0.04527815150661863,0.001024585907279596
2020-07-15,0.01706935226465894,0.000741263024328681
2020-07-16,0.004945765662684949,0.0003032810102692411
2020-07-17,0.009760124565596929,9.749819916433844e-05
2020-07-20,0.016785726957889314,0.00018173993556852073
2020-07-21,0.008733700345470765,0.0002986612208631981
2020-07-22,0.004047770071412954,0.00016415037960056653
2020-07-23,0.028224639213071348,8.114828882950144e-05
2020-07-24,0.009197588303626873,0.00048076478431133843
2020-07-27,0.006097817576849187,0.0001721202394736662
2020-07-28,0.007952911772124392,0.00011811576659522694
2020-07-29,0.007634992061884461,0.00015065446711300709
2020-07-30,0.023685309103012628,0.00014512788955001852
2020-07-31,0.03336996488846212,0.0004094227415944038
2020-08-03,0.003967146176741785,0.0005949891747291478
2020-08-04,0.0012815920320769056,8.830528298302028e-05
2020-08-05,0.0013137006984384036,3.209099065025243e-05
2020-08-06,0.005481098678804253,3.28102965306093e-05
2020-08-07,0.006084116824059206,0.00011796417055834563
2020-08-10,0.008673896226036653,0.0001295261630617073
2020-08-11,0.020139045911167004,0.00017796249388829256
2020-08-12,0.005706922153373511,0.00037847829178913345
2020-08-13,0.006454458247026171,0.0001223087964586497
2020-08-14,0.003446159391114579,0.0001365671414108339
2020-08-17,0.0024536409904324596,7.784196662912187e-05
2020-08-18,0.0067676775798018955,5.741941597514916e-05
2020-08-19,0.007033349471852222,0.00014248923059843532
2020-08-20,0.006902155999419931,0.0001474899398851782
2020-08-21,0.0031090138016170946,0.00014502300812298502
2020-08-24,0.013106926463154355,7.098381362064897e-05
2020-08-25,0.003738502097539115,0.00025759460633442065
2020-08-26,0.007915037533613258,8.373209781682081e-05
2020-08-27,0.01177561316464188,0.00016394932292024007
2020-08-28,0.005783040979866524,0.00023402684635430774
2020-08-31,0.004295287982295315,0.00012376918178502578
2020-09-01,0.007813363493539676,7.953785301674516e-05
2020-09-02,0.021080317478711683,0.00013792189126617376
2020-09-03,0.1092480213295001,0.0003437092958910024
2020-09-04,0.17126594204954076,0.0015615944377291259
2020-09-08,0.09459543208344509,0.0023615983231109468
2020-09-09,0.033146854494997165,0.0013678170386014626
2020-09-10,0.049914042742634716,0.0005212333434259804
2020-09-11,0.0375734493290048,0.0007596106424790928
2020-09-14,0.04122471583310134,0.0005849464343112953
2020-09-15,0.012959581637081396,0.0006370459646591575
2020-09-16,0.016274991894844514,0.00021968832804213382
2020-09-17,0.02033959102287298,0.00027090865337896946
2020-09-18,0.04519786423402183,0.0003325822494163424
2020-09-21,0.03343449175803228,0.0006933210492087205
2020-09-22,0.026997744178289672,0.0005253931662400758
2020-09-23,0.03559440501507516,0.0004315648867642711
2020-09-24,0.054203239880001516,0.0005565402800358924
2020-09-25,0.04020979994126511,0.0008194633103130276
2020-09-28,0.008119865645144268,0.0006226027275894338
2020-09-29,0.009016503358943157,0.00014289177589023568
2020-09-30,0.029920057937890474,0.00015734669130085537
2020-10-01,0.015086026954052858,0.000543957871961676
2020-10-02,0.034211423186595376,0.00028854780380873913
2020-10-05,0.005538158926293629,0.0006158288051465457
2020-10-06,0.04562017375849432,0.00011409396080504256
2020-10-07,0.007782008052510107,0.0008038644365997535
2020-10-08,0.0035305775158229824,0.00015632937594507146
2020-10-09,0.00501327761411394,7.52026932341375e-05
2020-10-12,0.0187113785550091,0.00010404563902911005
2020-10-13,0.00805065902411986,0.0003522223367246136
2020-10-14,0.01731952303327141,0.00016131990401796212
2020-10-15,0.01352282403164068,0.0003278951355927151
2020-10-16,0.01154777875810733,0.0002607541184541899
2020-10-19,0.03668762519370298,0.0002252910984595587
2020-10-20,0.019052724197518512,0.0006569907668074778
2020-10-21,0.01108561534528372,0.000358167612871198
2020-10-22,0.02032904810586641,0.00021693020867621506
2020-10-23,0.008662764034617507,0.00038032885614883865
2020-10-26,0.05299779937034362,0.00017264514931550936
2020-10-27,0.002963663645949571,0.0009235468759872256
2020-10-28,0.14120920663824066,6.395144092745485e-05
2020-10-29,0.07176987163614348,0.0022883453442913092
2020-10-30,0.05679976111948854,0.0017354509068489247
2020-11-02,0.030368672891660196,0.001412806331345337
2020-11-03,0.06670290020309835,0.0008146888421149669
2020-11-04,0.0683761041847179,0.0016272485218609548
2020-11-05,0.010576027770522887,0.0016630851165650373
2020-11-06,0.015320557356718103,0.00032225284861951085
2020-11-09,0.037217547432617876,0.0004463921144611799
2020-11-10,0.02183690074185908,0.0009742049299722264
2020-11-11,0.006147112757004054,0.0006096072722173625
2020-11-12,0.025623571491965383,0.00019998447806480107
2020-11-13,0.011247711589570934,0.0007016395300668459
2020-11-16,0.007948426083358582,0.00034018076941184634
2020-11-17,0.012134891908177606,0.0002506866643324957
2020-11-18,0.010841027992173114,0.0003636643411794024
2020-11-19,0.012495744441104408,0.00032934192754984864
2020-11-20,0.002440466553329971,0.00037315603062574047
2020-11-23,0.015414230850469602,8.876380085599341e-05
2020-11-24,0.012952325746824603,0.00044879105468429516
2020-11-25,0.002545669550493023,0.00038511850546138655
2020-11-27,0.0024215723424456308,9.211961639568597e-05
2020-11-30,0.01463388035960146,8.815927341120369e-05
2020-12-01,0.006954259089660723,0.00043132200771925746
2020-12-02,0.004358318908785037,0.00022229157198169663
2020-12-03,0.006775009746427847,0.00014659451627597347
2020-12-04,0.0018304020680225646,0.00021717939020330623
2020-12-07,0.0033430777060559622,6.767471679717613e-05
2020-12-08,0.0046466894386207125,0.00011574519712575284
2020-12-09,0.012515004358108614,0.00015520600442569797
2020-12-10,0.009713727221902554,0.00037521455575826077
2020-12-11,0.010026232330960368,0.00029938724708226407
2020-12-14,0.015086685508852882,0.00030795391459865606
2020-12-15,0.009110079290718795,0.000443193063936556
2020-12-16,0.004739127340662453,0.0002827532867965524
2020-12-17,0.0017493106008201564,0.00015795394903687357
2020-12-18,0.013499665730563663,6.499689806676364e-05
2020-12-21,0.2421486417660793,0.00040140735069751064
2020-12-22,0.004266505930876541,0.005255829431390274
2020-12-23,0.004984467938050156,0.00014383986862640452
2020-12-24,0.0017129690641096479,0.00016521932065215707
2020-12-28,0.0019754280677636397,6.379245783482963e-05
2020-12-29,0.005257812393148103,7.243200709906602e-05
2020-12-30,0.002041482241232378,0.00017326825635656612
2020-12-31,0.007569494309665788,0.00011492396393599478
2021-01-04,0.0740412777487809,0.0003404499644572029
2021-01-05,0.010769276168264535,0.002253327554208592
2021-01-06,0.0455454761240123,0.00045598100199188474
2021-01-07,0.007901421786656874,0.0015064005407923132
2021-01-08,0.016578035150326034,0.00035277622415419283
2021-01-11,0.006689324407908099,0.0006519356759663998
2021-01-12,0.010786567861725917,0.00030730083105629083
2021-01-13,0.007113512146632179,0.00045658766341641696
2021-01-14,0.004961162672637963,0.00032336431467905514
2021-01-15,0.012727313794017257,0.00023988150293376958
2021-01-19,0.005358706639104576,0.0005236856197357724
2021-01-20,0.009316748586365357,0.00025570513499814207
2021-01-21,0.002427057794189111,0.000404391348993017
2021-01-22,0.004240890565841329,0.00013264049655282658
2021-01-25,0.03410850482458831,0.0002106390982038591
2021-01-26,0.002816067064101691,0.0011854072098670242
2021-01-27,0.03841422790848682,0.00015003091036136686
2021-01-28,0.03091274334519427,0.0013081391708606386
2021-01-29,0.04244144227507347,0.0010925978759722252
2021-02-01,0.039309365449289854,0.0014208097536710412
2021-02-02,0.03916991881643127,0.0015619410662312064
2021-02-03,0.008716587458269115,0.0015574328884968547
2021-02-04,0.008704549320747863,0.00045878423181066783
2021-02-05,0.004404788863393922,0.0004582688160118911
2021-02-08,0.003072646152061824,0.0002633373707940987
2021-02-09,0.002188123681103248,0.00019646875009734436
2021-02-10,0.016290258633372506,0.00014906366130634807
2021-02-11,0.010503528960869967,0.0007629582848159984
2021-02-12,0.0031102572840412054,0.0005339260722108778
2021-02-16,0.003954605965531198,0.0001984225665969283
2021-02-17,0.006673536975726394,0.00024122907976504348
2021-02-18,0.011042621179676053,0.0003692045378759855
2021-02-19,0.00395278430012906,0.0005561103608952675
2021-02-22,0.006935185200972971,0.00024113869522328615
2021-02-23,0.05996470528681916,0.0003809357114961604
2021-02-24,0.021356450838218213,0.0022020835023894123
2021-02-25,0.061453962329825855,0.0009509382169160063
2021-02-26,0.03607130032167256,0.002246463800896006
2021-03-01,0.08040344649217977,0.0014564602497536704
2021-03-02,0.006911712906679745,0.002795362718701724
2021-03-03,0.013394581153301737,0.0003798867321521845
2021-03-04,0.115750786718,0.0006452115496361766
2021-03-05,0.12237780118542903,0.0035237225028949114
2021-03-08,0.02766056499124606,0.003681590504641244
2021-03-09,0.016610886018267986,0.0011418803782108557
2021-03-10,0.008644409295693456,0.0007643247743244514
2021-03-11,0.011362507847991154,0.0004570661907408033
2021-03-12,0.004907204236894226,0.0005668287598432174
2021-03-15,0.01489980760168906,0.0002926863695583957
2021-03-16,0.005229251521293533,0.0007016361074901103
2021-03-17,0.014065836822911916,0.00030770448358306173
2021-03-18,0.023295475738656524,0.0006705323435623535
2021-03-19,0.016135127684770604,0.0009974768363260503
2021-03-22,0.009616212216913866,0.0007470385282958481
2021-03-23,0.015279541766228907,0.0004970526930759021
2021-03-24,0.015301724538558017,0.0007156751008300696
2021-03-25,0.028206887929142103,0.0007164928998437715
2021-03-26,0.014465123299303268,0.0011595975695936369
2021-03-29,0.011362832048122818,0.0006854717112420429
2021-03-30,0.004727137864353093,0.0005668414914078775
2021-03-31,0.005186089318453672,0.0002841982598635197
2021-04-01,0.0019178462158636962,0.00030570336594636067
2021-04-05,0.004734534295875454,0.00031857374936844355
2021-04-06,0.0025073100044316642,0.0005568033172275607
2021-04-07,0.0014919137641587327,0.0003759470026776424
2021-04-08,0.0018598454269359258,0.0002727839128805472
2021-04-09,0.0031507788685352714,0.0003125859723575324
2021-04-12,0.0018724493398276846,0.00043293783996188286
2021-04-13,0.0032910982580842286,0.00031389315095584536
2021-04-14,0.00598192243147217,0.0004447515530471195
2021-04-15,0.001898257583511622,0.0006433613496861806
2021-04-16,0.003446501095416266,0.00031655933468766636
2021-04-19,0.005737626581243304,0.00045761274244242116
2021-04-20,0.01324310365423347,0.0006269981372743094
2021-04-21,0.006061040437577785,0.001051265816581642
2021-04-22,0.01603316900849464,0.0006486057417160977
2021-04-23,0.013282795141252938,0.001183080031901134
2021-04-26,0.001420901296517978,0.0010532114882553882
2021-04-27,0.0023569186396963765,0.00026468684856723534
2021-04-28,0.003117494220801409,0.00036184992187906514
2021-04-29,0.013136446644051964,0.00043010625619931624
2021-04-30,0.00343889580255868,0.0010460264319701673
2021-05-03,0.0025438933276639383,0.0004569885525504281
2021-05-04,0.017742217215751716,0.0003829659699864366
2021-05-05,0.002979213077907837,0.0011819934977256503
2021-05-06,0.016354456099494402,0.00041972766957149927
2021-05-07,0.006792307054154768,0.0011274316927520466
2021-05-10,0.005875147713031508,0.0006770986505959718
2021-05-11,0.019383557398939617,0.0006224384305854563
2021-05-12,0.035997245770033416,0.0012442622892386587
2021-05-13,0.015321639587498676,0.0017819959487805912
2021-05-14,0.007146083870514964,0.0010855528196236244
2021-05-17,0.00671146669141774,0.0006973441378490498
2021-05-18,0.0050676763094257265,0.0006724107819838801
2021-05-19,0.015704444312909377,0.0005712653998878858
2021-05-20,0.01117921692657301,0.0011012091298719725
2021-05-21,0.008126643992434008,0.0009041008316985047
2021-05-24,0.005681511057484238,0.0007513645680547887
2021-05-25,0.004428554457663117,0.0006104509116547506
2021-05-26,0.002437780938268447,0.0005282815989363908
2021-05-27,0.0017113888815096438,0.00037361380771135967
2021-05-28,0.0010426520435029558,0.00030427637894398966
2021-06-01,0.004193598910786123,0.00022823949167504045
2021-06-02,0.002684094751990342,0.0005118323838073745
2021-06-03,0.009448633141193867,0.0003052038966168423
2021-06-04,0.009967153457683495,0.0006570712346723207
2021-06-07,0.0017015361509057064,0.0006788118023171489
2021-06-08,0.005540615678865495,0.00023119387136056186
2021-06-09,0.0011406138648234053,0.0004746478151484887
2021-06-10,0.006447971657221597,0.00018119259681619935
2021-06-11,0.0018133775463696862,0.0005205982160663814
2021-06-14,0.0032359438092012436,0.00024033747496904768
2021-06-15,0.0021012523278736432,0.00034203191559573347
2021-06-16,0.013855176380246392,0.0002629118644349864
2021-06-17,0.009675111791309256,0.0008296660503240113
2021-06-18,0.004475154815706863,0.0006666229523051717
2021-06-21,0.009786256124992326,0.0004167345557868727
2021-06-22,0.008078181271994216,0.0006712784677179889
2021-06-23,0.0014783288906533335,0.0005972370336066689
2021-06-24,0.000579318917496747,0.00021221040651733198
2021-06-25,0.001374092355082863,0.00011991498915629803
2021-06-28,0.002094910623367174,0.00020296374536293905
2021-06-29,0.0013903239539575542,0.00026242811436706144
2021-06-30,0.0013764279587110378,0.00020442119206707813
2021-07-01,0.0009277024381337851,0.0002031738735387006
2021-07-02,0.006455784203726773,0.0001119447323524844
2021-07-06,0.010427602337381993,0.0003842071102556649
2021-07-07,0.006763394924738817,0.0005211113229675132
2021-07-08,0.00968669739740375,0.0003957451108604406
2021-07-09,0.01304409951731996,0.0004972606856674423
2021-07-12,0.0023592468634323726,0.0006008065330281438
2021-07-13,0.0040150767035244984,0.00020261621700353035
2021-07-14,0.005307424817270659,0.00028409203917698637
2021-07-15,0.005277197420954172,0.0003392295160071441
2021-07-16,0.006426739505243511,0.00033800015082424207
2021-07-19,0.060877308671210176,0.0003831074496851994
2021-07-20,0.024156348868102872,0.001599600607669569
2021-07-21,0.0066261490526034845,0.0008888855111743104
2021-07-22,0.002481164556905431,0.00039062137867102803
2021-07-23,0.005109688857357566,0.00020921057707415727
2021-07-26,0.0005684247823760537,0.0003311403696704161
2021-07-27,0.00984102565284467,8.199322501996857e-05
2021-07-28,0.005485667632051814,0.0005022820234551426
2021-07-29,0.0022219037199178826,0.0003464275765030306
2021-07-30,0.0032474337541210656,0.00019503684597989938
2021-08-02,0.005224141782847411,0.00024824559701392605
2021-08-03,0.013871833292723883,0.0003239462571235116
2021-08-04,0.0033961175832274157,0.0005994048569137007
2021-08-05,0.001328743936526367,0.00024695598624534904
2021-08-06,0.0007611165338184317,0.00013671561756543784
2021-08-09,0.001377295035372226,9.623531094282864e-05
2021-08-10,0.0015624366453219761,0.00013984245379245486
2021-08-11,0.0010173816026280455,0.0001514099180757101
2021-08-12,0.003227017841163417,0.00011554486125590553
2021-08-13,0.00042714853417882555,0.00023913468192704392
2021-08-16,0.008522599394887592,6.687348578853358e-05
2021-08-17,0.010830424473415923,0.00044097117683963047
2021-08-18,0.013900182112037437,0.000512848749859915
2021-08-19,0.009966342030636118,0.0006001764405971229
2021-08-20,0.0054467931904101,0.00048667130068151565
2021-08-23,0.012388475556390905,0.00033257878427228344
2021-08-24,0.0007875642319724205,0.0005581759448927896
2021-08-25,0.001523175369328437,9.832913699673495e-05
2021-08-26,0.0019013154461274215,0.0001490012388725325
2021-08-27,0.0033230139034697596,0.00017134579949890642
2021-08-30,0.002678854265832635,0.0002435928507784881
2021-08-31,0.0013671995381883727,0.0002126648165045137
2021-09-01,0.0012236772073210343,0.00011045774585128846
2021-09-02,0.002804120339576425,0.00010268078446037006
2021-09-03,0.0020861504918241107,0.0001772402248894978
2021-09-07,0.0019010622741560883,0.00014588246862593754
2021-09-08,0.004907286044397162,0.00013722751568874853
2021-09-09,0.00777346267730842,0.0002561877864485132
2021-09-10,0.00874027204159866,0.0003467918686308319
2021-09-13,0.012559943281154692,0.0003746133056211211
2021-09-14,0.008991129011573187,0.00047559882569575416
2021-09-15,0.010456743339146476,0.00038165698947298214
2021-09-16,0.011910155046490256,0.0004215469362322486
2021-09-17,0.005996815695588016,0.00045925473200291735
2021-09-20,0.039536983963424456,0.0002923362462141979
2021-09-21,0.011238791621134754,0.001011775535387143
2021-09-22,0.024364837962569615,0.00044204446078346585
2021-09-23,0.012491296787047546,0.0007356705339109473
2021-09-24,0.0046578043087329634,0.00047388604770896966
2021-09-27,0.002953816389479882,0.00024753765598361176
2021-09-28,0.015146431686557278,0.0001834134562229333
2021-09-29,0.006480291323878287,0.0005379914873682637
2021-09-30,0.01832492374657357,0.0003076451817796914
2021-10-01,0.04684921596221079,0.0011480863170281808
2021-10-04,0.0293631376117933,0.0017737451265141507
2021-10-05,0.02079880551842808,0.001428446412771243
2021-10-06,0.022386786597478975,0.0012174768931609058
2021-10-07,0.007847012579180567,0.0012597038666481855
2021-10-08,0.0034485789205419737,0.0007749621703822533
2021-10-11,0.01782093668414512,0.0005294328270677414
2021-10-12,0.0051930248520672346,0.0011333441209249674
2021-10-13,0.01350574192330892,0.0006400254750162965
2021-10-14,0.004943454502390193,0.0009966915634093004
2021-10-15,0.0023781064798195704,0.0006255828503079337
2021-10-18,0.006550676139621138,0.0004456677808998766
2021-10-19,0.0022893345549583996,0.0007127548168650497
2021-10-20,0.0010441303129228206,0.00043787953303834796
2021-10-21,0.0023330350619426015,0.00030433400565295685
2021-10-22,0.008051336428705948,0.0004417333900565851
2021-10-25,0.006767851046242457,0.0007842488989545604
2021-10-26,0.004460739116606757,0.0007236095795365633
2021-10-27,0.0036532939694429154,0.0005964931246150621
2021-10-28,0.0014374915745472522,0.0005437720637193967
2021-10-29,0.004317375298582866,0.0003529362139785583
2021-11-01,0.0036995070752148776,0.0004252471163135794
2021-11-02,0.001446362015556298,0.00039333489337609994
2021-11-03,0.005658636214999906,0.00024476873954958273
2021-11-04,0.0012678689685496675,0.00048751114543018573
2021-11-05,0.007727981002965947,0.00022901497725152182
2021-11-08,0.002096356138067365,0.0005706235090473482
2021-11-09,0.006172108976600017,0.00029523596606519326
2021-11-10,0.014905391724233795,0.0005093744837221623
2021-11-11,0.0004492624652958522,0.0007951303588054245
2021-11-12,0.006089644783032056,0.00013560840211442052
2021-11-15,0.0031864837580785395,0.0005059256306070801
2021-11-16,0.004691707768162065,0.00036476811688898554
2021-11-17,0.0013518475864039766,0.0004434865955060426
2021-11-18,0.007636676882511118,0.0002365550025162095
2021-11-19,0.003170807942355977,0.0005672083421099081
2021-11-22,0.016941220426792743,0.00036386065677896615
2021-11-23,0.012085811767613135,0.0008482455581419737
2021-11-24,0.005982764022054932,0.0007152233348608694
2021-11-26,0.017085435564789857,0.000501421037473411
2021-11-29,0.01351783945081825,0.0008518850299329575
2021-11-30,0.02626888689803843,0.0007568408891138752
2021-12-01,0.06642745905963056,0.0011527993164934063
2021-12-02,0.025764685911322596,0.0017741841198563155
2021-12-03,0.06350366964891156,0.001142462912238318
2021-12-06,0.028222468984241248,0.0017374553186584054
2021-12-07,0.05461039659157977,0.0011918779665744776
2021-12-08,0.005473357747015436,0.0016198041532526092
2021-12-09,0.005565788405813709,0.0005561360966838408
2021-12-10,0.010048764438914679,0.0005604811923751911
2021-12-13,0.004754034666196687,0.0007375743866301473
2021-12-14,0.017683159048869596,0.0005208866000500959
2021-12-15,0.036468575783745606,0.0009591223531310154
2021-12-16,0.020793285051649686,0.0013426659865568035
2021-12-17,0.0251164262045297,0.0010341281541304827
2021-12-20,0.0110118654221919,0.0011290128147187107
2021-12-21,0.019303311627607886,0.0007696234053089319
2021-12-22,0.005127785967715247,0.000999004475003592
2021-12-23,0.0056654006651780985,0.0005395328873763017
2021-12-27,0.004026111935354327,0.0005651208649572692
2021-12-28,0.0038715853725514626,0.00048216996647313434
2021-12-29,0.0037488293150094525,0.000473479338880364
2021-12-30,0.004792029757520114,0.000466442268569916
2021-12-31,0.00247044572277679,0.00044121632936875745
2022-01-03,0.008052813708658329,0.00031764918121163677
2022-01-04,0.0095000601441578,0.0005707558863932382
2022-01-05,0.019388150829965256,0.0006195100053310496
2022-01-06,0.016703499826214975,0.000882460948878457
2022-01-07,0.01042078551853199,0.000819584700282101
2022-01-10,0.04592710885093446,0.0006485930145089791
2022-01-11,0.026210164516393086,0.001353446927215533
2022-01-12,0.010162106998484308,0.001024779850540359
2022-01-13,0.025193943472917407,0.0006405576796808389
2022-01-14,0.010207498758052819,0.001004878386409443
2022-01-18,0.008109642143643318,0.0006419750798867687
2022-01-19,0.021187888177997802,0.0005727498955424877
2022-01-20,0.10175959050969867,0.0009221777016831238
2022-01-21,0.036967874492344906,0.0020081288577599556
2022-01-24,0.23047007213767062,0.0012153505334885262
2022-01-25,0.10495886234127721,0.0030121021177978917
2022-01-26,0.12499431507947315,0.002039195559610763
2022-01-27,0.07253190603521265,0.0022237522925175825
2022-01-28,0.09022333762936792,0.0016977176478396722
2022-01-31,0.032883235456985155,0.0018918012606477864
2022-02-01,0.02535673963001487,0.0005659810328758196
2022-02-02,0.014005496478482206,0.0004658603679392497
2022-02-03,0.02374741710952817,0.0002986562584399232
2022-02-04,0.04753837751148221,0.0004435340205652561
2022-02-07,0.014103943456091471,0.0007459187716814696
2022-02-08,0.019546331101775484,0.0003002272201340242
2022-02-09,0.002465857538333797,0.00038335358675843894
2022-02-10,0.06603408943433327,8.131870470819315e-05
2022-02-11,0.06263774599728737,0.0009540900048361714
2022-02-14,0.025275288866929216,0.000917093469526516
2022-02-15,0.003359940931930464,0.00046473911114282724
2022-02-16,0.020331973878972658,0.00010252425585809182
2022-02-17,0.0475338691046717,0.0003948370099414642
2022-02-18,0.02619409712521961,0.0007458657873161031
2022-02-22,0.060308312454044846,0.00047733572599469905
2022-02-23,0.036738291376085815,0.0008914276925655746
2022-02-24,0.06983780569425735,0.0006149803662900588
2022-02-25,0.03269089066697161,0.0009949618248986708
2022-02-28,0.026632632087333186,0.0005634996170596026
2022-03-01,0.05496625614468381,0.0004833086890957615
2022-03-02,0.02843408506098576,0.0008316034843958364
2022-03-03,0.02369252298019795,0.0006924385460350603
2022-03-04,0.020387823504604063,0.000613253071974551
2022-03-07,0.03737224443454931,0.0005548934697271356
2022-03-08,0.09751375458930425,0.0008306261888760312
2022-03-09,0.028291192221020164,0.0015728160748582235
2022-03-10,0.020470885551847333,0.0006901201265330846
2022-03-11,0.02472515063976609,0.0005563973738778512
2022-03-14,0.046379005534323337,0.0006309187771258226
2022-03-15,0.027726651827714235,0.0009590233180223976
2022-03-16,0.06351799979058192,0.0006809219508338798
2022-03-17,0.01246826668916251,0.0011823511139934263
2022-03-18,0.01655733314254184,0.0003999825066552289
2022-03-21,0.021393851461633973,0.00048310768624559944
2022-03-22,0.007216205408193136,0.0005729736595910952
2022-03-23,0.00971954514375269,0.00027793339810256124
2022-03-24,0.010687195619812899,0.0003388749999524878
2022-03-25,0.011725853540081222,0.0003609756856863055
2022-03-28,0.014013851460322047,0.0003839657980668129
2022-03-29,0.013189111711442339,0.0004323404555112991
2022-03-30,0.012150363131946448,0.0004152314222773489
2022-03-31,0.01677456399005992,0.00039316426154301694
2022-04-01,0.011473299253569737,0.00035495728431627206
2022-04-04,0.006849908424859104,0.00026673913896180885
2022-04-05,0.030929837262491905,0.00018096121878662338
2022-04-06,0.01880035030810533,0.0005624220214237044
2022-04-07,0.0273909343688531,0.0003867428771251882
2022-04-08,0.013713967462701265,0.0005132946930346641
2022-04-11,0.011533176335922404,0.0003050459588430401
2022-04-12,0.04210497465009787,0.00026778560936423874
2022-04-13,0.011498044535688224,0.0007092956465415098
2022-04-14,0.015540721460523705,0.0002671717753547575
2022-04-18,0.01058902355191177,0.00033513300137065206
2022-04-19,0.0168238745341433,0.00025112208761218937
2022-04-20,0.00822663138854847,0.0003557418960877447
2022-04-21,0.05234426107192074,0.00020768995562864406
2022-04-22,0.04621509396045606,0.0008354865253447429
2022-04-25,0.05552127738746847,0.0007607730990542986
2022-04-26,0.018641582954563373,0.0008733517376399753
2022-04-27,0.04491478641051751,0.00038428352062329753
2022-04-28,0.08537748338499716,0.0007446148357362506
2022-04-29,0.07969277217489122,0.0012071689650601297
2022-05-02,0.08555112472122996,0.0011461940446761776
2022-05-03,0.02151652965082953,0.0013165223017443703
2022-05-04,0.10224311675146139,0.0004501856796563221
2022-05-05,0.11138054013020884,0.0015121965383617098
2022-05-06,0.06155388565864145,0.0016162539443922083
2022-05-09,0.047804178249499056,0.0010192437220884118
2022-05-10,0.08204961954592345,0.0008373821109238641
2022-05-11,0.0984707983285927,0.0012744371478088914
2022-05-12,0.08812163990534662,0.0014686399631757105
2022-05-13,0.02993540881663831,0.0013471736889529712
2022-05-16,0.03182318853931951,0.0005819504862765028
2022-05-17,0.025606273829886988,0.0006102862144463891
2022-05-18,0.056844780813231084,0.0005154015552671757
2022-05-19,0.04035820734456596,0.0009580894895794277
2022-05-20,0.21841158485850892,0.0007341008560035176
2022-05-23,0.03339484747257695,0.002728245059516666
2022-05-24,0.054157006513221126,0.000633592133621255
2022-05-25,0.030013897489427805,0.0009226818575936205
2022-05-26,0.03076215820686406,0.0005831363798161237
2022-05-27,0.012837215473040854,0.0005944075945882641
2022-05-31,0.030287476468083517,0.0003013087650660444
2022-06-01,0.046650334721918596,0.0005872645331689529
2022-06-02,0.04401795969829009,0.0008749455298851205
2022-06-03,0.013260366886096811,0.0008348115513205944
2022-06-06,0.02195756331592551,0.00031647218040981647
2022-06-07,0.02156569924193809,0.0004757788718796487
2022-06-08,0.017650951379047944,0.00046890270007453203
2022-06-09,0.04389768866168957,0.00039879792958099226
2022-06-10,0.013379399329082584,0.0008329670602014646
2022-06-13,0.04794360694907599,0.00031876682962099755
2022-06-14,0.042461980974038985,0.0008945032033849766
2022-06-15,0.12008078029019065,0.0008108731934331969
2022-06-16,0.033227555321301123,0.0018790490653536015
2022-06-17,0.04887069151495179,0.0006650487602468309
2022-06-21,0.012993295407861158,0.000908460931641581
2022-06-22,0.05557339131324173,0.00031130927118052623
2022-06-23,0.03009214153429619,0.0010079328932012307
2022-06-24,0.015102975436388342,0.0006138387750232342
2022-06-27,0.008892238009207968,0.0003515746523657636
2022-06-28,0.07418973917558495,0.0002291061446751994
2022-06-29,0.012378557129170948,0.0012731252369366278
2022-06-30,0.057589951769689784,0.0002993471646068903
2022-07-01,0.04026097493022682,0.0010373993883058376
2022-07-05,0.04786341628182249,0.0009945905696058153
2022-07-06,0.03295247358996996,0.001142044836366002
2022-07-07,0.026558048225670094,0.000847447879076434
2022-07-08,0.019474040072997568,0.0007132310351436836
2022-07-11,0.007921658626444393,0.0005565957308740387
2022-07-12,0.03896063925202404,0.00027122068926291933
2022-07-13,0.0368801322187614,0.0009688321229308548
2022-07-14,0.044729555470990306,0.0009272559701544841
2022-07-15,0.014668002467623266,0.0010818774441188484
2022-07-18,0.033322298179411874,0.00044377692817567635
2022-07-19,0.021931557645073745,0.0008550408792098007
2022-07-20,0.01891859445182394,0.0006120566807499776
2022-07-21,0.028656969355240286,0.0005438706271229551
2022-07-22,0.035194926622061834,0.0007579360750934731
2022-07-25,0.008569415900938336,0.000893233593001665
2022-07-26,0.008348064059059765,0.00028880527753625125
2022-07-27,0.03441450532759659,0.0002828273122899585
2022-07-28,0.0477824986502806,0.000877367561195562
2022-07-29,0.018114393295518238,0.001140501443994438
2022-08-01,0.017211558124738634,0.0005253125613909732
2022-08-02,0.027985679294010593,0.0005042799061718674
2022-08-03,0.013992303868926212,0.0007783426470525291
2022-08-04,0.005145711076223668,0.00044512777714169
2022-08-05,0.00703437941574107,0.00019872914444400816
2022-08-08,0.021660402743248177,0.00025569353671936316
2022-08-09,0.00432875549548204,0.0006330995770593903
2022-08-10,0.0076072199431333155,0.00017287595132355326
2022-08-11,0.01837187736734802,0.00027235083056422637
2022-08-12,0.012871538770121748,0.0005543990097043454
2022-08-15,0.006322515465210482,0.0004161548990504716
2022-08-16,0.014026224866087013,0.0002346207801180867
2022-08-17,0.0167065282438249,0.0004459974848288533
2022-08-18,0.006116803571479934,0.0005135173790968685
2022-08-19,0.007104188867221339,0.0002284472628883163
2022-08-22,0.00935265522239643,0.00025773717044941756
2022-08-23,0.009640399659588843,0.00032169684305945564
2022-08-24,0.008820409681570066,0.00032965199697917915
2022-08-25,0.0115104891075294,0.0003068552735463125
2022-08-26,0.04666236081657701,0.0003803010971360303
2022-08-29,0.016549160021630184,0.0011753279891590007
2022-08-30,0.03240372480813476,0.0005096144109478935
2022-08-31,0.01665902404797181,0.0008759696214859158
2022-09-01,0.029196254624774064,0.0007783120564221497
2022-09-02,0.061294770648967496,0.0011971421426377976
2022-09-06,0.023181814647776876,0.0021150185734697185
2022-09-07,0.023163994214330144,0.0010029294037028423
2022-09-08,0.020917709191819824,0.0010023377230194343
2022-09-09,0.010735192547902072,0.0009268722984244025
2022-09-12,0.005232251743581539,0.0005555309120680495
2022-09-13,0.052715637748115565,0.0003200327191887721
2022-09-14,0.02097256453949934,0.0018839243799821303
2022-09-15,0.037072445204059536,0.0009287369588654208
2022-09-16,0.013307054709690042,0.0014379405743879007
2022-09-19,0.008499013397050989,0.0006550626866109982
2022-09-20,0.02010197913502912,0.00046437063239622954
2022-09-21,0.07125511883531765,0.0008990074192568227
2022-09-22,0.017218502863403984,0.0023740771711329373
2022-09-23,0.045340271092519056,0.0007982931143762678
2022-09-26,0.045113658323547044,0.0016781651557242739
2022-09-27,0.06993551207579866,0.0016717250168432306
2022-09-28,0.06054482629971556,0.002340265058340379
2022-09-29,0.0405690795777265,0.002095132553330853
2022-09-30,0.05979767951506972,0.001540916074442956
2022-10-03,0.06053429564550174,0.0022156623462482434
2022-10-04,0.09733359176867794,0.0022351851793167544
2022-10-05,0.05535806461545354,0.003141281691692051
2022-10-06,0.02850052760052164,0.0020965112663410015
2022-10-07,0.11484671221864422,0.0013028671903907642
2022-10-10,0.02983657141431492,0.003536666255543971
2022-10-11,0.052090633324774954,0.0013463449203263823
2022-10-12,0.010201580066433808,0.00200708352998835
2022-10-13,0.15665872175686524,0.0006240116924262455
2022-10-14,0.08055229660472693,0.004417827733927651
2022-10-17,0.10396063171461675,0.0027429544465962475
2022-10-18,0.04623354403305131,0.0032930944960004723
2022-10-19,0.03661804975339253,0.0018426683908149312
2022-10-20,0.055269555772579616,0.001559155582387692
2022-10-21,0.057340506648643305,0.002094108902728135
2022-10-24,0.036848030340763324,0.002150038825693493
2022-10-25,0.012306594031610371,0.001566165888814679
2022-10-26,0.03297955065683171,0.0007137878141121814
2022-10-27,0.0213510957979503,0.001446513878277198
2022-10-28,0.02733928910843924,0.0010593103788946467
2022-10-31,0.008267630226178753,0.001264606637958791
2022-11-01,0.021952228157081952,0.0016798850832193365
2022-11-02,0.11125869752993674,0.0028311666212358882
2022-11-03,0.026572919869318763,0.006740934513976978
2022-11-04,0.07042407325285757,0.0031355160212033933
2022-11-07,0.01899122771003853,0.005279087699528496
2022-11-08,0.04690038873387973,0.002620178430039895
2022-11-09,0.027132609726752632,0.004248086579920138
2022-11-10,0.04505490251622378,0.0031706448243320196
2022-11-11,0.021145056862520346,0.0041579038712858405
2022-11-14,0.021351754240984313,0.002775038602724402
2022-11-15,0.044239496724793985,0.00278950529656731
2022-11-16,0.0060755516854572676,0.004117510825063136
2022-11-17,0.009883042534258072,0.001424833678745423
2022-11-18,0.016528195701265326,0.0018480320929022626
2022-11-21,0.00809366212204901,0.002432679838314428
2022-11-22,0.012730450994629775,0.001660897461524336
2022-11-23,0.005275294979576395,0.002115830796329617
2022-11-25,0.001311210066073403,0.0013212276888798908
2022-11-28,0.01961966352317332,0.0006278045701312936
2022-11-29,0.012483482461615555,0.002666171569482034
2022-11-30,0.06865530122769409,0.002093790743099645
2022-12-01,0.019797832368305714,0.007298977078358541
2022-12-02,0.012219119731456415,0.004188764641129282
2022-12-05,0.02424671489984508,0.0033767091605777675
2022-12-06,0.03673997727983623,0.004585644273457587
2022-12-07,0.010912836209878235,0.005520787109713541
2022-12-08,0.01273541701631884,0.003210448983285209
2022-12-09,0.014377733043824783,0.003439696079553241
2022-12-12,0.010135340570991316,0.0036311521373450844
2022-12-13,0.06012542041059677,0.0031062114215388574
2022-12-14,0.06325102143140382,0.006879107882505873
2022-12-15,0.030698905648504426,0.007036569631739454
2022-12-16,0.023846838597392197,0.005095196775106557
2022-12-19,0.01868343472298739,0.004551715936265636
2022-12-20,0.015579139442776132,0.004081781035652108
2022-12-21,0.013093366948727527,0.003763647729123902
2022-12-22,0.11029667256823525,0.00348253928575074
2022-12-23,0.014897780181074467,0.009020003616289685
2022-12-27,0.009322582346032338,0.003689229044629577
2022-12-28,0.027633480439886324,0.0029923981044229038
2022-12-29,0.014310155501376792,0.004861363809376771
2022-12-30,0.012845704158993148,0.003623520507644052
2023-01-03,0.05544268855370839,0.005292234848934018
2023-01-04,0.02948584490886473,0.009018101288877763
2023-01-05,0.004583886282639235,0.007164132698751011
2023-01-06,0.06298773001807012,0.003635178384606906
2023-01-09,0.02596652382181173,0.009447383213723655
2023-01-10,0.008882295876552445,0.00683981627245407
2023-01-11,0.007700347747896153,0.004626340259221697
2023-01-12,0.029635097899885398,0.004391717626249822
2023-01-13,0.011850168405473116,0.0071773289047667365
2023-01-17,0.007657931429778121,0.005138899830226077
2023-01-18,0.027649312545532156,0.004382884956280954
2023-01-19,0.011806579663364606,0.006998161886838361
2023-01-20,0.027005392331703536,0.005132002174984594
2023-01-23,0.02861243805539856,0.006938314101744375
2023-01-24,0.008668948235781137,0.0070860463398808304
2023-01-25,0.02884234558955159,0.004585525310029065
2023-01-26,0.017034742711068026,0.007106746326226343
2023-01-27,0.01462111967036241,0.0058656502124096324
2023-01-30,0.015329917976288477,0.005547932124529087
2023-01-31,0.008569724531077674,0.005644487909435353
2023-02-01,0.07872778960772912,0.0045663254579949505
2023-02-02,0.019434538691809743,0.011120379615824445
2023-02-03,0.02508292296017604,0.0072524935033288504
2023-02-06,0.007638057970812162,0.00784047588958239
2023-02-07,0.03615336000713436,0.0054520873685902325
2023-02-08,0.012160673744455161,0.008767045072397735
2023-02-09,0.02655229972102984,0.006284550815918594
2023-02-10,0.006167499466999446,0.007978047263260993
2023-02-13,0.006975380733450232,0.005107237986734792
2023-02-14,0.03065976514601852,0.005302979156043672
2023-02-15,0.008106019994434093,0.008336479808338192
2023-02-16,0.01685952354567546,0.0055520491647233815
2023-02-17,0.00831352533950368,0.0069442710014537305
2023-02-21,0.012752320370934904,0.005595094035702817
2023-02-22,0.01277746475499299,0.00637643627297984
2023-02-23,0.027498881633347693,0.00638027512530065
2023-02-24,0.009928249606056216,0.008063893027464155
2023-02-27,0.013508820136395224,0.005906915082741498
2023-02-28,0.007222179346502627,0.00648970793891736
2023-03-01,0.008566282319160784,0.005359616163355945
2023-03-02,0.016183350652500192,0.005646529520632231
2023-03-03,0.010841543089485655,0.006857962616400846
2023-03-06,0.008857846348794267,0.004458877687155864
2023-03-07,0.01594956429328948,0.004148947719785283
2023-03-08,0.007565241429236274,0.005116768086369213
2023-03-09,0.054737035893673736,0.003922073471777622
2023-03-10,0.04851296623003484,0.007941703663782485
2023-03-13,0.07209667821240288,0.007607196909569982
2023-03-14,0.03292689515125084,0.00876119468799527
2023-03-15,0.020718492741912575,0.0066255662145345215
2023-03-16,0.03042637643923947,0.005616911659699365
2023-03-17,0.021515170779236953,0.006441615729075631
2023-03-20,0.00830731822387866,0.005692977270585616
2023-03-21,0.009984813054342729,0.00405511559771708
2023-03-22,0.05940230503640306,0.004329923547370789
2023-03-23,0.06229762218308168,0.008176685993253231
2023-03-24,0.02430427147902203,0.008316594903712308
2023-03-27,0.0073762107377594935,0.005945821141901806
2023-03-28,0.006310441687496514,0.0038868516386070862
2023-03-29,0.005487049036660748,0.003676517278242587
2023-03-30,0.005112116476833248,0.0034977561889552463
2023-03-31,0.007016016580913224,0.0034106045320755024
2023-04-03,0.0038827612426986687,0.003818094407157453
2023-04-04,0.011415227132787585,0.0029933413141705533
2023-04-05,0.005984152934597187,0.004396626726016583
2023-04-06,0.007527585091808202,0.003492436730057434
2023-04-10,0.0052231493520532015,0.003790134090890406
2023-04-11,0.0036585583525751593,0.003327133003269661
2023-04-12,0.008333889199497041,0.002930540066970929
2023-04-13,0.014948973882631564,0.00393014817017215
2023-04-14,0.018658817411549775,0.004840330319229626
2023-04-17,0.0046929647577972225,0.00523836764589545
2023-04-18,0.005285244295931913,0.0032025677672125824
2023-04-19,0.0041775106125567585,0.003341180425810122
2023-04-20,0.008475854012681918,0.003072448502520433
2023-04-21,0.00468950304656297,0.003953885586547947
2023-04-24,0.004297765671853205,0.003201725400300839
2023-04-25,0.008117395984780845,0.0031036911888489022
2023-04-26,0.009315263369076518,0.00389344286768781
2023-04-27,0.009600056598651811,0.004089259302917382
2023-04-28,0.0037634774424775545,0.004133397348246535
2023-05-01,0.004011417200349897,0.0029602283441952197
2023-05-02,0.02767148549665275,0.003028330183910335
2023-05-03,0.02131073523381863,0.006028509010195098
2023-05-04,0.007635322480366979,0.003008811049786979
2023-05-05,0.011248937991830384,0.0018024810110875383
2023-05-08,0.002817773083339177,0.002187138922349553
2023-05-09,0.0014361539186324996,0.0010958747147491088
2023-05-10,0.023294622564612552,0.0007827906617312709
2023-05-11,0.0044909836625090516,0.003145518220175172
2023-05-12,0.013635867965455305,0.0013829757263435292
2023-05-15,0.007250503700921289,0.00240765505304149
2023-05-16,0.0034590399275446185,0.001756545075783247
2023-05-17,0.015388734820475302,0.0012139855273804849
2023-05-18,0.007607705479689698,0.0025574771421478554
2023-05-19,0.006819861553599473,0.0017992235508025695
2023-05-22,0.006624410489387167,0.001703666339283968
2023-05-23,0.013438366379330003,0.0016791156801103531
2023-05-24,0.0054207744179191435,0.0023901835108458584
2023-05-25,0.01031923913796987,0.0015191765624702213
2023-05-26,0.00969852930999378,0.0020949555451742013
2023-05-30,0.008620850414750438,0.002031074022128703
2023-05-31,0.006396015517829684,0.0019150906141039265
2023-06-01,0.019180568140216524,0.0016499626149361758
2023-06-02,0.009636617259910487,0.002854719903615853
2023-06-05,0.006524472923282994,0.0031505663309296466
2023-06-06,0.0036436505500623147,0.002734430203089655
2023-06-07,0.006576882316983704,0.0022129377417398075
2023-06-08,0.006491535809096734,0.0027423879872943095
2023-06-09,0.0066183959091679545,0.0027294082196477544
2023-06-12,0.004972637067871166,0.0027486627509598254
2023-06-13,0.003912841790417124,0.0024775474311055845
2023-06-14,0.019788532599319765,0.002270977628067857
2023-06-15,0.01846154826121798,0.004091576299773633
2023-06-16,0.007593545346445845,0.003989709158879767
2023-06-20,0.007333445720223686,0.002889366864111511
2023-06-21,0.003933463382663217,0.0028530199979177337
2023-06-22,0.0027020427800776,0.002275317574906384
2023-06-23,0.004451541890406151,0.0019852132671520765
2023-06-26,0.007137887322970833,0.0023799056407682886
2023-06-27,0.008700404250994567,0.0028251480046275366
2023-06-28,0.0051667212281750535,0.0030357574841391685
2023-06-29,0.002599567864914438,0.002512243231447473
2023-06-30,0.00485802178320352,0.0019575295721020393
2023-07-03,0.0009728565856204671,0.002456651460136976
2023-07-05,0.0018039138069322694,0.001369832063034921
2023-07-06,0.00602475010853241,0.0004360387486808513
2023-07-07,0.012229668554433555,0.0008572435434996635
2023-07-10,0.0022073280023286275,0.0012748622454776784
2023-07-11,0.006047681243708704,0.0004882687377255387
2023-07-12,0.00411320943058832,0.0008590710182604422
2023-07-13,0.004035384056632122,0.0006921281848511708
2023-07-14,0.004434284910427172,0.0006847564702688551
2023-07-17,0.0036369692395429604,0.0007219129266028712
2023-07-18,0.0077623043788386204,0.0006459954424393935
2023-07-19,0.003255031110016064,0.00098808643960189
2023-07-20,0.006338147269291375,0.000607042479581265
2023-07-21,0.0009516484367004592,0.0008819615091655471
2023-07-24,0.0042705382078536015,0.00030467381720944653
2023-07-25,0.003918562052039333,0.0007068458158961694
2023-07-26,0.007416582306856458,0.0006735726093450646
2023-07-27,0.01782305963948952,0.0009631705440414214
2023-07-28,0.016516601956498806,0.0015745373168841556
2023-07-31,0.0026176665402062966,0.0015087591563674836
2023-08-01,0.0018533754587708312,0.0005372384334092329
2023-08-02,0.006106537729305531,0.00044270084629381966
2023-08-03,0.006997940449579254,0.0008637476427264516
2023-08-04,0.020012574115554838,0.00042789593918348795
2023-08-07,0.0032487377476199428,0.0008942136170058179
2023-08-08,0.018294848536996405,0.00024978698190153024
2023-08-09,0.006100578453327892,0.000839657445038305
2023-08-10,0.028203436863774245,0.00038862539221574987
2023-08-11,0.005751353098181237,0.0011375211256770244
2023-08-14,0.0031229855511606774,0.00037288325723816736
2023-08-15,0.006387064239534573,0.00024296479189229913
2023-08-16,0.009975225118110127,0.0004013392477813676
2023-08-17,0.009137986617566863,0.0005486949956841495
2023-08-18,0.008786162721539563,0.0005159701187250038
2023-08-21,0.013466544821993715,0.0005019536482583873
2023-08-22,0.003882387596992646,0.0006772606654681247
2023-08-23,0.006360052730955331,0.0002830430010313693
2023-08-24,0.014791041923866152,0.00040014789041457384
2023-08-25,0.025211364255341186,0.0007233283759450706
2023-08-28,0.007464201262169604,0.0010514629051614646
2023-08-29,0.010207554218656208,0.0004477014251620688
2023-08-30,0.004111380029567834,0.0005576285200224734
2023-08-31,0.0035975952974639357,0.0002946531485901788
2023-09-01,0.007966215674491234,0.0002683139279999402
2023-09-05,0.0011541201289981013,0.00040549436728799364
2023-09-06,0.011670699900096665,0.00010426141357808554
2023-09-07,0.0035123528982193225,0.0005303741450004865
2023-09-08,0.004030985745777122,0.00022800359290354815
2023-09-11,0.003305269370547274,0.00025118483309944284
2023-09-12,0.005768499132043894,0.00021846770643608877
2023-09-13,0.00433259316591745,0.0003231651590114407
2023-09-14,0.006242456953706042,0.0002642559046143548
2023-09-15,0.006239944223025622,0.00034161276873568143
2023-09-18,0.0035496050732879694,0.00034151608848193786
2023-09-19,0.007250225060285362,0.00022970105940191472
2023-09-20,0.008942928132078634,0.00037951557518836094
2023-09-21,0.005436780319340815,0.0004398428011602392
2023-09-22,0.009247490013105882,0.0003099854459375682
2023-09-25,0.0036544951655890262,0.00045032158653132936
2023-09-26,0.010402220495039515,0.0002344524332724883
2023-09-27,0.019614802436297058,0.0004891592266609321
2023-09-28,0.015016376389384073,0.0007640317695206366
2023-09-29,0.014909131465735597,0.0006332047926922149
2023-10-02,0.011616618546147251,0.0006300220257877988
2023-10-03,0.029731744676503837,0.0005286450468740318
2023-10-04,0.013058674219045496,0.0008877971908838458
2023-10-05,0.012395569093989664,0.0005068412795615359
2023-10-06,0.046265806501940634,0.0004891617093055797
2023-10-09,0.011803969719298214,0.0011999130817327208
2023-10-10,0.013330691430042705,0.00047313253730701027
2023-10-11,0.0074649958811884125,0.0005140105439840119
2023-10-12,0.019380392739341005,0.0003462627759648837
2023-10-13,0.02185278399101341,0.0006632686447509065
2023-10-16,0.005936562665118611,0.0007198054524887321
2023-10-17,0.0162146047293582,0.0002962241977949457
2023-10-18,0.016770214180907395,0.000587379542960596
2023-10-19,0.023550165972506556,0.0006010183256971742
2023-10-20,0.008465033755749255,0.000757440547538176
2023-10-23,0.0310218447187837,0.00037722807021888964
2023-10-24,0.01121253928991998,0.00091386448100114
2023-10-25,0.006785331683252543,0.0004568498390668584
2023-10-26,0.015465154354632707,0.00032445933832815117
2023-10-27,0.014525229190162019,0.0005687438800454988
2023-10-30,0.012257565127049043,0.000544959425386775
2023-10-31,0.01128176706715323,0.00048544475379535466
2023-11-01,0.01013912027704469,0.0004587696557537974
2023-11-02,0.0037743612305334174,0.00042657784167544346
2023-11-03,0.005933212666663507,0.000217578120036685
2023-11-06,0.004039211279510961,0.00029611030261168824
2023-11-07,0.005500100402059399,0.0002278670457860501
2023-11-08,0.006811584722239162,0.0002812067316620161
2023-11-09,0.006261055278989281,0.0003253140853658905
2023-11-10,0.022340877389351716,0.00030716164656809336
2023-11-13,0.005050331068723721,0.0007307202087888532
2023-11-14,0.007068290834992553,0.00026532804098311415
2023-11-15,0.004051257424610965,0.0003336174417118241
2023-11-16,0.0032243841686497854,0.00022832981353610268
2023-11-17,0.0026734387671932857,0.00019544150285057672
2023-11-20,0.0064416452983326565,0.0001720185312485992
2023-11-21,0.00288693720228242,0.00031317025206969426
2023-11-22,0.0037705174921880314,0.00018126256598567417
2023-11-24,0.00033580968488778815,0.00021742713556210965
2023-11-27,0.0011975418270371572,4.1854548511963324e-05
2023-11-28,0.004331774743080405,9.952975090558047e-05
2023-11-29,0.007252157470251711,0.00023898575686737188
2023-11-30,0.006720910763319503,0.0003395057408611999
2023-12-01,0.006982439183054522,0.0003223574403249163
2023-12-04,0.01324528282559815,0.0006768912886037158
2023-12-05,0.0036377411280976483,0.0009526618522604255
2023-12-06,0.004751064142611222,0.0004779312477877944
2023-12-07,0.0032889465258677687,0.0005511402608708341
2023-12-08,0.004023852486743467,0.00045289674101238995
2023-12-11,0.0019007799397475534,0.0005043714442616148
2023-12-12,0.004865318111665291,0.0003379813392527518
2023-12-13,0.009336680521608803,0.0005581757157838212
2023-12-14,0.011271222585343146,0.0007904496297228278
2023-12-15,0.006112316209335396,0.0008740292883847314
2023-12-18,0.004983894393871844,0.0006304718360790837
2023-12-19,0.0011109300748790366,0.0005653963439749087
2023-12-20,0.022697086382558806,0.00025374121900333287
2023-12-21,0.008918671792979473,0.0012699738453418384
2023-12-22,0.0075903630049759365,0.0007713581441638042
2023-12-26,0.0026639532359104888,0.0007077360912053848
2023-12-27,0.0012518972633078973,0.00040470833509956516
2023-12-28,0.0009064154352150151,0.0002704485174260369
2023-12-29,0.007165896536287164,0.00022762841694580157
2024-01-02,0.0056127323337902164,0.0006863270142939749
2024-01-03,0.0040221075156675855,0.00060241948012976
2024-01-04,0.008294579765772483,0.0008233459688260881
2024-01-05,0.009151243671930088,0.001110980325137488
2024-01-08,0.006908276704954483,0.001157114906966885
2024-01-09,0.005454871372154041,0.0010299777777825908
2024-01-10,0.0046561954581039395,0.0009340321747331928
2024-01-11,0.018504043098447193,0.0008747839781118804
2024-01-12,0.005716369969952416,0.0015486718670002248
2024-01-16,0.006995788729645507,0.0009523136728199397
2024-01-17,0.004739572045106117,0.0010353589679450716
2024-01-18,0.009385683601843268,0.0008812346835616899
2024-01-19,0.011267023632757814,0.0011692951535181627
2024-01-22,0.0030718388839598315,0.001261156492107571
2024-01-23,0.0023511108511318685,0.000736421319750996
2024-01-24,0.005637289357484711,0.0006592578178682267
2024-01-25,0.004449711727324605,0.0009468377619866145
2024-01-26,0.003511010094412274,0.000858511499719537
2024-01-29,0.004415137071642077,0.0007783050933156215
2024-01-30,0.0011483312505716963,0.0008557437893509526
2024-01-31,0.0070483266416824005,0.0004900370956745379
2024-02-01,0.007120685439640675,0.0010385706378135838
2024-02-02,0.014768463658988628,0.0010429710849549946
2024-02-05,0.008424247687239284,0.0013281207428802535
2024-02-06,0.002584886056392703,0.001056252325231418
2024-02-07,0.003837088927160935,0.0006522765425714404
2024-02-08,0.0010492451971216028,0.0007663494681688072
2024-02-09,0.0028627980287966367,0.00045152006917273667
2024-02-12,0.005302541294121103,0.0006800265544829272
2024-02-13,0.020878481103905288,0.0008744647585684213
2024-02-14,0.009891626913233528,0.001529623428424356
2024-02-15,0.002941368273205957,0.0011277674962126903
2024-02-16,0.006664495530294236,0.000687580120266384
2024-02-20,0.007654813756397933,0.0009599507645626752
2024-02-21,0.006184525806984286,0.0010157730513779375
2024-02-22,0.010103752248303533,0.0009311190639174215
2024-02-23,0.0037128430261045135,0.0011375727843372522
2024-02-26,0.0020695014623054882,0.000756126603195876
2024-02-27,0.0028387553998583314,0.000595702978305481
2024-02-28,0.0014480494713449972,0.0006776906737540063
2024-02-29,0.009426512037052902,0.0005149411456587685
2024-03-01,0.005213727570672776,0.0011058233361800867
2024-03-04,0.0022893784118873536,0.0008684591659532376
2024-03-05,0.012858876568412437,0.0006207559966447085
2024-03-06,0.006208261943504921,0.001171138207950989
2024-03-07,0.01668194979877507,0.000872101866745647
2024-03-08,0.018749245578247354,0.0013013045007377868
2024-03-11,0.005291548927452747,0.0013643382292725511
2024-03-12,0.0161969657568817,0.0008174717029298623
2024-03-13,0.003237513995223574,0.001285851933515616
2024-03-14,0.011930638327456578,0.0006700079616634492
2024-03-15,0.0061568978341497846,0.0011361434107692466
2024-03-18,0.003928209868833068,0.0008691731919543063
2024-03-19,0.0067061530763699116,0.000724576445411795
2024-03-20,0.006376380160424007,0.0008997721849843707
2024-03-21,0.0017250988403224865,0.0008815880160450969
2024-03-22,0.0009550000911418278,0.0005192575352448543
2024-03-25,0.0008355175989314423,0.00040869721112403234
2024-03-26,0.002604160639849729,0.00038716710134151873
2024-03-27,0.0056549764824665736,0.0006134789770098599
2024-03-28,0.0015315211036145348,0.0008397559961786364
2024-04-01,0.004370631260411501,0.0004948270331493083
2024-04-02,0.0028076085739192173,0.0007565730266521457
2024-04-03,0.003992691206544689,0.000632451302042918
2024-04-04,0.01831965471676786,0.0007293688911115954
2024-04-05,0.013721076918589387,0.001714829168125199
2024-04-08,0.0023858265577184345,0.0015635127208575238
2024-04-09,0.01876671816703618,0.000893888666163875
2024-04-10,0.007745096263039133,0.0017280943006611794
2024-04-11,0.023975258758234697,0.0013023401661895358
2024-04-12,0.01720710077471367,0.0018688101017866109
2024-04-15,0.023964927917987346,0.0016808331482498114
2024-04-16,0.00835512592026333,0.0018685526999031147
2024-04-17,0.013513170327819547,0.0013342823254618378
2024-04-18,0.013203725347657855,0.00155590167989059
2024-04-19,0.014995821957808061,0.0015444245628082668
2024-04-22,0.023054530088243756,0.0016085418236845023
2024-04-23,0.0157016690628571,0.0018455664200746286
2024-04-24,0.008370608095748171,0.0016323624527593218
2024-04-25,0.015892575724013577,0.0013350720282501829
2024-04-26,0.00715813238057669,0.001638679505384205
2024-04-29,0.005957306510214598,0.001269946311729049
2024-04-30,0.011792517464504002,0.0011975595286577018
2024-05-01,0.03392236853766134,0.001489626586952867
2024-05-02,0.019744573547268576,0.0020880294402088584
2024-05-03,0.007689146859948075,0.0017563767985388818
2024-05-06,0.002288828686006255,0.0011848866434439247
2024-05-07,0.002050329447347455,0.0007776300864080175
2024-05-08,0.001832860132696346,0.0007484516158559577
2024-05-09,0.0029266559971637862,0.0007198466393073565
2024-05-10,0.0039792130535144426,0.0008469875242958056
2024-05-13,0.0030082410044683754,0.0009424301054214647
2024-05-14,0.0032288363777036528,0.0008551200690480386
2024-05-15,0.005414903247802627,0.0008764124110977219
2024-05-16,0.0034909772296202253,0.0010489364689907582
2024-05-17,0.002041633458717217,0.0009005147475159913
2024-05-20,0.0024754622994851722,0.0007473468273296398
2024-05-21,0.0011920621284118823,0.000799106632260395
2024-05-22,0.006188871626311344,0.000619879000620986
2024-05-23,0.0143908495456883,0.0010987891142959635
2024-05-24,0.004302143925959104,0.0014732722013797476
2024-05-28,0.005135481198030136,0.0009683377466190682
2024-05-29,0.0016496760030006803,0.0010297983604795182
2024-05-30,0.005596535729595536,0.0006939788798594042
2024-05-31,0.033457388687413304,0.00106103349392829
2024-06-03,0.019989517529664737,0.001975274868154238
2024-06-04,0.006659779681399575,0.0016515206377785757
2024-06-05,0.010614332812029397,0.0008326200332222573
2024-06-06,0.0032818519291242586,0.0010021615266488071
2024-06-07,0.00829719371933248,0.0006284094353014619
2024-06-10,0.0030664879790446775,0.0009086736974528441
2024-06-11,0.008033643874766508,0.0006116765581058715
2024-06-12,0.006229932677252378,0.0008970856151978834
2024-06-13,0.005849588797356884,0.0008108215534912642
2024-06-14,0.0025703218507247944,0.000790764665010323
2024-06-17,0.01203778553142142,0.0005702206614323414
2024-06-18,0.0009267826526963793,0.001053583793770826
2024-06-20,0.008324004155398442,0.0003800970577095003
2024-06-21,0.0029374187009140467,0.0009098400346225509
2024-06-24,0.007126780227775179,0.0006013068673260645
2024-06-25,0.003013744615621386,0.0008553623630797324
2024-06-26,0.0032896446399585015,0.0006074714333665433
2024-06-27,0.0020093338347421568,0.0006290023164181229
2024-06-28,0.019832771639520266,0.0005170392852090967
2024-07-01,0.0047756938520839495,0.001284952947224072
2024-07-02,0.0029328800242777227,0.0007294937397453253
2024-07-03,0.0017398835483686149,0.0006009372711769853
2024-07-05,0.00374165268914486,0.0004882696712572977
2024-07-08,0.0017264245138539506,0.0008530585131371405
2024-07-09,0.0010607449492318157,0.0006507342651155378
2024-07-10,0.004050702307396459,0.0005487353878314146
2024-07-11,0.009366422017776018,0.000877087034968697
2024-07-12,0.01531901327567509,0.0011761503763044955
2024-07-15,0.010742708582766287,0.0013971587180842187
2024-07-16,0.002501398591369184,0.001233964571295974
2024-07-17,0.005060724707967752,0.0007409147361424045
2024-07-18,0.023011393998384862,0.00094816265747738
2024-07-19,0.012023804837815648,0.0016110069215361357
2024-07-22,0.006574234299773543,0.0012835955485847117
2024-07-23,0.004713749706993289,0.001039096212315728
2024-07-24,0.014407907379449195,0.0009248818512871961
2024-07-25,0.040021012932486,0.0013674924010426315
2024-07-26,0.012277928940788852,0.0019553364269234387
2024-07-29,0.007437333624644098,0.0012930265587397791
2024-07-30,0.027286919948274233,0.001084942503767876
2024-07-31,0.013491284476431413,0.0017100250532013992
2024-08-01,0.07069807712350352,0.0013363889282762497
2024-08-02,0.028476504334371277,0.002386254170102009
2024-08-05,0.07142908841052438,0.0017357572264286164
2024-08-06,0.06173503942712973,0.002174872515034108
2024-08-07,0.049698464232806175,0.002048338241445997
2024-08-08,0.024676957163946984,0.001873669817627673
2024-08-09,0.012302863405501258,0.0014051980379846377
2024-08-12,0.009818937541156541,0.0010556203671597565
2024-08-13,0.0054353067978159236,0.0009621810676476042
2024-08-14,0.009760715308844845,0.0007545768618417118
2024-08-15,0.004243650396401168,0.0009598322471043361
2024-08-16,0.0031621199918825576,0.0006816018440835604
2024-08-19,0.005972800277252279,0.0006039832697333792
2024-08-20,0.004903211286851591,0.0007843939914696031
2024-08-21,0.021783590267955007,0.000723294785696809
2024-08-22,0.014601188357757389,0.0013349918033831037
2024-08-23,0.011415205352184932,0.0011325996393791414
2024-08-26,0.007679470626687488,0.0010236277463473928
2024-08-27,0.004288598834443845,0.000869746761736497
2024-08-28,0.015028744091200632,0.0006845596178755619
2024-08-29,0.0157544088578798,0.0011461136835594502
2024-08-30,0.017371299773721798,0.0011685413767708258
2024-09-03,0.030060980411441472,0.0012164144509754088
2024-09-04,0.01003563435807341,0.0015239203672096577
2024-09-05,0.018141162689167017,0.0007582852841301279
2024-09-06,0.032547309251677314,0.001004119655763895
2024-09-09,0.009712242052929943,0.0013249124758851882
2024-09-10,0.01399828368393416,0.0007465957523163266
2024-09-11,0.08917304498168004,0.0008879399066894186
2024-09-12,0.012852599758305109,0.0021369691286201396
2024-09-13,0.0034897495201462883,0.0008526967859411038
2024-09-16,0.003745224817442252,0.0004594581963853385
2024-09-17,0.012033691200156266,0.0004751156480206057
2024-09-18,0.02272202949353612,0.0008264818233686853
2024-09-19,0.008919940612277055,0.001117284395590876
2024-09-20,0.006661177929982279,0.0007170615856773167
2024-09-23,0.0019012718559483308,0.0006243235174048986
2024-09-24,0.005291972103529128,0.00034446781901100143
2024-09-25,0.0030773916351547626,0.000559771745472853
2024-09-26,0.007619178778405523,0.00043285618644942666
2024-09-27,0.004459486675810026,0.000665408948828452
2024-09-30,0.012008155400632428,0.0005161248703277638
2024-10-01,0.01837003325851653,0.0008256495195068188
2024-10-02,0.007985869190148147,0.0010101083550433448
2024-10-03,0.007200043518357804,0.0006804105914485778
2024-10-04,0.010584762121200937,0.0006299813007447464
2024-10-07,0.007368680684050461,0.0007583193376630238
2024-10-08,0.004712737446201184,0.0006370386683335363
2024-10-09,0.005481000600819299,0.0005137593502696459
2024-10-10,0.003587733418243451,0.0005524831879683837
2024-10-11,0.0037320314173067463,0.0004505695371014631
2024-10-14,0.004886508903102009,0.00045920032743314065
2024-10-15,0.008416676311832951,0.0005227891893217152
2024-10-16,0.0037613856942553705,0.0006791327738055678
2024-10-17,0.002174974915691748,0.0004609347598369332
2024-10-18,0.002840199572997649,0.00035413470031039624
2024-10-21,0.006688494164144206,0.0004026570394459557
2024-10-22,0.004824726400241147,0.0006080320378188168
2024-10-23,0.01694124060896669,0.0005195981126737898
2024-10-24,0.004430060296560756,0.0009509136322593269
2024-10-25,0.013415945236060328,0.000498693098944364
2024-10-28,0.0009054158795406216,0.0008499344997489811
2024-10-29,0.006436288238515119,0.0002322877442303879
2024-10-30,0.0055829204732807175,0.0005968897158555628
2024-10-31,0.005663688566984973,0.0005574030202512596
2024-11-01,0.009301205573721598,0.0005612688193264893
2024-11-04,0.007674836766622507,0.0007125863159177223
2024-11-05,0.004309032383462299,0.000649640171117725
2024-11-06,0.014606235371768856,0.0004920902428250147
2024-11-07,0.0029805587007650696,0.0008854201365070737
2024-11-08,0.003130167543888802,0.0004121122905971726
2024-11-11,0.0032349137727308275,0.0004219396498285337
2024-11-12,0.007699444242064251,0.00042867577929839393
2024-11-13,0.006434850249131201,0.0006506416057507532
2024-11-14,0.005139940190943115,0.0005968255428967852
2024-11-15,0.010255861102573548,0.0005356648275023686
2024-11-18,0.005237129426993315,0.0007468881541291569
2024-11-19,0.009123784307026667,0.0005405149266220838
2024-11-20,0.013838334477856385,0.000706013051613581
2024-11-21,0.02118190860250533,0.0008627072372170604
2024-11-22,0.002264511611281664,0.0010588285423852406
2024-11-25,0.010210403381713407,0.00036107631287868536
2024-11-26,0.0027970711801918145,0.0007452933627461962
2024-11-27,0.0037552440302913445,0.0003997032270700296
2024-11-29,0.0032410658882707226,0.0004605724548534729
2024-12-02,0.0010679661281185885,0.0004290678724166921
2024-12-03,0.001074591116796162,0.00025149642258351016
2024-12-04,0.001911801571549753,0.00025224592810106194
2024-12-05,0.0013590375846308752,0.00033282549573204187
2024-12-06,0.0013961016111403485,0.0002824225859996374
2024-12-09,0.0025026437524057164,0.0002861029584363916
2024-12-10,0.0028904606330013923,0.00037887350255671033
2024-12-11,0.002189526495566772,0.0004060701486720731
2024-12-12,0.0014057439018093877,0.00035527281264333013
2024-12-13,0.0051507681864419,0.000287052080493051
2024-12-16,0.0020972763602176855,0.0005362075259609686
2024-12-17,0.0017925322606302543,0.0003479897320683414
2024-12-18,0.06319331924960489,0.000322667348181451
2024-12-19,0.010770460825872226,0.0017916260032721835
2024-12-20,0.05527206631156183,0.0007646921179662768
2024-12-23,0.01702259066908908,0.001679805401791606
2024-12-24,0.0046671709479656305,0.0009531080855413113
2024-12-26,0.005855393644148515,0.0005113630677814036
2024-12-27,0.01583036859808776,0.0005703314060910662
2024-12-30,0.019545460729008975,0.0009203820609076116
2024-12-31,0.009992129310348903,0.001018645416314038
