date,y_true_rv_gk,y_msar_alt_pred
2020-04-02,0.06391404570983879,0.0037560577485705234
2020-04-03,0.12273837590714795,0.0009169154952909094
2020-04-06,0.6036913367273525,0.0015432991678737903
2020-04-07,0.06742280144682626,0.005501562895746195
2020-04-08,0.15002445715323562,0.0009568627930032778
2020-04-09,0.05291971936558246,0.0018114029044460757
2020-04-13,0.05945451044815301,0.000788707443383617
2020-04-14,0.13188439667633206,0.000865496098560164
2020-04-15,0.11579080181734697,0.0016343910100123835
2020-04-16,0.029746377892125385,0.0014731855236940965
2020-04-17,0.035397093829372485,0.000498066028541589
2020-04-20,0.04493827195672597,0.0005722126087792527
2020-04-21,0.04283057772946365,0.0006922483660339307
2020-04-22,0.026382331007600228,0.0006662161616046892
2020-04-23,0.04040735150383172,0.0004525827951783958
2020-04-24,0.036971707381984284,0.0006359642008275723
2020-04-27,0.016028581604282714,0.0005924337987516944
2020-04-28,0.02178045422323184,0.0003040965145798579
2020-04-29,0.026184000797406327,0.0003883947276926717
2020-04-30,0.03156339730175841,0.00044986592060641215
2020-05-01,0.1209653901482196,0.0005221957765851956
2020-05-04,0.0263829105507969,0.0017511486235036518
2020-05-05,0.04688235665273351,0.0005069392835516691
2020-05-06,0.016633843506756125,0.0008094967946698219
2020-05-07,0.010628569517847283,0.00034823776447719514
2020-05-08,0.012083887645918166,0.00024183955114435974
2020-05-11,0.01974720652836193,0.0002684702889284623
2020-05-12,0.030476429757290327,0.00040043656657996106
2020-05-13,0.08248216222173023,0.0005700980992786447
2020-05-14,0.19338697984282777,0.001282166621379256
2020-05-15,0.02053565363391981,0.0025656664334911474
2020-05-18,0.019511645349958404,0.00041340433386325917
2020-05-19,0.020024420709095936,0.00039654369417025515
2020-05-20,0.0062051992650551824,0.00040500675560240824
2020-05-21,0.018772319232831767,0.00015605105577182053
2020-05-22,0.007595681033132681,0.000384268213520501
2020-05-26,0.055159160150793154,0.00018397120139238248
2020-05-27,0.06064890301771093,0.000924047357356657
2020-05-28,0.02577182377573119,0.0009982462541121544
2020-05-29,0.03792310151553778,0.0004973599847396939
2020-06-01,0.009563633574664825,0.0006811393216445644
2020-06-02,0.00989195447407152,0.00022192247358245612
2020-06-03,0.010180407752036606,0.00024405887810639436
2020-06-04,0.019950766449798863,0.00024980534177645384
2020-06-05,0.016609906545176068,0.00043070662485749874
2020-06-08,0.009063185298171579,0.00037131142185105705
2020-06-09,0.018525945493059904,0.00022736640617302374
2020-06-10,0.015796329691508456,0.0004056272759717424
2020-06-11,0.0758822852635146,0.0003565157229511331
2020-06-12,0.13306962532514469,0.0012703814236244477
2020-06-15,0.0966663234781739,0.002001902071539302
2020-06-16,0.07614994674239162,0.0015454614962612185
2020-06-17,0.010289073295825528,0.001274008358942357
2020-06-18,0.006991388261722004,0.00025196206636935977
2020-06-19,0.04986726910051215,0.00018427348061987863
2020-06-22,0.01737826019710299,0.0009042988134167039
2020-06-23,0.008674836698408466,0.0003851584427942228
2020-06-24,0.06083809369916512,0.0002194455692083785
2020-06-25,0.039274849851024,0.0010622694990424615
2020-06-26,0.027161725997724276,0.0007453302752510871
2020-06-29,0.03477371624871377,0.0005529361381182566
2020-06-30,0.03458599507581506,0.0006753782209680308
2020-07-01,0.009480741841500107,0.0006724247102225025
2020-07-02,0.01848459075149743,0.0002897361469392091
2020-07-06,0.005200188646563212,0.0004958762903402529
2020-07-07,0.019290479667926616,0.00017868489028275157
2020-07-08,0.014097442529514425,0.0005132029681992253
2020-07-09,0.04679889638652583,0.00039872271223108743
2020-07-10,0.02273049719424113,0.001047266203823063
2020-07-13,0.06446717321029,0.0005856594340767825
2020-07-14,0.04527815150661863,0.0013552190583210333
2020-07-15,0.01706935226465894,0.0010197892912117963
2020-07-16,0.004945765662684949,0.00046508516420482715
2020-07-17,0.009760124565596929,0.000171614684872429
2020-07-20,0.016785726957889314,0.0002965881967314481
2020-07-21,0.008733700345470765,0.0004588554846762649
2020-07-22,0.004047770071412954,0.00027121629028020467
2020-07-23,0.028224639213071348,0.00014605659120356203
2020-07-24,0.009197588303626873,0.0006971296682162665
2020-07-27,0.006097817576849187,0.0002827512738186928
2020-07-28,0.007952911772124392,0.0002031164906463278
2020-07-29,0.007634992061884461,0.00025152558816137133
2020-07-30,0.023685309103012628,0.000243401233943286
2020-07-31,0.03336996488846212,0.0006053789466085871
2020-08-03,0.003967146176741785,0.0008879596181277577
2020-08-04,0.0012815920320769056,0.00016301684020372394
2020-08-05,0.0013137006984384036,6.631852064925443e-05
2020-08-06,0.005481098678804253,6.763767391939242e-05
2020-08-07,0.006084116824059206,0.00021085121368344883
2020-08-10,0.008673896226036653,0.00022911666365680515
2020-08-11,0.020139045911167004,0.00030384143181900455
2020-08-12,0.005706922153373511,0.0005940553409569185
2020-08-13,0.006454458247026171,0.00021773720200916088
2020-08-14,0.003446159391114579,0.00024015004326650123
2020-08-17,0.0024536409904324596,0.0001457355587098337
2020-08-18,0.0067676775798018955,0.00011120973822355749
2020-08-19,0.007033349471852222,0.0002493809710140864
2020-08-20,0.006902155999419931,0.00025714240148547456
2020-08-21,0.0031090138016170946,0.00025331729018935516
2020-08-24,0.013106926463154355,0.00013426914785089162
2020-08-25,0.003738502097539115,0.00042203751834301055
2020-08-26,0.007915037533613258,0.00015549352112909952
2020-08-27,0.01177561316464188,0.0002824872433133131
2020-08-28,0.005783040979866524,0.0003875478800009401
2020-08-31,0.004295287982295315,0.00022004566522081868
2020-09-01,0.007813363493539676,0.00014743741965959374
2020-09-02,0.021080317478711683,0.0002387891883679732
2020-09-03,0.1092480213295001,0.000531354704398968
2020-09-04,0.17126594204954076,0.002000883904075936
2020-09-08,0.09459543208344509,0.00287460243037268
2020-09-09,0.033146854494997165,0.0017816353194732477
2020-09-10,0.049914042742634716,0.000765234122060431
2020-09-11,0.0375734493290048,0.0010643039961586262
2020-09-14,0.04122471583310134,0.000846575968010463
2020-09-15,0.012959581637081396,0.0009122721689812614
2020-09-16,0.016274991894844514,0.00035901388211341306
2020-09-17,0.02033959102287298,0.00043135786566959514
2020-09-18,0.04519786423402183,0.0005162559774540017
2020-09-21,0.03343449175803228,0.0009824896027713608
2020-09-22,0.026997744178289672,0.0007705810945544391
2020-09-23,0.03559440501507516,0.0006486010030415918
2020-09-24,0.054203239880001516,0.0008104534502956706
2020-09-25,0.04020979994126511,0.001137413946325802
2020-09-28,0.008119865645144268,0.0008941287543787344
2020-09-29,0.009016503358943157,0.00024630982065684484
2020-09-30,0.029920057937890474,0.0002680038782274448
2020-10-01,0.015086026954052858,0.0007046094320251405
2020-10-02,0.034211423186595376,0.00040577657085635687
2020-10-05,0.005538158926293629,0.0007849793596095306
2020-10-06,0.04562017375849432,0.00018094902972337366
2020-10-07,0.007782008052510107,0.0009898809538371452
2020-10-08,0.0035305775158229824,0.0002380166244949949
2020-10-09,0.00501327761411394,0.000125889360713633
2020-10-12,0.0187113785550091,0.00016699622361764693
2020-10-13,0.00805065902411986,0.00048268359244824424
2020-10-14,0.01731952303327141,0.00024461658922757896
2020-10-15,0.01352282403164068,0.0004535330524720241
2020-10-16,0.01154777875810733,0.00037153624667391686
2020-10-19,0.03668762519370298,0.0003271464437512751
2020-10-20,0.019052724197518512,0.0008304543040560396
2020-10-21,0.01108561534528372,0.0004897673304948188
2020-10-22,0.02032904810586641,0.0003165532767435703
2020-10-23,0.008662764034617507,0.000516040311804041
2020-10-26,0.05299779937034362,0.00025949762015246787
2020-10-27,0.002963663645949571,0.0011169843720636608
2020-10-28,0.14120920663824066,0.00010932710837090935
2020-10-29,0.07176987163614348,0.0024605818209757642
2020-10-30,0.05679976111948854,0.0019031976698468786
2020-11-02,0.030368672891660196,0.0015794264439986517
2020-11-03,0.06670290020309835,0.0009588363335263196
2020-11-04,0.0683761041847179,0.0017953012654806529
2020-11-05,0.010576027770522887,0.0018311086614242473
2020-11-06,0.015320557356718103,0.00041359826833595436
2020-11-09,0.037217547432617876,0.0005557476597940926
2020-11-10,0.02183690074185908,0.0011275820437240736
2020-11-11,0.006147112757004054,0.0007371711987056993
2020-11-12,0.025623571491965383,0.00026837061875089094
2020-11-13,0.011247711589570934,0.0008373897866373369
2020-11-16,0.007948426083358582,0.00043440529942839355
2020-11-17,0.012134891908177606,0.000329383707657326
2020-11-18,0.010841027992173114,0.000461506402104869
2020-11-19,0.012495744441104408,0.00042183841225066965
2020-11-20,0.002440466553329971,0.0004724133114778995
2020-11-23,0.015414230850469602,0.00012850781912700275
2020-11-24,0.012952325746824603,0.0005584545941449787
2020-11-25,0.002545669550493023,0.00048612261415081605
2020-11-27,0.0024215723424456308,0.00013290465749814855
2020-11-30,0.01463388035960146,0.00012771412319877504
2020-12-01,0.006954259089660723,0.0006926323742637403
2020-12-02,0.004358318908785037,0.00039167096106121753
2020-12-03,0.006775009746427847,0.00027379480098774884
2020-12-04,0.0018304020680225646,0.000383911743241345
2020-12-07,0.0033430777060559622,0.000140839325296257
2020-12-08,0.0046466894386207125,0.00022344695904013594
2020-12-09,0.012515004358108614,0.00028757145804285514
2020-12-10,0.009713727221902554,0.0006144021107841516
2020-12-11,0.010026232330960368,0.0005059770707052797
2020-12-14,0.015086685508852882,0.0005184037983074323
2020-12-15,0.009110079290718795,0.000708995655958699
2020-12-16,0.004739127340662453,0.00048170404176207905
2020-12-17,0.0017493106008201564,0.0002919448554906625
2020-12-18,0.013499665730563663,0.00013603307040587216
2020-12-21,0.2421486417660793,0.0006511126646443542
2020-12-22,0.004266505930876541,0.005947668508803603
2020-12-23,0.004984467938050156,0.0002693642568743404
2020-12-24,0.0017129690641096479,0.0003034571088864627
2020-12-28,0.0019754280677636397,0.00013386230621705603
2020-12-29,0.005257812393148103,0.00014931314142076658
2020-12-30,0.002041482241232378,0.0003161285801232775
2020-12-31,0.007569494309665788,0.0001983215330220289
2021-01-04,0.0740412777487809,0.0005188778074108239
2021-01-05,0.010769276168264535,0.002766652638349275
2021-01-06,0.0455454761240123,0.0006721159700174338
2021-01-07,0.007901421786656874,0.0019367535049265557
2021-01-08,0.016578035150326034,0.000535481366946192
2021-01-11,0.006689324407908099,0.0009224513728259858
2021-01-12,0.010786567861725917,0.0004738755983341321
2021-01-13,0.007113512146632179,0.000672907846078085
2021-01-14,0.004961162672637963,0.0004957487350664406
2021-01-15,0.012727313794017257,0.00038054069406773684
2021-01-19,0.005358706639104576,0.0007597855297854038
2021-01-20,0.009316748586365357,0.00040268970614977566
2021-01-21,0.002427057794189111,0.0006043155416288338
2021-01-22,0.004240890565841329,0.00022517146362961268
2021-01-25,0.03410850482458831,0.0003391572373539598
2021-01-26,0.002816067064101691,0.00156641028567885
2021-01-27,0.03841422790848682,0.00025112964827593917
2021-01-28,0.03091274334519427,0.0017092198055293137
2021-01-29,0.04244144227507347,0.0014572976488250989
2021-02-01,0.039309365449289854,0.00183897421860619
2021-02-02,0.03916991881643127,0.002668498408288603
2021-02-03,0.008716587458269115,0.002662418320000796
2021-02-04,0.008704549320747863,0.0010148003160064512
2021-02-05,0.004404788863393922,0.0010139004961486463
2021-02-08,0.003072646152061824,0.0006548068959234235
2021-02-09,0.002188123681103248,0.0005196548160482885
2021-02-10,0.016290258633372506,0.0004179030492689788
2021-02-11,0.010503528960869967,0.0015160156007905188
2021-02-12,0.0031102572840412054,0.0011438412501934474
2021-02-16,0.003954605965531198,0.0005237288613014235
2021-02-17,0.006673536975726394,0.0006110252483268738
2021-02-18,0.011042621179676053,0.0008549259748165921
2021-02-19,0.00395278430012906,0.001181185990589903
2021-02-22,0.006935185200972971,0.0006108445662405688
2021-02-23,0.05996470528681916,0.000876292729805679
2021-02-24,0.021356450838218213,0.0034993530915027942
2021-02-25,0.061453962329825855,0.0018038051283811559
2021-02-26,0.03607130032167256,0.0035548926354867696
2021-03-01,0.08040344649217977,0.0025252408202151326
2021-03-02,0.006911712906679745,0.004224253169587154
2021-03-03,0.013394581153301737,0.0008743878616280736
2021-03-04,0.115750786718,0.0014313324745067663
2021-03-05,0.12237780118542903,0.005323870940617115
2021-03-08,0.02766056499124606,0.005507505566193517
2021-03-09,0.016610886018267986,0.002226219259365233
2021-03-10,0.008644409295693456,0.0016318113448115462
2021-03-11,0.011362507847991154,0.0010962056369325135
2021-03-12,0.004907204236894226,0.0012948420023549316
2021-03-15,0.01489980760168906,0.0007764468904872773
2021-03-16,0.005229251521293533,0.00152725894533882
2021-03-17,0.014065836822911916,0.0008070982616332301
2021-03-18,0.023295475738656524,0.0014746053303200497
2021-03-19,0.016135127684770604,0.00200509488432233
2021-03-22,0.009616212216913866,0.0016031817929634676
2021-03-23,0.015279541766228907,0.0011697004504234118
2021-03-24,0.015301724538558017,0.0015508508126734644
2021-03-25,0.028206887929142103,0.001552221840749745
2021-03-26,0.014465123299303268,0.0022528992593264506
2021-03-29,0.011362832048122818,0.0014999626854208577
2021-03-30,0.004727137864353093,0.001294864505713841
2021-03-31,0.005186089318453672,0.0007589660798708691
2021-04-01,0.0019178462158636962,0.0008030339479851411
2021-04-05,0.004734534295875454,0.0004381103039950481
2021-04-06,0.0025073100044316642,0.0007596891952577746
2021-04-07,0.0014919137641587327,0.0005157985167239429
2021-04-08,0.0018598454269359258,0.00037596556420112015
2021-04-09,0.0031507788685352714,0.00042999147290317247
2021-04-12,0.0018724493398276846,0.0005928018967963905
2021-04-13,0.0032910982580842286,0.0004317640640561821
2021-04-14,0.00598192243147217,0.0006087453842576328
2021-04-15,0.001898257583511622,0.000875989807454282
2021-04-16,0.003446501095416266,0.00043537920132914553
2021-04-19,0.005737626581243304,0.0006260956958907191
2021-04-20,0.01324310365423347,0.0008540219443193391
2021-04-21,0.006061040437577785,0.0014214510986380873
2021-04-22,0.01603316900849464,0.0008830287974641869
2021-04-23,0.013282795141252938,0.0015970035331693752
2021-04-26,0.001420901296517978,0.0014240445576683028
2021-04-27,0.0023569186396963765,0.000364961695601479
2021-04-28,0.003117494220801409,0.000496726537415029
2021-04-29,0.013136446644051964,0.0005889795526075248
2021-04-30,0.00343889580255868,0.001414466986759643
2021-05-03,0.0025438933276639383,0.0006252537974694747
2021-05-04,0.017742217215751716,0.0005203695806562208
2021-05-05,0.002979213077907837,0.0016986332403085178
2021-05-06,0.016354456099494402,0.0005729257033146386
2021-05-07,0.006792307054154768,0.0016164206701037688
2021-05-10,0.005875147713031508,0.0009464714045334129
2021-05-11,0.019383557398939617,0.0008664322746871268
2021-05-12,0.035997245770033416,0.001792688935364647
2021-05-13,0.015321639587498676,0.002613694673348056
2021-05-14,0.007146083870514964,0.0015534520482436529
2021-05-17,0.00671146669141774,0.000976200005310902
2021-05-18,0.0050676763094257265,0.0009395939598937207
2021-05-19,0.015704444312909377,0.0007918152668880738
2021-05-20,0.01117921692657301,0.0015769788182068162
2021-05-21,0.008126643992434008,0.0012820789389705418
2021-05-24,0.005681511057484238,0.0010557310057554767
2021-05-25,0.004428554457663117,0.0008489245654045899
2021-05-26,0.002437780938268447,0.0007293945677301466
2021-05-27,0.0017113888815096438,0.0005070383876743501
2021-05-28,0.0010426520435029558,0.00040874637722975956
2021-06-01,0.004193598910786123,0.0003022513835302312
2021-06-02,0.002684094751990342,0.0007055728199654809
2021-06-03,0.009448633141193867,0.0005376547238566053
2021-06-04,0.009967153457683495,0.0011572417388328534
2021-06-07,0.0017015361509057064,0.0011955195961705265
2021-06-08,0.005540615678865495,0.00040731139829761987
2021-06-09,0.0011406138648234053,0.0008360385003862121
2021-06-10,0.006447971657221597,0.0003192442138130231
2021-06-11,0.0018133775463696862,0.0009169490494618247
2021-06-14,0.0032359438092012436,0.00042341534498032063
2021-06-15,0.0021012523278736432,0.0006025108978646896
2021-06-16,0.013855176380246392,0.0004631731449554595
2021-06-17,0.009675111791309256,0.0014611136673265876
2021-06-18,0.004475154815706863,0.0011740591610319932
2021-06-21,0.009786256124992326,0.0007340600229745842
2021-06-22,0.008078181271994216,0.001182255960361861
2021-06-23,0.0014783288906533335,0.0010518917139468187
2021-06-24,0.000579318917496747,0.000373876607519349
2021-06-25,0.001374092355082863,0.00021130551604998235
2021-06-28,0.002094910623367174,0.00035759051975806826
2021-06-29,0.0013903239539575542,0.00046232118020872513
2021-06-30,0.0013764279587110378,0.0003601575265202489
2021-07-01,0.0009277024381337851,0.0003579606197086448
2021-07-02,0.006455784203726773,0.0002814931580908214
2021-07-06,0.010427602337381993,0.0009176256088125183
2021-07-07,0.006763394924738817,0.0012288625762209302
2021-07-08,0.00968669739740375,0.0009440154171317034
2021-07-09,0.01304409951731996,0.0011749153017449683
2021-07-12,0.0023592468634323726,0.0014084019904861494
2021-07-13,0.0040150767035244984,0.0004970253560420122
2021-07-14,0.005307424817270659,0.0006871221460641811
2021-07-15,0.005277197420954172,0.0008144261235848829
2021-07-16,0.006426739505243511,0.0008115976832675029
2021-07-19,0.060877308671210176,0.0009151087439107202
2021-07-20,0.024156348868102872,0.0035995215485744394
2021-07-21,0.0066261490526034845,0.0020499076072410852
2021-07-22,0.002481164556905431,0.0009323003977617547
2021-07-23,0.005109688857357566,0.0005125156696976476
2021-07-26,0.0005684247823760537,0.0007958072294411107
2021-07-27,0.00984102565284467,0.0002088761823470744
2021-07-28,0.005485667632051814,0.0011862817757575961
2021-07-29,0.0022219037199178826,0.0008309783971766224
2021-07-30,0.0032474337541210656,0.0004791951562144046
2021-08-02,0.005224141782847411,0.0006038130894422776
2021-08-03,0.013871833292723883,0.000806617795787353
2021-08-04,0.0033961175832274157,0.0014621833585850982
2021-08-05,0.001328743936526367,0.0006205046599685758
2021-08-06,0.0007611165338184317,0.00035035512957645314
2021-08-09,0.001377295035372226,0.0002495229256137557
2021-08-10,0.0015624366453219761,0.00035809795425688004
2021-08-11,0.0010173816026280455,0.0003866926985078406
2021-08-12,0.003227017841163417,0.00029776794266409776
2021-08-13,0.00042714853417882555,0.0006014980420327278
2021-08-16,0.008522599394887592,0.0001755101651879459
2021-08-17,0.010830424473415923,0.0010867707741319494
2021-08-18,0.013900182112037437,0.001257563282900163
2021-08-19,0.009966342030636118,0.0014640027394187424
2021-08-20,0.0054467931904101,0.0011954603123827347
2021-08-23,0.012388475556390905,0.0008273865199237903
2021-08-24,0.0007875642319724205,0.001364849967310357
2021-08-25,0.001523175369328437,0.00025476892801933233
2021-08-26,0.0019013154461274215,0.00038074464640510373
2021-08-27,0.0033230139034697596,0.00043580626030160336
2021-08-30,0.002678854265832635,0.0006123343740835591
2021-08-31,0.0013671995381883727,0.0005370150817529006
2021-09-01,0.0012236772073210343,0.00035649684702437445
2021-09-02,0.002804120339576425,0.00033320998516678696
2021-09-03,0.0020861504918241107,0.0005521737817516631
2021-09-07,0.0019010622741560883,0.00046114265628297187
2021-09-08,0.004907286044397162,0.0004357709126786532
2021-09-09,0.00777346267730842,0.0007764547747909324
2021-09-10,0.00874027204159866,0.0010275418051224664
2021-09-13,0.012559943281154692,0.0011035942525625595
2021-09-14,0.008991129011573187,0.0013763255435478212
2021-09-15,0.010456743339146476,0.0011227806591948455
2021-09-16,0.011910155046490256,0.0012309532215726226
2021-09-17,0.005996815695588016,0.0013325051560995362
2021-09-20,0.039536983963424456,0.0008773176024543827
2021-09-21,0.011238791621134754,0.0027673647269617937
2021-09-22,0.024364837962569615,0.0012862362043519146
2021-09-23,0.012491296787047546,0.0020606660656373216
2021-09-24,0.0046578043087329634,0.00137173873405239
2021-09-27,0.002953816389479882,0.000752166011654954
2021-09-28,0.015146431686557278,0.0005699458582787106
2021-09-29,0.006480291323878287,0.0015426074110611932
2021-09-30,0.01832492374657357,0.000919745829289516
2021-10-01,0.04684921596221079,0.0017323993306506543
2021-10-04,0.0293631376117933,0.003068717377324536
2021-10-05,0.02079880551842808,0.00230870820903896
2021-10-06,0.022386786597478975,0.0018713137990028336
2021-10-07,0.007847012579180567,0.0019570848584077676
2021-10-08,0.0034485789205419737,0.0010334528019718613
2021-10-11,0.01782093668414512,0.0006263255827401782
2021-10-12,0.0051930248520672346,0.0017032198510475998
2021-10-13,0.01350574192330892,0.0008036879127271564
2021-10-14,0.004943454502390193,0.0014385560902942629
2021-10-15,0.0023781064798195704,0.0007799355410430272
2021-10-18,0.006550676139621138,0.0004994416816463241
2021-10-19,0.0022893345549583996,0.0009258177765520424
2021-10-20,0.0010441303129228206,0.00048800142360984306
2021-10-21,0.0023330350619426015,0.00030251233287402506
2021-10-22,0.008051336428705948,0.0004936544788060615
2021-10-25,0.006767851046242457,0.0010497611492481448
2021-10-26,0.004460739116606757,0.0009443942166795386
2021-10-27,0.0036532939694429154,0.0007326188139751892
2021-10-28,0.0014374915745472522,0.0006487164573934873
2021-10-29,0.004317375298582866,0.00036755136415373357
2021-11-01,0.0036995070752148776,0.0007181855200912234
2021-11-02,0.001446362015556298,0.0006537025537250919
2021-11-03,0.005658636214999906,0.0003689312060841689
2021-11-04,0.0012678689685496675,0.0008468410361211626
2021-11-05,0.007727981002965947,0.00034048880186938015
2021-11-08,0.002096356138067365,0.0010238756307006474
2021-11-09,0.006172108976600017,0.0004625154638563484
2021-11-10,0.014905391724233795,0.0008928500668448279
2021-11-11,0.0004492624652958522,0.0015276075628110049
2021-11-12,0.006089644783032056,0.00018099003057477778
2021-11-15,0.0031864837580785395,0.0008855648240535905
2021-11-16,0.004691707768162065,0.0005968846717015689
2021-11-17,0.0013518475864039766,0.0007554960887057215
2021-11-18,0.007636676882511118,0.00035405320020250486
2021-11-19,0.003170807942355977,0.0010164902523235831
2021-11-22,0.016941220426792743,0.0005950943907528293
2021-11-23,0.012085811767613135,0.0016515014988537557
2021-11-24,0.005982764022054932,0.0013444413286145711
2021-11-26,0.017085435564789857,0.0008760648730959048
2021-11-29,0.01351783945081825,0.0016600505674565884
2021-11-30,0.02626888689803843,0.0014393408251895561
2021-12-01,0.06642745905963056,0.002157307850221757
2021-12-02,0.025764685911322596,0.0037959912384012543
2021-12-03,0.06350366964891156,0.0021319910447875723
2021-12-06,0.028222468984241248,0.00369332791226832
2021-12-07,0.05461039659157977,0.002253657191921354
2021-12-08,0.005473357747015436,0.0033690465611817895
2021-12-09,0.005565788405813709,0.0008298420818358307
2021-12-10,0.010048764438914679,0.0008383500728545857
2021-12-13,0.004754034666196687,0.0012014725870814252
2021-12-14,0.017683159048869596,0.0007615935439067287
2021-12-15,0.036468575783745606,0.0016951869760519916
2021-12-16,0.020793285051649686,0.0026344867836113257
2021-12-17,0.0251164262045297,0.0018710112466339755
2021-12-20,0.0110118654221919,0.0020991543704869495
2021-12-21,0.019303311627607886,0.0012703541595418066
2021-12-22,0.005127785967715247,0.0017881647588509385
2021-12-23,0.0056654006651780985,0.0007975228309582568
2021-12-27,0.004026111935354327,0.000847457510735402
2021-12-28,0.0038715853725514626,0.0006882718406946053
2021-12-29,0.0037488293150094525,0.0006720583746237292
2021-12-30,0.004792029757520114,0.0006589973218295344
2021-12-31,0.00247044572277679,0.0007652952845826288
2022-01-03,0.008052813708658329,0.0005111658977314896
2022-01-04,0.0095000601441578,0.0010498784670053929
2022-01-05,0.019388150829965256,0.001161074213059699
2022-01-06,0.016703499826214975,0.001792947686663859
2022-01-07,0.01042078551853199,0.0016373470709770165
2022-01-10,0.04592710885093446,0.001228373191830579
2022-01-11,0.026210164516393086,0.003031784531886402
2022-01-12,0.010162106998484308,0.0021543691315282208
2022-01-13,0.025193943472917407,0.0012097089361892287
2022-01-14,0.010207498758052819,0.0021030981926026455
2022-01-18,0.008109642143643318,0.0012129973738741443
2022-01-19,0.021187888177997802,0.0010543851146981504
2022-01-20,0.10175959050969867,0.0018925593006675343
2022-01-21,0.036967874492344906,0.0049220815223668495
2022-01-24,0.23047007213767062,0.00265639844541645
2022-01-25,0.10495886234127721,0.00809852374989934
2022-01-26,0.12499431507947315,0.005015768699629358
2022-01-27,0.07253190603521265,0.00557893357854
2022-01-28,0.09022333762936792,0.004004809030990025
2022-01-31,0.032883235456985155,0.0045742405111724995
2022-02-01,0.02535673963001487,0.0024735468161019426
2022-02-02,0.014005496478482206,0.0021113653148866728
2022-02-03,0.02374741710952817,0.0014707489779574375
2022-02-04,0.04753837751148221,0.0020286998993819727
2022-02-07,0.014103943456091471,0.0030961348646178946
2022-02-08,0.019546331101775484,0.0014770373947383948
2022-02-09,0.002465857538333797,0.0018018435292890518
2022-02-10,0.06603408943433327,0.000510587429951597
2022-02-11,0.06263774599728737,0.0037822831743828966
2022-02-14,0.025275288866929216,0.0036625700683303084
2022-02-15,0.003359940931930464,0.002107231680091498
2022-02-16,0.020331973878972658,0.0006164701348667531
2022-02-17,0.0475338691046717,0.001845616734319211
2022-02-18,0.02619409712521961,0.003095956009792599
2022-02-22,0.060308312454044846,0.002153564602380771
2022-02-23,0.036738291376085815,0.0035789915560983285
2022-02-24,0.06983780569425735,0.002646337679939524
2022-02-25,0.03269089066697161,0.003913532941716592
2022-02-28,0.026632632087333186,0.002464723789617337
2022-03-01,0.05496625614468381,0.002175454325091124
2022-03-02,0.02843408506098576,0.0033824018262122806
2022-03-03,0.02369252298019795,0.0022639350069301447
2022-03-04,0.020387823504604063,0.0020258421923474517
2022-03-07,0.03737224443454931,0.0018487030711165434
2022-03-08,0.09751375458930425,0.002674059508016407
2022-03-09,0.028291192221020164,0.00479594885202441
2022-03-10,0.020470885551847333,0.002256998249420792
2022-03-11,0.02472515063976609,0.0018532871029778007
2022-03-14,0.046379005534323337,0.002079174476405559
2022-03-15,0.027726651827714235,0.003049920059168151
2022-03-16,0.06351799979058192,0.0022294575306546975
2022-03-17,0.01246826668916251,0.003693835538874399
2022-03-18,0.01655733314254184,0.0013701977070146463
2022-03-21,0.021393851461633973,0.001628604869329787
2022-03-22,0.007216205408193136,0.001903743977404178
2022-03-23,0.00971954514375269,0.000982023533711651
2022-03-24,0.010687195619812899,0.0011773404758791842
2022-03-25,0.011725853540081222,0.0012474069510249317
2022-03-28,0.014013851460322047,0.0013199073376157344
2022-03-29,0.013189111711442339,0.0014712833317933154
2022-03-30,0.012150363131946448,0.0014179183586328142
2022-03-31,0.01677456399005992,0.00134881063982523
2022-04-01,0.011473299253569737,0.0016415865975164736
2022-04-04,0.006849908424859104,0.0013025177015646532
2022-04-05,0.030929837262491905,0.000951352298830387
2022-04-06,0.01880035030810533,0.00238297648572086
2022-04-07,0.0273909343688531,0.0017596389922002911
2022-04-08,0.013713967462701265,0.0022129758294547872
2022-04-11,0.011533176335922404,0.001452025079623613
2022-04-12,0.04210497465009787,0.0013066539613368427
2022-04-13,0.011498044535688224,0.0028754990875019906
2022-04-14,0.015540721460523705,0.0013042281059317364
2022-04-18,0.01058902355191177,0.001566944337759787
2022-04-19,0.0168238745341433,0.0012404148340042227
2022-04-20,0.00822663138854847,0.0016445242275647423
2022-04-21,0.05234426107192074,0.0010636239970017926
2022-04-22,0.04621509396045606,0.0032831870228213897
2022-04-25,0.05552127738746847,0.003043349973723501
2022-04-26,0.018641582954563373,0.0034031642814826885
2022-04-27,0.04491478641051751,0.001750572654733692
2022-04-28,0.08537748338499716,0.0029909028919371515
2022-04-29,0.07969277217489122,0.004422983437250357
2022-05-02,0.08555112472122996,0.004241193872963939
2022-05-03,0.02151652965082953,0.00442846048564967
2022-05-04,0.10224311675146139,0.0019103859213877303
2022-05-05,0.11138054013020884,0.004936314142998515
2022-05-06,0.06155388565864145,0.005200516876789011
2022-05-09,0.047804178249499056,0.0036238358063544482
2022-05-10,0.08204961954592345,0.003106667864256496
2022-05-11,0.0984707983285927,0.004317158444634425
2022-05-12,0.08812163990534662,0.004824564551337066
2022-05-13,0.02993540881663831,0.004509038846075437
2022-05-16,0.03182318853931951,0.0023360118060941903
2022-05-17,0.025606273829886988,0.0024246665204404718
2022-05-18,0.056844780813231084,0.002123997012709186
2022-05-19,0.04035820734456596,0.0034523497234715114
2022-05-20,0.21841158485850892,0.0028022360440300566
2022-05-23,0.03339484747257695,0.00783772423745713
2022-05-24,0.054157006513221126,0.0024969172708358134
2022-05-25,0.030013897489427805,0.0033519816296133124
2022-05-26,0.03076215820686406,0.0023397406008989004
2022-05-27,0.012837215473040854,0.0023750992104833338
2022-05-31,0.030287476468083517,0.0013947534048007657
2022-06-01,0.046650334721918596,0.002352707941214452
2022-06-02,0.04401795969829009,0.003060775863839908
2022-06-03,0.013260366886096811,0.0029543835556518944
2022-06-06,0.02195756331592551,0.001422579458561796
2022-06-07,0.02156569924193809,0.0019341427071703477
2022-06-08,0.017650951379047944,0.001913043864429604
2022-06-09,0.04389768866168957,0.0016933056426668678
2022-06-10,0.013379399329082584,0.0029494640192670924
2022-06-13,0.04794360694907599,0.001430344090767471
2022-06-14,0.042461980974038985,0.0031121839097322506
2022-06-15,0.12008078029019065,0.0028903253693155968
2022-06-16,0.033227555321301123,0.005444305794015179
2022-06-17,0.04887069151495179,0.0024892908590692
2022-06-21,0.012993295407861158,0.0031487028398312924
2022-06-22,0.05557339131324173,0.0014050582201841613
2022-06-23,0.03009214153429619,0.0034051096039811974
2022-06-24,0.015102975436388342,0.0023434539821544443
2022-06-27,0.008892238009207968,0.0015399100746345087
2022-06-28,0.07418973917558495,0.0011152424386850462
2022-06-29,0.012378557129170948,0.004060318039248878
2022-06-30,0.057589951769689784,0.0013641842776170978
2022-07-01,0.04026097493022682,0.003479845545530421
2022-07-05,0.04786341628182249,0.0027981218705914767
2022-07-06,0.03295247358996996,0.0031090121926961433
2022-07-07,0.026558048225670094,0.002476717889935154
2022-07-08,0.019474040072997568,0.0021717414298484177
2022-07-11,0.007921658626444393,0.0017977814856750193
2022-07-12,0.03896063925202404,0.0010394297910480436
2022-07-13,0.0368801322187614,0.002742722317319488
2022-07-14,0.044729555470990306,0.002652556304777561
2022-07-15,0.014668002467623266,0.00298338370145592
2022-07-18,0.033322298179411874,0.0015127419346707056
2022-07-19,0.021931557645073745,0.0024936117764597205
2022-07-20,0.01891859445182394,0.0019327470877466362
2022-07-21,0.028656969355240286,0.0017663718376023517
2022-07-22,0.035194926622061834,0.002274727821371874
2022-07-25,0.008569415900938336,0.002578054958791
2022-07-26,0.008348064059059765,0.0010904031730471595
2022-07-27,0.03441450532759659,0.0010731596276871503
2022-07-28,0.0477824986502806,0.002543081961532448
2022-07-29,0.018114393295518238,0.003105809616419941
2022-08-01,0.017211558124738634,0.0017202488332840192
2022-08-02,0.027985679294010593,0.0016675040140202942
2022-08-03,0.013992303868926212,0.0022421209594539943
2022-08-04,0.005145711076223668,0.0014699049735052733
2022-08-05,0.00703437941574107,0.0007992197951913293
2022-08-08,0.021660402743248177,0.0009668767050867076
2022-08-09,0.00432875549548204,0.0019181565521792928
2022-08-10,0.0076072199431333155,0.0007193380099019545
2022-08-11,0.01837187736734802,0.0010141001951038675
2022-08-12,0.012871538770121748,0.0017351017430973822
2022-08-15,0.006322515465210482,0.0013970237028184704
2022-08-16,0.014026224866087013,0.000906040385172281
2022-08-17,0.0167065282438249,0.0014720744604909408
2022-08-18,0.006116803571479934,0.0016375278831411437
2022-08-19,0.007104188867221339,0.0008879683833950203
2022-08-22,0.00935265522239643,0.0009727100037207939
2022-08-23,0.009640399659588843,0.001150067334249545
2022-08-24,0.008820409681570066,0.0011714916388188053
2022-08-25,0.0115104891075294,0.001109746578966105
2022-08-26,0.04666236081657701,0.0013050877361915274
2022-08-29,0.016549160021630184,0.0030612564524804546
2022-08-30,0.03240372480813476,0.001628115147828604
2022-08-31,0.01665902404797181,0.002451513378398123
2022-09-01,0.029196254624774064,0.001634690159674149
2022-09-02,0.061294770648967496,0.002300706991609376
2022-09-06,0.023181814647776876,0.0036145363518689344
2022-09-07,0.023163994214330144,0.001999130246886154
2022-09-08,0.020917709191819824,0.0019981940413775186
2022-09-09,0.010735192547902072,0.0018778227837811842
2022-09-12,0.005232251743581539,0.001250816298454645
2022-09-13,0.052715637748115565,0.0008073802853445525
2022-09-14,0.02097256453949934,0.003297355869739063
2022-09-15,0.037072445204059536,0.0018808207799413585
2022-09-16,0.013307054709690042,0.0026609728328496045
2022-09-19,0.008499013397050989,0.0014256281968966238
2022-09-20,0.02010197913502912,0.001084937829807364
2022-09-21,0.07125511883531765,0.0018328717865579958
2022-09-22,0.017218502863403984,0.003961719761471161
2022-09-23,0.045340271092519056,0.0016679138049705028
2022-09-26,0.045113658323547044,0.003008129095815274
2022-09-27,0.06993551207579866,0.0029989623380978245
2022-09-28,0.06054482629971556,0.003916867026547411
2022-09-29,0.0405690795777265,0.003587534384064893
2022-09-30,0.05979767951506972,0.0028111453440546235
2022-10-03,0.06053429564550174,0.0035605028187648655
2022-10-04,0.09733359176867794,0.003587154296946715
2022-10-05,0.05535806461545354,0.00479054970982655
2022-10-06,0.02850052760052164,0.0033970672084871908
2022-10-07,0.11484671221864422,0.002267155829086632
2022-10-10,0.02983657141431492,0.005298504083886728
2022-10-11,0.052090633324774954,0.002331310854791914
2022-10-12,0.010201580066433808,0.0032734879699839667
2022-10-13,0.15665872175686524,0.0012125689146820742
2022-10-14,0.08055229660472693,0.006401517090716946
2022-10-17,0.10396063171461675,0.004268998016567469
2022-10-18,0.04623354403305131,0.004986657950721988
2022-10-19,0.03661804975339253,0.0030440899644108925
2022-10-20,0.055269555772579616,0.0026410586603065516
2022-10-21,0.057340506648643305,0.003393757881397348
2022-10-24,0.036848030340763324,0.003470656921012021
2022-10-25,0.012306594031610371,0.002651149705180975
2022-10-26,0.03297955065683171,0.0013593481096620967
2022-10-27,0.0213510957979503,0.0024779572982667774
2022-10-28,0.02733928910843924,0.0019014256382109194
2022-10-31,0.008267630226178753,0.002210433367592191
2022-11-01,0.021952228157081952,0.0010668495886164227
2022-11-02,0.11125869752993674,0.0019338564434242347
2022-11-03,0.026572919869318763,0.0051970509192337516
2022-11-04,0.07042407325285757,0.00217248208732288
2022-11-07,0.01899122771003853,0.003933511212583546
2022-11-08,0.04690038873387973,0.0017704994353468896
2022-11-09,0.027132609726752632,0.003070758620883959
2022-11-10,0.04505490251622378,0.0022002398323208434
2022-11-11,0.021145056862520346,0.0029965826591712773
2022-11-14,0.021351754240984313,0.0018902280501207802
2022-11-15,0.044239496724793985,0.0019014613547003463
2022-11-16,0.0060755516854572676,0.002963431519949625
2022-11-17,0.009883042534258072,0.0008843159303963847
2022-11-18,0.016528195701265326,0.0011893642784753034
2022-11-21,0.00809366212204901,0.0016268585638296047
2022-11-22,0.012730450994629775,0.001053119107089522
2022-11-23,0.005275294979576395,0.00138767630240926
2022-11-25,0.001311210066073403,0.0008114194563304283
2022-11-28,0.01961966352317332,0.00034753178098633543
2022-11-29,0.012483482461615555,0.0018059580933988502
2022-11-30,0.06865530122769409,0.0013712159738947158
2022-12-01,0.019797832368305714,0.0038730360764845464
2022-12-02,0.012219119731456415,0.0018159298945275388
2022-12-05,0.02424671489984508,0.001353454624515223
2022-12-06,0.03673997727983623,0.002054575115639194
2022-12-07,0.010912836209878235,0.002646411648844119
2022-12-08,0.01273541701631884,0.00126338328767603
2022-12-09,0.014377733043824783,0.0013880059985679203
2022-12-12,0.010135340570991316,0.001494436451475099
2022-12-13,0.06012542041059677,0.0012077671324954035
2022-12-14,0.06325102143140382,0.003572376553676342
2022-12-15,0.030698905648504426,0.0036843708111965693
2022-12-16,0.023846838597392197,0.0023721233558556985
2022-12-19,0.01868343472298739,0.0020338690699419205
2022-12-20,0.015579139442776132,0.0017529655007773668
2022-12-21,0.013093366948727527,0.0015693026499708598
2022-12-22,0.11029667256823525,0.0014116397627121217
2022-12-23,0.014897780181074467,0.005169632676338773
2022-12-27,0.009322582346032338,0.0015271323605781592
2022-12-28,0.027633480439886324,0.0011478134554240862
2022-12-29,0.014310155501376792,0.0022248912361171797
2022-12-30,0.012845704158993148,0.0014901540924757873
2023-01-03,0.05544268855370839,0.0013953151054822087
2023-01-04,0.02948584490886473,0.0034002293462788817
2023-01-05,0.004583886282639235,0.002314580084042673
2023-01-06,0.06298773001807012,0.0007448725826820567
2023-01-09,0.02596652382181173,0.003675021484097356
2023-01-10,0.008882295876552445,0.0021421487174146004
2023-01-11,0.007700347747896153,0.001114482765663161
2023-01-12,0.029635097899885398,0.0010216440576047258
2023-01-13,0.011850168405473116,0.002321709382807601
2023-01-17,0.007657931429778121,0.0013284132248448518
2023-01-18,0.027649312545532156,0.0010182125517545176
2023-01-19,0.011806579663364606,0.0022256675855768923
2023-01-20,0.027005392331703536,0.0013254347794294354
2023-01-23,0.02861243805539856,0.0021939503105904003
2023-01-24,0.008668948235781137,0.002272574094993871
2023-01-25,0.02884234558955159,0.001098100011288039
2023-01-26,0.017034742711068026,0.002283679396286951
2023-01-27,0.01462111967036241,0.0016570487234474562
2023-01-30,0.015329917976288477,0.0015097949830405234
2023-01-31,0.008569724531077674,0.00155396324321772
2023-02-01,0.07872778960772912,0.0010904270932667846
2023-02-02,0.019434538691809743,0.004209838277666264
2023-02-03,0.02508292296017604,0.0017955594070241387
2023-02-06,0.007638057970812162,0.0020974483640028804
2023-02-07,0.03615336000713436,0.001016602221607036
2023-02-08,0.012160673744455161,0.002620593171569975
2023-02-09,0.02655229972102984,0.0013495076966503032
2023-02-10,0.006167499466999446,0.0021714550916943835
2023-02-13,0.006975380733450232,0.0008924438507916231
2023-02-14,0.03065976514601852,0.0009619290920100252
2023-02-15,0.008106019994434093,0.002370280705038546
2023-02-16,0.01685952354567546,0.0010540982376327104
2023-02-17,0.00831352533950368,0.0016466458887278244
2023-02-21,0.012752320370934904,0.0010704529876592258
2023-02-22,0.01277746475499299,0.0013891278425663572
2023-02-23,0.027498881633347693,0.001390795553431673
2023-02-24,0.009928249606056216,0.0022182839579767775
2023-02-27,0.013508820136395224,0.0011926751092776453
2023-02-28,0.007222179346502627,0.0014387557919604574
2023-03-01,0.008566282319160784,0.0009825186389187499
2023-03-02,0.016183350652500192,0.001090160287339125
2023-03-03,0.010841543089485655,0.0016060985811471057
2023-03-06,0.008857846348794267,0.001258349499116002
2023-03-07,0.01594956429328948,0.0011126131752324305
2023-03-08,0.007565241429236274,0.001591925977001753
2023-03-09,0.054737035893673736,0.001010687910107667
2023-03-10,0.04851296623003484,0.0033738031709251125
2023-03-13,0.07209667821240288,0.003134643989218935
2023-03-14,0.03292689515125084,0.0039901544359013975
2023-03-15,0.020718492741912575,0.0024755467131444735
2023-03-16,0.03042637643923947,0.0018669091116116567
2023-03-17,0.021515170779236953,0.002359274116398269
2023-03-20,0.00830731822387866,0.0019103124316559284
2023-03-21,0.009984813054342729,0.0010699660990654016
2023-03-22,0.05940230503640306,0.0011968093595461338
2023-03-23,0.06229762218308168,0.0035461448759096697
2023-03-24,0.02430427147902203,0.003650443366895266
2023-03-27,0.0073762107377594935,0.0020575444340839226
2023-03-28,0.006310441687496514,0.000995229630286581
2023-03-29,0.005487049036660748,0.0009049861025755479
2023-03-30,0.005112116476833248,0.0008311058512646787
2023-03-31,0.007016016580913224,0.0007960375049319584
2023-04-03,0.0038827612426986687,0.0009653385475275986
2023-04-04,0.011415227132787585,0.0006732393714764908
2023-04-05,0.005984152934597187,0.001298498059122195
2023-04-06,0.007527585091808202,0.0008761887480735587
2023-04-10,0.0052231493520532015,0.0010076206569201041
2023-04-11,0.0036585583525751593,0.0008065244567750285
2023-04-12,0.008333889199497041,0.0006492856896930192
2023-04-13,0.014948973882631564,0.0010720493399742695
2023-04-14,0.018658817411549775,0.0015303266505350061
2023-04-17,0.0046929647577972225,0.0017515582770055666
2023-04-18,0.005285244295931913,0.0007556193719980515
2023-04-19,0.0041775106125567585,0.0008123512632476366
2023-04-20,0.008475854012681918,0.0007039228153647498
2023-04-21,0.00468950304656297,0.0010831361032641103
2023-04-24,0.004297765671853205,0.0007552798223723837
2023-04-25,0.008117395984780845,0.0007161968335092835
2023-04-26,0.009315263369076518,0.0010549990566988345
2023-04-27,0.009600056598651811,0.0011472644885736748
2023-04-28,0.0037634774424775545,0.0011685030734784226
2023-05-01,0.004011417200349897,0.0006605645524257666
2023-05-02,0.02767148549665275,0.0006867406117377294
2023-05-03,0.02131073523381863,0.0022267545752366006
2023-05-04,0.007635322480366979,0.0018992355027955816
2023-05-05,0.011248937991830384,0.0010163804388852273
2023-05-08,0.002817773083339177,0.0012869433831470235
2023-05-09,0.0014361539186324996,0.0005538097713429101
2023-05-10,0.023294622564612552,0.0003673429965690195
2023-05-11,0.0044909836625090516,0.002005050154405824
2023-05-12,0.013635867965455305,0.0007356404226898165
2023-05-15,0.007250503700921289,0.001446982675610545
2023-05-16,0.0034590399275446185,0.0009848639158570485
2023-05-17,0.015388734820475302,0.0006274821483607021
2023-05-18,0.007607705479689698,0.0015575921132845697
2023-05-19,0.006819861553599473,0.0010141396195325954
2023-05-22,0.006624410489387167,0.0009488082655445156
2023-05-23,0.013438366379330003,0.0009321513925606718
2023-05-24,0.0054207744179191435,0.0014341805785306916
2023-05-25,0.01031923913796987,0.0008249768667539351
2023-05-26,0.00969852930999378,0.0012210682221356092
2023-05-30,0.008620850414750438,0.0011757892307352575
2023-05-31,0.006396015517829684,0.0010943849430771015
2023-06-01,0.019180568140216524,0.0009124415162591895
2023-06-02,0.009636617259910487,0.0017812303545415575
2023-06-05,0.006524472923282994,0.0011712116511660687
2023-06-06,0.0036436505500623147,0.0009235602752060339
2023-06-07,0.006576882316983704,0.0006476728921105128
2023-06-08,0.006491535809096734,0.0009280720053211063
2023-06-09,0.0066183959091679545,0.0009207175907769629
2023-06-12,0.004972637067871166,0.000931635789329473
2023-06-13,0.003912841790417124,0.0007827367508599672
2023-06-14,0.019788532599319765,0.0006764115149599225
2023-06-15,0.01846154826121798,0.001815410272594741
2023-06-16,0.007593545346445845,0.001740255255785873
2023-06-20,0.007333445720223686,0.0010129894456706438
2023-06-21,0.003933463382663217,0.0009917110635076069
2023-06-22,0.0027020427800776,0.0006785806591148714
2023-06-23,0.004451541890406151,0.0005398417308011144
2023-06-26,0.007137887322970833,0.0007316983702283207
2023-06-27,0.008700404250994567,0.0009755178346174699
2023-06-28,0.0051667212281750535,0.0011005253120392664
2023-06-29,0.002599567864914438,0.0008012058808263314
2023-06-30,0.00485802178320352,0.0005272770767600648
2023-07-03,0.0009728565856204671,0.0007716975241316771
2023-07-05,0.0018039138069322694,0.0002897609787987786
2023-07-06,0.00602475010853241,0.0004220679995197385
2023-07-07,0.012229668554433555,0.0008798045977724205
2023-07-10,0.0022073280023286275,0.001354166212372367
2023-07-11,0.006047681243708704,0.0004772779479559769
2023-07-12,0.00411320943058832,0.0008818427852113267
2023-07-13,0.004035384056632122,0.0006973031754395505
2023-07-14,0.004434284910427172,0.0006892368954224497
2023-07-17,0.0036369692395429604,0.0007299693107279025
2023-07-18,0.0077623043788386204,0.0006469492390428299
2023-07-19,0.003255031110016064,0.0010266431379840377
2023-07-20,0.006338147269291375,0.0006046731326772684
2023-07-21,0.0009516484367004592,0.0009074041864322482
2023-07-24,0.0042705382078536015,0.0002858968359060543
2023-07-25,0.003918562052039333,0.0007134297016720628
2023-07-26,0.007416582306856458,0.0006770136647957524
2023-07-27,0.01782305963948952,0.000998543961941431
2023-07-28,0.016516601956498806,0.0017033434358109032
2023-07-31,0.0026176665402062966,0.0016261633768309641
2023-08-01,0.0018533754587708312,0.000529510078492209
2023-08-02,0.006106537729305531,0.00042907972495708526
2023-08-03,0.006997940449579254,0.0008870603452456854
2023-08-04,0.020012574115554838,0.0009638228678607051
2023-08-07,0.0032487377476199428,0.0018279021194226213
2023-08-08,0.018294848536996405,0.0006039607612426805
2023-08-09,0.006100578453327892,0.0017306669318068696
2023-08-10,0.028203436863774245,0.0008865329593851709
2023-08-11,0.005751353098181237,0.0022527313618496197
2023-08-14,0.0031229855511606774,0.0008552658521743236
2023-08-15,0.006387064239534573,0.0005896112610971879
2023-08-16,0.009975225118110127,0.0009116634914593312
2023-08-17,0.009137986617566863,0.001196109218222593
2023-08-18,0.008786162721539563,0.001133915728735947
2023-08-21,0.013466544821993715,0.0011071200564939352
2023-08-22,0.003882387596992646,0.001436011587611864
2023-08-23,0.006360052730955331,0.000673199908395978
2023-08-24,0.014791041923866152,0.000909313124647556
2023-08-25,0.025211364255341186,0.001520458471645749
2023-08-28,0.007464201262169604,0.002103983851271431
2023-08-29,0.010207554218656208,0.001002444221581623
2023-08-30,0.004111380029567834,0.0012130013882557438
2023-08-31,0.0035975952974639357,0.0006971142538919597
2023-09-01,0.007966215674491234,0.0006426740427065218
2023-09-05,0.0011541201289981013,0.001042987029630101
2023-09-06,0.011670699900096665,0.0003215414881290814
2023-09-07,0.0035123528982193225,0.0013161223270808321
2023-09-08,0.004030985745777122,0.0006333553073024635
2023-09-11,0.003305269370547274,0.0006887792215551404
2023-09-12,0.005768499132043894,0.000610340630982878
2023-09-13,0.00433259316591745,0.0008568180104461939
2023-09-14,0.006242456953706042,0.0007197263894943951
2023-09-15,0.006239944223025622,0.0008990348876390515
2023-09-18,0.0035496050732879694,0.0008988144452533848
2023-09-19,0.007250225060285362,0.0006374384835273883
2023-09-20,0.008942928132078634,0.000984840861672721
2023-09-21,0.005436780319340815,0.0011191104941576258
2023-09-22,0.009247490013105882,0.0008264597406322284
2023-09-25,0.0036544951655890262,0.0011421730488240206
2023-09-26,0.010402220495039515,0.000648846369707888
2023-09-27,0.019614802436297058,0.001227039760384832
2023-09-28,0.015016376389384073,0.0018056855318878513
2023-09-29,0.014909131465735597,0.0015345257940756407
2023-10-02,0.011616618546147251,0.0015278410067993118
2023-10-03,0.029731744676503837,0.001312404108529638
2023-10-04,0.013058674219045496,0.0023263183792867287
2023-10-05,0.012395569093989664,0.0014093603123556428
2023-10-06,0.046265806501940634,0.0013653259326496098
2023-10-09,0.011803969719298214,0.0030453836617342143
2023-10-10,0.013330691430042705,0.0013252563040864892
2023-10-11,0.0074649958811884125,0.0014271700921721336
2023-10-12,0.019380392739341005,0.0010025092226948608
2023-10-13,0.02185278399101341,0.0017925106538503102
2023-10-16,0.005936562665118611,0.0019285156708291657
2023-10-17,0.0162146047293582,0.0008719378160523272
2023-10-18,0.016770214180907395,0.0016079871838993915
2023-10-19,0.023550165972506556,0.0016413272997524697
2023-10-20,0.008465033755749255,0.002018419212407552
2023-10-23,0.0310218447187837,0.0010822936621636033
2023-10-24,0.01121253928991998,0.0023872917452701136
2023-10-25,0.006785331683252543,0.0012844053178370915
2023-10-26,0.015465154354632707,0.0009458792450441454
2023-10-27,0.014525229190162019,0.0015622989426870703
2023-10-30,0.012257565127049043,0.001503755985388703
2023-10-31,0.01128176706715323,0.001356046865399269
2023-11-01,0.01013912027704469,0.0012892297878969177
2023-11-02,0.0037743612305334174,0.0012080414573993846
2023-11-03,0.005933212666663507,0.0006617274857346328
2023-11-06,0.004039211279510961,0.000871638081388442
2023-11-07,0.005500100402059399,0.000689634985105453
2023-11-08,0.006811584722239162,0.0008323094056666179
2023-11-09,0.006261055278989281,0.0009481067067589464
2023-11-10,0.022340877389351716,0.0009006654454970443
2023-11-13,0.005050331068723721,0.0019546392557497566
2023-11-14,0.007068290834992553,0.0007901633803138703
2023-11-15,0.004051257424610965,0.0009697131659564806
2023-11-16,0.0032243841686497854,0.0006908870070429417
2023-11-17,0.0026734387671932857,0.0006011989823163884
2023-11-20,0.0064416452983326565,0.0005363535639052669
2023-11-21,0.00288693720228242,0.0009164009577688846
2023-11-22,0.0037705174921880314,0.0005620504778421683
2023-11-24,0.00033580968488778815,0.0006613169320060065
2023-11-27,0.0011975418270371572,0.00015158605193325145
2023-11-28,0.004331774743080405,0.00032885685961472514
2023-11-29,0.007252157470251711,0.0007196435748216127
2023-11-30,0.006720910763319503,0.0009850007383884272
2023-12-01,0.006982439183054522,0.0009403990726020082
2023-12-04,0.01324528282559815,0.0009625218707228643
2023-12-05,0.0036377411280976483,0.0014215935654026345
2023-12-06,0.004751064142611222,0.0006470328688635735
2023-12-07,0.0032889465258677687,0.0007613036487475103
2023-12-08,0.004023852486743467,0.0006085029284657574
2023-12-11,0.0019007799397475534,0.0006880365426766154
2023-12-12,0.004865318111665291,0.0004357314912544587
2023-12-13,0.009336680521608803,0.0007724032866835115
2023-12-14,0.011271222585343146,0.0011488704279677406
2023-12-15,0.006112316209335396,0.0012884956936758348
2023-12-18,0.004983894393871844,0.0008875715388870559
2023-12-19,0.0011109300748790366,0.0007838156136256866
2023-12-20,0.022697086382558806,0.00031415760829602067
2023-12-21,0.008918671792979473,0.0019735635516317028
2023-12-22,0.0075903630049759365,0.0011172606167920995
2023-12-26,0.0026639532359104888,0.0010127308408089753
2023-12-27,0.0012518972633078973,0.000535193616907953
2023-12-28,0.0009064154352150151,0.0003378697265845963
2023-12-29,0.007165896536287164,0.0002775410218829972
2024-01-02,0.0056127323337902164,0.0009778476839550256
2024-01-03,0.0040221075156675855,0.0008426499734875175
2024-01-04,0.008294579765772483,0.0006878547867835926
2024-01-05,0.009151243671930088,0.001068966443787776
2024-01-08,0.006908276704954483,0.0011349174530636875
2024-01-09,0.005454871372154041,0.0009562818396980303
2024-01-10,0.0046561954581039395,0.0008281337414151671
2024-01-11,0.018504043098447193,0.0007520077515267835
2024-01-12,0.005716369969952416,0.0017426940760117274
2024-01-16,0.006995788729645507,0.0008520933553726628
2024-01-17,0.004739572045106117,0.000963642344741693
2024-01-18,0.009385683601843268,0.0007601814602428403
2024-01-19,0.011267023632757814,0.0011525394581961002
2024-01-22,0.0030718388839598315,0.0012882032928864537
2024-01-23,0.0023511108511318685,0.0005837105319452798
2024-01-24,0.005637289357484711,0.0004959806265784515
2024-01-25,0.004449711727324605,0.0008448937098503294
2024-01-26,0.003511010094412274,0.0007315151217760093
2024-01-29,0.004415137071642077,0.000633207808569991
2024-01-30,0.0011483312505716963,0.0007280477156451736
2024-01-31,0.0070483266416824005,0.00032055815433690933
2024-02-01,0.007120685439640675,0.0009680439418816021
2024-02-02,0.014768463658988628,0.0009740851840964389
2024-02-05,0.008424247687239284,0.0015190443394832737
2024-02-06,0.002584886056392703,0.0010791143588643945
2024-02-07,0.003837088927160935,0.0005254611778367337
2024-02-08,0.0010492451971216028,0.0006684045702971878
2024-02-09,0.0028627980287966367,0.0003034141181105313
2024-02-12,0.005302541294121103,0.0005591832229876865
2024-02-13,0.020878481103905288,0.0008139695894837455
2024-02-14,0.009891626913233528,0.0018756769755148585
2024-02-15,0.002941368273205957,0.0011899934273203105
2024-02-16,0.006664495530294236,0.0005684816393895937
2024-02-20,0.007654813756397933,0.0009355830430973889
2024-02-21,0.006184525806984286,0.0010179600373547832
2024-02-22,0.010103752248303533,0.0008939437186206886
2024-02-23,0.0037128430261045135,0.001205472937792158
2024-02-26,0.0020695014623054882,0.0006551368825620284
2024-02-27,0.0028387553998583314,0.00045889747203364963
2024-02-28,0.0014480494713449972,0.0005563180263364829
2024-02-29,0.009426512037052902,0.00036919332345221323
2024-03-01,0.005213727570672776,0.0011555907094750618
2024-03-04,0.0022893784118873536,0.0008056379841407629
2024-03-05,0.012858876568412437,0.0004880071179370114
2024-03-06,0.006208261943504921,0.0013961864433584268
2024-03-07,0.01668194979877507,0.0008960319685963413
2024-03-08,0.018749245578247354,0.0016360600528658215
2024-03-11,0.005291548927452747,0.001756723957741361
2024-03-12,0.0161969657568817,0.0008129413709643262
2024-03-13,0.003237513995223574,0.0016069214816729746
2024-03-14,0.011930638327456578,0.0006026889584765557
2024-03-15,0.0061568978341497846,0.0013339005573769873
2024-03-18,0.003928209868833068,0.0008915091243276498
2024-03-19,0.0067061530763699116,0.0006780284753071178
2024-03-20,0.006376380160424007,0.0009391407763966478
2024-03-21,0.0017250988403224865,0.0009107342973515437
2024-03-22,0.0009550000911418278,0.00041073777198886443
2024-03-25,0.0008355175989314423,0.00028650973288877723
2024-03-26,0.002604160639849729,0.00026410828098535536
2024-03-27,0.0056549764824665736,0.0005278443039331588
2024-03-28,0.0015315211036145348,0.000846507388236117
2024-04-01,0.004370631260411501,0.0003820139873848056
2024-04-02,0.0028076085739192173,0.0007235686732526833
2024-04-03,0.003992691206544689,0.0005525920676712774
2024-04-04,0.01831965471676786,0.0006847861341612678
2024-04-05,0.013721076918589387,0.0017320959031816507
2024-04-08,0.0023858265577184345,0.0014524835353178303
2024-04-09,0.01876671816703618,0.0005004286289061725
2024-04-10,0.007745096263039133,0.0017577209502783833
2024-04-11,0.023975258758234697,0.0010252562401051487
2024-04-12,0.01720710077471367,0.0020405335025952434
2024-04-15,0.023964927917987346,0.0016672409633437064
2024-04-16,0.00835512592026333,0.0020399978950918812
2024-04-17,0.013513170327819547,0.0010737124937714182
2024-04-18,0.013203725347657855,0.0014390379839634639
2024-04-19,0.014995821957808061,0.0014188750986938875
2024-04-22,0.023054530088243756,0.0015332460451854156
2024-04-23,0.0157016690628571,0.0019924370996082887
2024-04-24,0.008370608095748171,0.0015768090663998726
2024-04-25,0.015892575724013577,0.0010749239390801376
2024-04-26,0.00715813238057669,0.0015884589319799856
2024-04-29,0.005957306510214598,0.0009772022067375326
2024-04-30,0.011792517464504002,0.0008737923615791199
2024-05-01,0.03392236853766134,0.0013244729841599527
2024-05-02,0.019744573547268576,0.002520868364808122
2024-05-03,0.007689146859948075,0.0018129527799433315
2024-05-06,0.002288828686006255,0.0010207386184723421
2024-05-07,0.002050329447347455,0.0004879357391538237
2024-05-08,0.001832860132696346,0.0004563032884240966
2024-05-09,0.0029266559971637862,0.0004261804433391295
2024-05-10,0.0039792130535144426,0.0005667479701436844
2024-05-13,0.0030082410044683754,0.0006833771681857366
2024-05-14,0.0032288363777036528,0.000576319475217269
2024-05-15,0.005414903247802627,0.0006017044854593472
2024-05-16,0.0034909772296202253,0.0008244325006569684
2024-05-17,0.002041633458717217,0.0006310046966196967
2024-05-20,0.0024754622994851722,0.0004551235017793662
2024-05-21,0.0011920621284118823,0.0005117978958385548
2024-05-22,0.006188871626311344,0.00032793946552581697
2024-05-23,0.0143908495456883,0.0008943262876484973
2024-05-24,0.004302143925959104,0.0014952667258829376
2024-05-28,0.005135481198030136,0.0007166411558887782
2024-05-29,0.0016496760030006803,0.0007982516195173971
2024-05-30,0.005596535729595536,0.00039970411623444185
2024-05-31,0.033457388687413304,0.0008411680149661983
2024-06-03,0.019989517529664737,0.0024997645244071724
2024-06-04,0.006659779681399575,0.0018266190894109424
2024-06-05,0.010614332812029397,0.0009351797423569843
2024-06-06,0.0032818519291242586,0.0012422198530336315
2024-06-07,0.00829719371933248,0.0006077030742890636
2024-06-10,0.0030664879790446775,0.0010691716236835797
2024-06-11,0.008033643874766508,0.0005830909934740574
2024-06-12,0.006229932677252378,0.0010483554457577195
2024-06-13,0.005849588797356884,0.0008979357854914946
2024-06-14,0.0025703218507247944,0.0008641344224000848
2024-06-17,0.01203778553142142,0.0005236558367136855
2024-06-18,0.0009267826526963793,0.001341184638993887
2024-06-20,0.008324004155398442,0.0002813231287537836
2024-06-21,0.0029374187009140467,0.0010712746277913422
2024-06-24,0.007126780227775179,0.0005680165620950203
2024-06-25,0.003013744615621386,0.0009745929401619676
2024-06-26,0.0032896446399585015,0.0005769614784620934
2024-06-27,0.0020093338347421568,0.00060858159830231
2024-06-28,0.019832771639520266,0.000450724099692248
2024-07-01,0.0047756938520839495,0.0018178812643069363
2024-07-02,0.0029328800242777227,0.0007637051405613752
2024-07-03,0.0017398835483686149,0.0005674818135506653
2024-07-05,0.00374165268914486,0.00041287835572146876
2024-07-08,0.0017264245138539506,0.0006582286076446043
2024-07-09,0.0010607449492318157,0.00041092999971761743
2024-07-10,0.004050702307396459,0.00030543534320612954
2024-07-11,0.009366422017776018,0.0006908293426782966
2024-07-12,0.01531901327567509,0.0011510981720251714
2024-07-15,0.010742708582766287,0.0015532898495139386
2024-07-16,0.002501398591369184,0.0012513496420273147
2024-07-17,0.005060724707967752,0.000515057449413251
2024-07-18,0.023011393998384862,0.0007911534918778098
2024-07-19,0.012023804837815648,0.001990165550944246
2024-07-22,0.006574234299773543,0.0013402356453371751
2024-07-23,0.004713749706993289,0.0009278443852342154
2024-07-24,0.014407907379449195,0.000757656054957035
2024-07-25,0.040021012932486,0.0014963460441940084
2024-07-26,0.012277928940788852,0.0027879517566213813
2024-07-29,0.007437333624644098,0.001357418639741023
2024-07-30,0.027286919948274233,0.0010002448110945146
2024-07-31,0.013491284476431413,0.002207853350843967
2024-08-01,0.07069807712350352,0.0014376179131338825
2024-08-02,0.028476504334371277,0.003942826154794939
2024-08-05,0.07142908841052438,0.0022659916331128154
2024-08-06,0.06173503942712973,0.003967608576764556
2024-08-07,0.049698464232806175,0.0036303282004320663
2024-08-08,0.024676957163946984,0.0031810815399288804
2024-08-09,0.012302863405501258,0.002076705028869797
2024-08-12,0.009818937541156541,0.0013590970977848517
2024-08-13,0.0054353067978159236,0.0011846592531544412
2024-08-14,0.009760715308844845,0.0008263232969570993
2024-08-15,0.004243650396401168,0.0011803755811341764
2024-08-16,0.0031621199918825576,0.0007106903128131597
2024-08-19,0.005972800277252279,0.000594100679834704
2024-08-20,0.004903211286851591,0.0008751758921822206
2024-08-21,0.021783590267955007,0.0007760620022975085
2024-08-22,0.014601188357757389,0.001924793929597395
2024-08-23,0.011415205352184932,0.0015085410249758059
2024-08-26,0.007679470626687488,0.0012984965500125276
2024-08-27,0.004288598834443845,0.0010199560117305669
2024-08-28,0.015028744091200632,0.0007152659734873408
2024-08-29,0.0157544088578798,0.0015352954952770443
2024-08-30,0.017371299773721798,0.0015800329620091716
2024-09-03,0.030060980411441472,0.0016769136697959576
2024-09-04,0.01003563435807341,0.0023419755603410145
2024-09-05,0.018141162689167017,0.0012005161122160626
2024-09-06,0.032547309251677314,0.0017217968464255278
2024-09-09,0.009712242052929943,0.00245812434878194
2024-09-10,0.01399828368393416,0.0011768015604341707
2024-09-11,0.08917304498168004,0.001470287573984688
2024-09-12,0.012852599758305109,0.004541732023050424
2024-09-13,0.0034897495201462883,0.0013957712840123844
2024-09-16,0.003745224817442252,0.0006308695189245748
2024-09-17,0.012033691200156266,0.0006586113031148719
2024-09-18,0.02272202949353612,0.0013409067650533314
2024-09-19,0.008919940612277055,0.001974884337399122
2024-09-20,0.006661177929982279,0.0011173574303113992
2024-09-23,0.0019012718559483308,0.000935299332613079
2024-09-24,0.005291972103529128,0.00043580017441456777
2024-09-25,0.0030773916351547626,0.0008129809700107943
2024-09-26,0.007619178778405523,0.0005843529947317252
2024-09-27,0.004459486675810026,0.0010150709384370616
2024-09-30,0.012008155400632428,0.0007324935153567466
2024-10-01,0.01837003325851653,0.0013391728674804078
2024-10-02,0.007985869190148147,0.001734995656510844
2024-10-03,0.007200043518357804,0.0010445536070898941
2024-10-04,0.010584762121200937,0.0009806832726146394
2024-10-07,0.007368680684050461,0.001240110749260081
2024-10-08,0.004712737446201184,0.0009946106615146553
2024-10-09,0.005481000600819299,0.0007575569466119662
2024-10-10,0.003587733418243451,0.0008305477047985979
2024-10-11,0.0037320314173067463,0.0006416003869799999
2024-10-14,0.004886508903102009,0.0006571971337655026
2024-10-15,0.008416676311832951,0.0007744506972379142
2024-10-16,0.0037613856942553705,0.0010785235031551845
2024-10-17,0.002174974915691748,0.0006603408984916263
2024-10-18,0.002840199572997649,0.00047300463148399033
2024-10-21,0.006688494164144206,0.0005564903977518671
2024-10-22,0.004824726400241147,0.0009376336873602074
2024-10-23,0.01694124060896669,0.0007684716391627736
2024-10-24,0.004430060296560756,0.0016515026972380865
2024-10-25,0.013415945236060328,0.0007295456258890087
2024-10-28,0.0009054158795406216,0.0014327226010410407
2024-10-29,0.006436288238515119,0.00027735455808756797
2024-10-30,0.0055829204732807175,0.0009159366779209935
2024-10-31,0.005663688566984973,0.0008399209474299245
2024-11-01,0.009301205573721598,0.0008473015067740926
2024-11-04,0.007674836766622507,0.001146209597068029
2024-11-05,0.004309032383462299,0.0010195810919951533
2024-11-06,0.014606235371768856,0.0007173398658959685
2024-11-07,0.0029805587007650696,0.001508858615909088
2024-11-08,0.003130167543888802,0.0005730833104094587
2024-11-11,0.0032349137727308275,0.0005904368041292026
2024-11-12,0.007699444242064251,0.0006023940723890091
2024-11-13,0.006434850249131201,0.0010215710405696234
2024-11-14,0.005139940190943115,0.000915812026104946
2024-11-15,0.010255861102573548,0.0007986737199231935
2024-11-18,0.005237129426993315,0.0012164947344125727
2024-11-19,0.009123784307026667,0.0008078386572755257
2024-11-20,0.013838334477856385,0.001132841948852327
2024-11-21,0.02118190860250533,0.0014600315849736343
2024-11-22,0.002264511611281664,0.0018922339511746678
2024-11-25,0.010210403381713407,0.00048477156779486055
2024-11-26,0.0027970711801918145,0.0012132076065624713
2024-11-27,0.0037552440302913445,0.0005513278719844121
2024-11-29,0.0032410658882707226,0.0006596839382968323
2024-12-02,0.0010679661281185885,0.0006030916220781476
2024-12-03,0.001074591116796162,0.00030670017860819857
2024-12-04,0.001911801571549753,0.0003078576501753082
2024-12-05,0.0013590375846308752,0.0004372687106856114
2024-12-06,0.0013961016111403485,0.0003551990112357032
2024-12-09,0.0025026437524057164,0.0003610684251727256
2024-12-10,0.0028904606330013923,0.0005152136023112514
2024-12-11,0.002189526495566772,0.0005624682064042173
2024-12-12,0.0014057439018093877,0.00047492971146817774
2024-12-13,0.0051507681864419,0.0003625853425935959
2024-12-16,0.0020972763602176855,0.0007996981320676198
2024-12-17,0.0017925322606302543,0.0004626391185544981
2024-12-18,0.06319331924960489,0.00042044395212497576
2024-12-19,0.010770460825872226,0.0036823231434742042
2024-12-20,0.05527206631156183,0.0012533177000490913
2024-12-23,0.01702259066908908,0.0033938517784573995
2024-12-24,0.0046671709479656305,0.0016563286056776058
2024-12-26,0.005855393644148515,0.0007530869693738839
2024-12-27,0.01583036859808776,0.0008646566460395884
2024-12-30,0.019545460729008975,0.0015846688503943498
2024-12-31,0.009992129310348903,0.0018017946578760158
