date,y_true_rv_gk_h5,y_msar_h5_pred
2020-01-02,0.0047585262943197985,4.3072314852964925e-05
2020-01-03,0.004240556576749555,3.78440497356583e-05
2020-01-06,0.003881956153461031,3.3989870473302654e-05
2020-01-07,0.004232466162364959,3.13029423811027e-05
2020-01-08,0.0029345856355588017,3.392942569490102e-05
2020-01-09,0.002865433433968588,2.4117877022779754e-05
2020-01-10,0.0025072693372590327,2.3587747393567587e-05
2020-01-13,0.0023645186764246645,2.0827553412454696e-05
2020-01-14,0.002202078008190996,1.9720150810839458e-05
2020-01-15,0.003148481184218558,1.8454442054226608e-05
2020-01-16,0.006702899759272581,2.5752347938470722e-05
2020-01-17,0.007720909729467461,5.2080559261103204e-05
2020-01-21,0.011001887868763377,5.9416638334357345e-05
2020-01-22,0.011027038500251296,8.265216009515682e-05
2020-01-23,0.012000526128941614,8.282825037271572e-05
2020-01-24,0.013032414497846223,8.96236922882417e-05
2020-01-27,0.013575885201271943,9.678603215869975e-05
2020-01-28,0.010944353961356979,0.00010054259131657982
2020-01-29,0.011616944741847574,8.224923772641644e-05
2020-01-30,0.009536917985633948,8.695074627857825e-05
2020-01-31,0.005948729253283416,7.234570656695891e-05
2020-02-03,0.0047830563793221075,4.482450225537259e-05
2020-02-04,0.0048212935291410425,3.6435420065404e-05
2020-02-05,0.0038132374001227628,3.6712104087962015e-05
2020-02-06,0.004584229348037263,2.937808158890002e-05
2020-02-07,0.003870376029602696,3.499490656594327e-05
2020-02-10,0.004419019673352851,2.9796166532667987e-05
2020-02-11,0.003847823124337929,3.379558387191545e-05
2020-02-12,0.008956957540675738,2.963118334628854e-05
2020-02-13,0.009413914338261348,6.612744202443975e-05
2020-02-14,0.04449062464947926,6.932869100543366e-05
2020-02-18,0.06022146819297543,0.00030321446620663883
2020-02-19,0.07227938239817179,0.0004042695243011106
2020-02-20,0.1070179833613957,0.0004808154481246228
2020-02-21,0.1375240653185434,0.0006980952606840293
2020-02-24,0.13673383530319602,0.0008859328332237377
2020-02-25,0.17311237895129297,0.0008810955145816543
2020-02-26,0.17663327759547753,0.0011024582927041616
2020-02-27,0.15466249308851449,0.0011237512186318796
2020-02-28,0.13958669978834742,0.0009905162247271036
2020-03-02,0.1418865058979589,0.0008985525420748972
2020-03-03,0.15707793661812938,0.0009126123629237672
2020-03-04,0.17118263407152506,0.0006276711010747429
2020-03-05,0.27134246483282315,0.00068365315831313
2020-03-06,0.4403547246508845,0.0010804477200546934
2020-03-09,0.5603620548732149,0.0017479643603767311
2020-03-10,0.6240999956529615,0.0022208726979698586
2020-03-11,0.7732344802958548,0.00247176635795995
2020-03-12,0.755173670134023,0.003058189171128795
2020-03-13,0.6179537864710658,0.0029872128321245723
2020-03-16,0.5158800182535123,0.002447580322967745
2020-03-17,0.4043108491916766,0.0020456686628560965
2020-03-18,0.33673693424881745,0.0016057741990347096
2020-03-19,0.26852086196057395,0.0013389736331155379
2020-03-20,0.2562839709127099,0.0010692845700913198
2020-03-23,0.2209423242191711,0.0010208627136588815
2020-03-24,0.21672452361805758,0.0008809279522420273
2020-03-25,0.1798050542111466,0.0008642184048166815
2020-03-26,0.16055741410744823,0.0007178610406182354
2020-03-27,0.14845443636692632,0.0006414841786510986
2020-03-30,0.24949635118137534,0.0005934283129193618
2020-03-31,0.24639012979032002,0.0009939974512550363
2020-04-01,0.20155820338888022,0.000981701524949598
2020-04-02,0.19935933812002896,0.0011918190859355705
2020-04-03,0.18670256502822996,0.0011789421598274621
2020-04-06,0.09234117701802588,0.0011047947718994206
2020-04-07,0.10201477709213003,0.0005501521580084968
2020-04-08,0.07795916123990797,0.0006072005841918307
2020-04-09,0.07445463613266598,0.00046522758336365537
2020-04-13,0.07155138843438057,0.0004445116722218763
2020-04-14,0.053740624645006896,0.0004273429013324091
2020-04-15,0.03585893048305754,0.0003218570602939505
2020-04-16,0.03799112520539881,0.00021560380018817852
2020-04-17,0.03830604791592117,0.00022829621504350108
2020-04-20,0.03252410984543252,0.00023017027689428986
2020-04-21,0.02831408514418616,0.00019573764115640003
2020-04-22,0.028274419102147376,0.00017062926356938368
2020-04-23,0.026505628261732715,0.0001703925334416926
2020-04-24,0.043304364814979776,0.0001598329141924494
2020-04-27,0.04537523060428261,0.00025989540251996165
2020-04-28,0.050395611090182944,0.0002722009456670267
2020-04-29,0.048485579632052904,0.00030201108562091805
2020-04-30,0.04429861407527068,0.0002906732012151855
2020-05-01,0.022522313574810392,0.000265804145564229
2020-05-04,0.0211951727703234,6.789244091060045e-07
2020-05-05,0.017913987391234766,6.392155303813533e-07
2020-05-06,0.031083651134229583,5.409558866356325e-07
2020-05-07,0.06763533319922568,9.346935133657904e-07
2020-05-08,0.069325686396826,2.0217425615389207e-06
2020-05-11,0.0692785741611453,2.0718786817701284e-06
2020-05-12,0.06718817235150643,2.0704814539071544e-06
2020-05-13,0.051932779760171424,2.0084781112498423e-06
2020-05-14,0.017009847638172215,1.5555077439416611e-06
2020-05-15,0.014421853118014787,5.138569181407093e-07
2020-05-18,0.02155135607818174,4.362260827521638e-07
2020-05-19,0.029676252539904736,6.498745776372174e-07
2020-05-20,0.033589577442039935,8.926892856902048e-07
2020-05-21,0.037419733898581144,1.0094479875117025e-06
2020-05-22,0.03781332440688757,1.1236241480374146e-06
2020-05-26,0.02875988327154324,1.1353517660192375e-06
2020-05-27,0.01866618421840838,8.653318174648772e-07
2020-05-28,0.017501972753221913,5.6349280266732e-07
2020-05-29,0.013239333759149572,5.286082734367616e-07
2020-06-01,0.013139244103850922,4.0072012111456043e-07
2020-06-02,0.014866042307648597,3.977137744150437e-07
2020-06-03,0.01598922669554297,3.2112773078134024e-07
2020-06-04,0.027175530458286117,3.45197285479148e-07
2020-06-05,0.05046747421427984,5.843213645019168e-07
2020-06-08,0.0679881018502803,1.0800007744633904e-06
2020-06-09,0.07951290210014664,1.4516205104352285e-06
2020-06-10,0.07841145082101006,1.695650605194432e-06
2020-06-11,0.06463327142065153,1.6723404850559508e-06
2020-06-12,0.047992800175725034,1.3805267343819671e-06
2020-06-15,0.03213518751951085,1.027438905955377e-06
2020-06-16,0.018640165510714218,6.900751207530833e-07
2020-06-17,0.028749969591382134,4.019563188162837e-07
2020-06-18,0.035206661909242536,6.179076712545965e-07
2020-06-19,0.030665553288684956,7.55503389627815e-07
2020-06-22,0.034144644499007115,6.587524050732853e-07
2020-06-23,0.039326876174488434,7.32885544509401e-07
2020-06-24,0.02905540580295543,8.432036746278814e-07
2020-06-25,0.024897353983050118,6.24421650654012e-07
2020-06-26,0.020505046512817905,5.356960930055837e-07
2020-06-29,0.017408399196660474,4.4184743942175235e-07
2020-06-30,0.013310688687400346,3.7559135151099324e-07
2020-07-01,0.020774319596405494,2.877736100621755e-07
2020-07-02,0.021623500884954232,4.1457592427029886e-06
2020-07-06,0.03347689779769959,4.313285041573747e-06
2020-07-07,0.03867443216543799,6.645056626835811e-06
2020-07-08,0.039268814112466896,7.664335961958128e-06
2020-07-09,0.03089818796769872,7.780797141074044e-06
2020-07-10,0.02830411344196988,6.138706669668173e-06
2020-07-13,0.01876782419148974,5.628860719599822e-06
2020-07-14,0.011458933959260169,3.7496081664108383e-06
2020-07-15,0.008854617520610971,2.302072730914388e-06
2020-07-16,0.013510392230688251,1.7840225279167428e-06
2020-07-17,0.01339788497829424,2.7091977094057757e-06
2020-07-20,0.011260303102086214,2.6868889296782693e-06
2020-07-21,0.011104145387416938,2.2626119007287525e-06
2020-07-22,0.011821589785511242,2.2315834866787724e-06
2020-07-23,0.010913723763499496,2.374099749288435e-06
2020-07-24,0.015748199080466548,2.1937402316647423e-06
2020-07-27,0.015322064800445064,3.1525151921377495e-06
2020-07-28,0.013987800852435566,3.068154238520011e-06
2020-07-29,0.012723542579746358,2.8038388943835183e-06
2020-07-30,0.009082700494904682,2.5531306003962143e-06
2020-07-31,0.0036255308820240992,1.82945469180773e-06
2020-08-03,0.004566880891883073,7.149262428314595e-07
2020-08-04,0.008338371667701093,8.978256801331442e-07
2020-08-05,0.009217015958688114,1.6263645448908476e-06
2020-08-06,0.009411687872332496,1.7953753778105503e-06
2020-08-07,0.008884096385743574,1.832791931435984e-06
2020-08-10,0.007640045338622734,1.731362995380601e-06
2020-08-11,0.004965771672349712,1.4918725530048553e-06
2020-08-12,0.005231057136045454,9.751719708657509e-07
2020-08-13,0.005320596686524207,1.0265661031417804e-06
2020-08-14,0.005253167568624709,1.0439049098997457e-06
2020-08-17,0.007383824663169089,1.030848018285079e-06
2020-08-18,0.006777989566716533,1.4424867467209779e-06
2020-08-19,0.00695432717906874,1.3256226494107633e-06
2020-08-20,0.00792901861211313,1.3596513827430424e-06
2020-08-21,0.008463824047763016,1.5475452531147267e-06
2020-08-24,0.006701496351591207,1.650509602334606e-06
2020-08-25,0.00751646863079132,1.3108577781824244e-06
2020-08-26,0.010149524619811005,1.468056257052133e-06
2020-08-27,0.029644006252782646,1.974515893468826e-06
2020-08-28,0.0627405864667175,5.686370122213414e-06
2020-08-31,0.08080061528694744,1.1917033480825103e-05
2020-09-01,0.08586731348723894,3.5317712254592505e-05
2020-09-02,0.09163405854002356,3.749789084245966e-05
2020-09-03,0.07729914413992449,3.997693839023662e-05
2020-09-04,0.05129089889663661,3.380984438086744e-05
2020-09-08,0.03496372880736387,2.257351776000381e-05
2020-09-09,0.031589356287333344,1.5477122960750598e-05
2020-09-10,0.025674465943380992,1.4004866747124985e-05
2020-09-11,0.027199348924384397,1.1418249528632841e-05
2020-09-14,0.02564130410937059,1.2085877014467591e-05
2020-09-15,0.02844893661761224,1.1403724014945469e-05
2020-09-16,0.032312819241658366,1.2632551243573126e-05
2020-09-17,0.03908554901308407,1.4320709247921725e-05
2020-09-18,0.03808793615453273,1.727260024689414e-05
2020-09-21,0.03302501093195513,1.683831148882815e-05
2020-09-22,0.02942876276808583,1.4631526724041347e-05
2020-09-23,0.02829389335264889,1.3060954722849323e-05
2020-09-24,0.02047045076745916,1.2564742382092332e-05
2020-09-25,0.019270775416525214,9.135057925428144e-06
2020-09-28,0.018754434072755087,8.607543506545692e-06
2020-09-29,0.026075168152665317,8.380349839656014e-06
2020-09-30,0.02164755817558925,1.159374242309893e-05
2020-10-01,0.019336468287943272,6.982671891261869e-06
2020-10-02,0.013496839173446984,6.247057234888343e-06
2020-10-05,0.016131483099190082,4.3824177591312184e-06
2020-10-06,0.008617580152315186,5.224841580463514e-06
2020-10-07,0.010525083148467448,2.8157336421066515e-06
2020-10-08,0.012523532451630986,3.4293948369800066e-06
2020-10-09,0.013830432680429664,4.0706434791182275e-06
2020-10-12,0.017425682008168443,4.489202517958508e-06
2020-10-13,0.019626095042848173,5.637933746212013e-06
2020-10-14,0.018379313505250634,6.339309315553418e-06
2020-10-15,0.01974055832009578,5.942044641355439e-06
2020-10-16,0.019163555375397816,6.375762960780873e-06
2020-10-19,0.022425590210725942,6.191971721045717e-06
2020-10-20,0.019207778100412156,7.230064530583862e-06
2020-10-21,0.045232496359003546,6.20606057906586e-06
2020-10-22,0.05552066106505895,1.4440696610825716e-05
2020-10-23,0.06514806048203317,1.767452186684644e-05
2020-10-26,0.06062223518629648,2.0693000249481645e-05
2020-10-27,0.07337008249772622,1.927485671726035e-05
2020-10-28,0.05880346200702169,2.3265865507259753e-05
2020-10-29,0.046564693233897565,1.87045425051052e-05
2020-10-30,0.03826885248134348,0.00026696071872469614
2020-11-02,0.03963862738953501,0.00022044988329608382
2020-11-03,0.030665427497287158,0.0002281451981324204
2020-11-04,0.01821962921174439,0.00017760476854133435
2020-11-05,0.02122913795603289,0.0001068680874420107
2020-11-06,0.020414568802603453,0.0001240580747522819
2020-11-09,0.014560744532751597,0.00011941157668617281
2020-11-10,0.0126203427660153,8.587395599371125e-05
2020-11-11,0.013559125813049114,7.468969567337632e-05
2020-11-12,0.010933560402876918,8.010559770268581e-05
2020-11-13,0.009172111395628724,6.493331821594388e-05
2020-11-16,0.010665272349050927,5.470563459852018e-05
2020-11-17,0.010828759116780329,6.337829182133488e-05
2020-11-18,0.00916968742844431,6.432599049689821e-05
2020-11-19,0.007154853008712554,5.469152903127893e-05
2020-11-20,0.009593535769966853,4.293274834994316e-05
2020-11-23,0.007901541417805077,5.715663235923467e-05
2020-11-24,0.006182740050197163,4.729885048184799e-05
2020-11-25,0.007028608089384128,3.723166255689947e-05
2020-11-27,0.006910374034499516,4.219349147502811e-05
2020-11-30,0.004652213503790415,4.150085109124912e-05
2020-12-01,0.004190699573582414,0.00013884266914104959
2020-12-02,0.005822036663447129,0.0001253822883102103
2020-12-03,0.00640978015854207,0.00017282472840944916
2020-12-04,0.00804894621112963,0.0001898340200843038
2020-12-07,0.010397667771689014,0.00023708392961421083
2020-12-08,0.011290345742108632,0.0003043944237559859
2020-12-09,0.009735170338619401,0.00032987662397456017
2020-12-10,0.00814228701440292,0.00028544923580240723
2020-12-11,0.00883697369432358,0.0002397671105129048
2020-12-14,0.05424936494576886,0.0002597140448402787
2020-12-15,0.05328065027380041,0.0015265731934009405
2020-12-16,0.05332971839327796,0.001499960573200779
2020-12-17,0.05332245008593585,0.0015013088539722304
2020-12-18,0.051017602553375854,0.0015011091392256482
2020-12-21,0.0036394366787896064,0.0014377443756994044
2020-12-22,0.0031944319408607736,0.00010925727598672527
2020-12-23,0.003711437215183901,9.61979812782539e-05
2020-12-24,0.01817709895211815,0.00011136651181294534
2020-12-28,0.01993586857221833,0.0005250699203148507
2020-12-29,0.02799340131839117,0.0005746023273583245
2020-12-30,0.02916538922747607,0.0008003100453222769
2020-12-31,0.030967097395608118,0.002845312869785846
2021-01-04,0.01749670672743356,0.0030125878107443967
2021-01-05,0.017500165066125832,0.0017484134243642006
2021-01-06,0.00981377227064981,0.001748742772339196
2021-01-07,0.009225720447846027,0.0010076776337537867
2021-01-08,0.008455576176584273,0.0009500505084980186
2021-01-11,0.008189452622823567,0.0008743154742504527
2021-01-12,0.007895488767751455,0.000848071204849698
2021-01-13,0.0069581978972628414,0.0008190347388099482
2021-01-14,0.006814143475903515,0.000726103429547784
2021-01-15,0.011090381682017727,0.0007117702457644676
2021-01-19,0.01058185376701715,0.001132236011740182
2021-01-20,0.016401349631441443,0.0010827044380331467
2021-01-21,0.022098486741642474,0.0016439419292152637
2021-01-22,0.0297385970834889,0.002184168875226611
2021-01-25,0.03077876920842921,0.0028985821550424604
2021-01-26,0.038049539558895125,0.0029951248297691363
2021-01-27,0.03211001146885158,0.0036659475157910333
2021-01-28,0.0276683726639623,0.003118460159206397
2021-01-29,0.020061041981626393,0.0027059575747376222
2021-02-01,0.012813698122180786,0.0019918231815672224
2021-02-02,0.005417339095115183,0.0010173307509547215
2021-02-03,0.006932073330135862,0.00044291982875236974
2021-02-04,0.007291869258160282,0.0005620182248639825
2021-02-05,0.007032962942289739,0.0005901693413479455
2021-02-08,0.007209354904983614,0.0005699169393908214
2021-02-09,0.008106437563908242,0.0005837175343064094
2021-02-10,0.007056910073168952,0.000653731317286116
2021-02-11,0.005746761141020772,0.0005717912066194803
2021-02-12,0.006511746724407125,0.000468908276152961
2021-02-16,0.017713766588664717,0.0005290676800015915
2021-02-17,0.02065034936116308,0.0013909201994620486
2021-02-18,0.03073261759119304,0.0016130460019043377
2021-02-19,0.03715632079550174,0.0023682630550217643
2021-02-22,0.0518499730537431,0.002844799871283106
2021-02-23,0.04123937457771522,0.003924931086814097
2021-02-24,0.03964700064073192,0.0031462037120967303
2021-02-25,0.05050636551836676,0.0030287843951526386
2021-02-26,0.06776766569111806,0.0038266478367205126
2021-03-01,0.0572190893909313,0.005083238859215091
2021-03-02,0.059158924013248945,0.004316830666974852
2021-03-03,0.0582088896417273,0.004458107352209648
2021-03-04,0.03733123386772553,0.004626120342874054
2021-03-05,0.013837114478018563,0.0030003349457927465
2021-03-08,0.011284963000107166,0.001140310960680325
2021-03-09,0.009008636100712276,0.0009347878248443905
2021-03-10,0.010092921606155967,0.0007504845317623851
2021-03-11,0.01247951518428904,0.0008384046253895529
2021-03-12,0.014725099873864316,0.0010311160995720744
2021-03-15,0.013668380796909277,0.0012115856878913383
2021-03-16,0.01567843884589635,0.0011267546014662206
2021-03-17,0.015925616389025572,0.0012879854879158867
2021-03-18,0.016907898827122687,0.0013077746591210902
2021-03-19,0.016573897950029223,0.0013863412929633501
2021-03-22,0.016923221916271013,0.0013596399234744047
2021-03-23,0.01481274113589585,0.0013875659607257224
2021-03-24,0.01278961409187498,0.0012186142802103489
2021-03-25,0.0075318057492192985,0.001056083389858414
2021-03-26,0.005585687948533736,0.0006302962141938277
2021-03-29,0.0038145835397955055,0.000470976624812673
2021-03-30,0.0031675387197566325,0.00032475121499656875
2021-03-31,0.0025022899414530834,0.000270933885317779
2021-04-01,0.0027488764719873987,0.00021530965250916073
2021-04-05,0.0021764594807778446,4.397732251678315e-05
2021-04-06,0.0023332171315083574,3.534542742657535e-05
2021-04-07,0.003231218864971045,3.772237241942338e-05
2021-04-08,0.003238901296286184,5.116030590316964e-05
2021-04-09,0.003298045741662383,5.1274126365067306e-05
2021-04-12,0.004071081189945507,5.214981470413912e-05
2021-04-13,0.006061482269175355,6.350904032509658e-05
2021-04-14,0.006077305870396478,9.217396791586859e-05
2021-04-15,0.008904288155393082,9.239912542370325e-05
2021-04-16,0.010871546964560417,0.00013210149495766917
2021-04-19,0.010008201907615352,0.000159233765906945
2021-04-20,0.007830964904707933,0.00014736913649332693
2021-04-21,0.007242255661352658,0.00011713981520740573
2021-04-22,0.006662911188464122,0.00010887841367397634
2021-04-23,0.00469413132072527,0.00010070620727204606
2021-04-26,0.004918729726954463,7.256232757195285e-05
2021-04-27,0.00799578944216553,7.58064280302798e-05
2021-04-28,0.007968133213586815,0.00011944554191678147
2021-04-29,0.008611735104675304,0.00011905887427145815
2021-04-30,0.009282417354994523,0.0001280355236590887
2021-05-03,0.009948668232068036,0.00013734417286468117
2021-05-04,0.010276936268705615,0.00016223497007703935
2021-05-05,0.016880542807130732,0.00016728437483550792
2021-05-06,0.01667397950473159,0.00026726070234551493
2021-05-07,0.016744734868003625,0.00026417197906331035
2021-05-10,0.01691199866368087,0.00026523021736278904
2021-05-11,0.014048822445778094,0.000267730873148504
2021-05-12,0.009990262154353285,0.00022472154348917016
2021-05-13,0.009161777622168153,0.0001628752749134202
2021-05-14,0.00935788964655196,0.0001500924623794472
2021-05-17,0.00915189851976526,0.0001531239341487868
2021-05-18,0.009024074149412739,0.00014993965731388017
2021-05-19,0.006370741474484552,0.0001479616982560995
2021-05-20,0.00447717586547188,0.00010650895443928504
2021-05-21,0.003060377475685669,7.634138547236633e-05
2021-05-24,0.002762795046346046,5.3304464319351505e-05
2021-05-25,0.0024139031052114917,4.839714210971784e-05
2021-05-26,0.0038160735457965756,4.260562629558522e-05
2021-05-27,0.005467226461031345,6.56522873215364e-05
2021-05-28,0.005599003282511896,9.21880851373843e-05
2021-06-01,0.00586840663612777,9.428453601461355e-05
2021-06-02,0.005559710458694383,9.856199860266237e-05
2021-06-03,0.0049595781618999284,6.494828125456117e-05
2021-06-04,0.0033288229796371665,5.8203088789718896e-05
2021-06-07,0.003635704511296274,3.9693868049094635e-05
2021-06-08,0.0029478318410979037,4.320044497645355e-05
2021-06-09,0.005490744344182502,3.532226557203723e-05
2021-06-10,0.006136172371000033,6.417468028889904e-05
2021-06-11,0.006668527824867468,7.139995217222063e-05
2021-06-14,0.007978590288025686,7.733639828292226e-05
2021-06-15,0.0091739760768498,9.186750506532391e-05
2021-06-16,0.006698606578931188,0.00010504279280145987
2021-06-17,0.004879448004168686,7.767123428269805e-05
2021-06-18,0.004259235512043886,5.7300071679475266e-05
2021-06-21,0.0027209664117188556,5.028975067337551e-05
2021-06-22,0.0013833949481115233,3.270854799515101e-05
2021-06-23,0.0013630147617230642,1.7086152691918017e-05
2021-06-24,0.0014326914658504717,1.684444391364728e-05
2021-06-25,0.002449029835579254,1.7670223787526926e-05
2021-06-28,0.004115568178382217,2.9563967436613216e-05
2021-06-29,0.00519018237253847,4.866022980128602e-05
2021-06-30,0.006852236260277013,6.07986305019572e-05
2021-07-01,0.009275515676114248,7.938050362821456e-05
2021-07-02,0.008456208208055368,0.00010808563289893139
2021-07-06,0.007173703081283869,9.901845066702916e-05
2021-07-07,0.006882509059790237,8.473008770874772e-05
2021-07-08,0.006000609064500321,8.146794856554977e-05
2021-07-09,0.004677137062085031,7.154260997176858e-05
2021-07-12,0.01638074942364059,5.6498420270174476e-05
2021-07-13,0.02040900385655627,0.00018526096939346833
2021-07-14,0.02067274870362283,0.0002281676299695917
2021-07-15,0.020113542130813084,0.00023096033754666228
2021-07-16,0.019850132001235896,0.00022503682834191616
2021-07-19,0.007788355223469071,0.0002222436176080489
2021-07-20,0.00492529058041743,9.159332698140857e-05
2021-07-21,0.004697194296307096,5.933462680876704e-05
2021-07-22,0.004645342128909586,5.6727947636195725e-05
2021-07-23,0.004272891108262286,5.613446504457588e-05
2021-07-26,0.005204034508356557,5.186102235036136e-05
2021-07-27,0.0060101960363324,6.251153048904288e-05
2021-07-28,0.005592286026567521,7.165090007292965e-05
2021-07-29,0.005413654069889218,6.692173310875279e-05
2021-07-30,0.004916390625828691,6.489469673431023e-05
2021-08-02,0.004147021276333654,5.923303917048903e-05
2021-08-03,0.0016851419468532722,4.943296243185424e-05
2021-08-04,0.0012093947507333981,2.1414795780613597e-05
2021-08-05,0.0015890495316608082,1.5735663619511188e-05
2021-08-06,0.001522255931732887,2.02780974357855e-05
2021-08-09,0.00295131680363596,1.948511445649885e-05
2021-08-10,0.00480491436925475,3.604087324402789e-05
2021-08-11,0.007381474471136627,5.667883040304853e-05
2021-08-12,0.008729339309031168,8.445513263808707e-05
2021-08-13,0.009733268240277423,9.869323532780542e-05
2021-08-16,0.010506443472578085,0.00010919544177658832
2021-08-17,0.008497871424289385,0.00011723089898342862
2021-08-18,0.0060224700757475855,9.625996262431313e-05
2021-08-19,0.0044094647588458465,6.99098368574688e-05
2021-08-20,0.003984708901457778,5.2332580767679255e-05
2021-08-23,0.002042784643346124,4.763315801436074e-05
2021-08-24,0.002158711704589314,2.5607030799124255e-05
2021-08-25,0.0020988120721878336,2.6954264915560015e-05
2021-08-26,0.002279373050877634,2.6258807725484508e-05
2021-08-27,0.0020320003685485046,2.8351068442211246e-05
2021-08-30,0.0018764419702131951,2.5481430616969138e-05
2021-08-31,0.0025844592714549526,2.366429227248614e-05
2021-09-01,0.00389441636545243,2.6058224059013785e-05
2021-09-02,0.005081646705856877,3.8535758301247284e-05
2021-09-03,0.007176405263722993,4.967462967821502e-05
2021-09-07,0.008594418611206413,6.905154335763105e-05
2021-09-08,0.009704310070156277,8.201575719907455e-05
2021-09-09,0.010531648543992644,9.209376472405567e-05
2021-09-10,0.009982957274790514,9.957148738518073e-05
2021-09-13,0.015378365411244465,9.461540048140058e-05
2021-09-14,0.01582789793315678,0.00014289618420622752
2021-09-15,0.01860951685784141,0.00014687935220783764
2021-09-16,0.018725745205952864,0.00017141671402863234
2021-09-17,0.018457942928581855,0.00017243815443760994
2021-09-20,0.011141309413792941,0.00017008420962344998
2021-09-21,0.011922837426877445,0.0001050644567190898
2021-09-22,0.00834592809913918,0.0001120859176666516
2021-09-23,0.009512653491044385,7.975149980059855e-05
2021-09-24,0.017950935821739948,9.035743639503991e-05
2021-09-27,0.023232800066202635,0.00016562338356457967
2021-09-28,0.024363274832576796,0.00021183962282796646
2021-09-29,0.02754457388729693,0.0002216646855196217
2021-09-30,0.02544899165381833,0.0002492047890877348
2021-10-01,0.016768864245484568,0.0003027127954246901
2021-10-04,0.014460424059954933,0.00020345420059266414
2021-10-05,0.011339267926682762,0.00017668449379393023
2021-10-06,0.009563058991848752,0.00014015761866067384
2021-10-07,0.008982347376490677,0.00011916312885592129
2021-10-08,0.008768252888346198,0.00011226046808356434
2021-10-11,0.0065142007794414,0.00010971034096595684
2021-10-12,0.005933462720019633,8.26653941299799e-05
2021-10-13,0.003441140397942413,7.56304173013215e-05
2021-10-14,0.002919056509852895,4.501176370727065e-05
2021-10-15,0.004053702499630171,3.8482161108819856e-05
2021-10-18,0.004097137480954435,5.261346910031814e-05
2021-10-19,0.004531418393284106,5.315031072990165e-05
2021-10-20,0.0050532511245881245,5.850348920150403e-05
2021-10-21,0.004874142427109055,6.490388243261934e-05
2021-10-22,0.004127350201084438,6.271078479221105e-05
2021-10-25,0.003513681406878923,5.352357018625828e-05
2021-10-26,0.0029108059866688315,4.59151280823221e-05
2021-10-27,0.0033118744357802294,3.837855170339009e-05
2021-10-28,0.003277949914580712,4.3399738834019785e-05
2021-10-29,0.003960071055457329,4.297618897787348e-05
2021-11-01,0.003639440868027826,3.9566269827207954e-05
2021-11-02,0.00458459026023657,3.663757017464964e-05
2021-11-03,0.006433941362083348,4.521175850991885e-05
2021-11-04,0.0062702200614325855,6.156071042742544e-05
2021-11-05,0.005942552817445807,6.013226344311866e-05
2021-11-08,0.006160578341448042,5.726330954294969e-05
2021-11-09,0.005864498099760451,5.917379772029518e-05
2021-11-10,0.003153789272194487,5.6577831760896585e-05
2021-11-11,0.00459127215563754,3.2156700303562625e-05
2021-11-12,0.004007504787502324,4.527177321536675e-05
2021-11-15,0.006758452121245165,3.999770323182188e-05
2021-11-16,0.008237272921135378,6.438253927974392e-05
2021-11-17,0.009163456208265568,7.709762960180884e-05
2021-11-18,0.01105320794472132,8.495525906224633e-05
2021-11-19,0.013122614246413773,0.00010077618991008219
2021-11-22,0.01498814754066291,0.00011782667605153772
2021-11-23,0.025856476999066392,0.00013299135572148482
2021-11-24,0.029812861376919925,0.00021853774418697925
2021-11-26,0.03909650819374426,0.00024879791863790775
2021-11-29,0.042037434100428865,0.00031848002231507795
2021-11-30,0.04770573603913714,0.00034022920880708235
2021-12-01,0.03551491577661411,0.0004457114366121788
2021-12-02,0.031475136275512336,0.0003380603893171854
2021-12-03,0.020784155233512954,0.0003019018538040164
2021-12-06,0.01609046836990404,0.00020465496194296232
2021-12-07,0.008705020861362007,0.00016102179782732077
2021-12-08,0.014904064468708043,9.056257927840606e-05
2021-12-09,0.017949563797875233,0.00014987291336679407
2021-12-10,0.020963096150998242,0.00017838921268972492
2021-12-13,0.022214662302197284,0.00020630512316233908
2021-12-14,0.02253869281794494,0.0002178223971376858
2021-12-15,0.01627053485473887,0.00022079744634006016
2021-12-16,0.013244957977444552,0.00016270928505360862
2021-12-17,0.009026895123609479,0.00013418640679221277
2021-12-20,0.007598839113681389,9.369592710495576e-05
2021-12-21,0.0044879426511617035,7.973641920506333e-05
2021-12-22,0.004420791409122677,4.868685514292406e-05
2021-12-23,0.003781800420642415,4.80040928694631e-05
2021-12-27,0.004587140775303216,4.14726921164123e-05
2021-12-28,0.0057128357296244835,4.969427707818637e-05
2021-12-29,0.008840700032615645,6.103683590445862e-05
2021-12-30,0.011222994046354618,9.1884252181669e-05
2021-12-31,0.012813062005505657,0.000118483301725123
2022-01-03,0.020387921033960883,0.00013396934726181756
2022-01-04,0.02372994190840794,0.0002060709660118316
2022-01-05,0.02188473314211175,0.00023721034962562455
2022-01-06,0.023582821871452237,0.0002200602551463208
2022-01-07,0.0235401645193564,0.00023584662662594154
2022-01-10,0.015976671177898173,0.00023545110024149029
2022-01-11,0.014972215910219116,0.00016438076942483363
2022-01-12,0.033291712612461985,0.00015477722105831088
2022-01-13,0.03564649881634749,0.0003246770132941267
2022-01-14,0.07969901349227106,0.0003459139522856388
2022-01-18,0.09906885753179782,0.000729330890264373
2022-01-19,0.1198301429120929,0.0008923174605179698
2022-01-20,0.11398460601719569,0.001064445253609652
2022-01-21,0.12463569864460029,0.0010162187059544754
2022-01-24,0.0851183313084632,0.0011039631099117229
2022-01-25,0.06919790676621074,0.0007751960253269709
2022-01-26,0.04700014304601255,0.0006397919252042149
2022-01-27,0.03724324526087565,0.00044698653289181717
2022-01-28,0.02870625323729851,0.00036025587784920687
2022-01-31,0.024950394837119774,0.000282998917234904
2022-02-01,0.023788313131471894,0.0004514729121691107
2022-02-02,0.021480385343442217,0.00043153813164499647
2022-02-03,0.02993771980840324,0.0003917905618845106
2022-02-04,0.03295759350556427,0.0005364946826081064
2022-02-07,0.03519186258773181,0.0005876019738634737
2022-02-08,0.031954584553762815,0.0006252525883757714
2022-02-09,0.035527807821890585,0.0005706561875353441
2022-02-10,0.03182776375595827,0.0006309025568952333
2022-02-11,0.02453903398154472,0.000568511560048917
2022-02-14,0.03154563869896785,0.0004444220406958398
2022-02-15,0.03822130878779892,0.000563738997518256
2022-02-16,0.048122475150855853,0.0006761018356442266
2022-02-17,0.04515387946331584,0.0008408833056504987
2022-02-18,0.04524158645573855,0.0007916860959260634
2022-02-22,0.04417317519386634,0.0007931420373722838
2022-02-23,0.04251233393084633,0.000775396032794044
2022-02-24,0.03328327738803445,0.0007477643765489496
2022-02-25,0.030822663955560943,0.0005930984515185945
2022-02-28,0.03297058642500417,0.0005514983979828372
2022-03-01,0.041480086113928255,0.0005878213069246391
2022-03-02,0.04145150754593514,0.0007305619150586454
2022-03-03,0.040807180060265014,0.001164813289504616
2022-03-04,0.04167464548729742,0.001147846377395852
2022-03-07,0.043475997707252224,0.0011706852154989098
2022-03-08,0.029518577154934222,0.0012180162110903214
2022-03-09,0.03656393866884657,0.000847531658041475
2022-03-10,0.03496341489630961,0.001035671843794606
2022-03-11,0.03332985139686476,0.0009931504021892105
2022-03-14,0.028332820582326883,0.0009496237041596472
2022-03-15,0.024230731298422667,0.0008156029271498783
2022-03-16,0.01347104036905682,0.000704466291711794
2022-03-17,0.013114826155186896,0.00040649350684736287
2022-03-18,0.012148530234694772,0.0003964173239205798
2022-03-21,0.010672530234432386,0.00036899491428171846
2022-03-22,0.011867111495082228,0.0003268356022018938
2022-03-23,0.01235327509272098,0.00036098300372297695
2022-03-24,0.013570748766770382,0.0003748165380139292
2022-03-25,0.013520237909468085,0.0004093109017006981
2022-03-28,0.012087449302375496,0.00040788381407432347
2022-03-29,0.01563559441258541,0.00036725696650441686
2022-03-30,0.01696559184781719,0.0004673751098891491
2022-03-31,0.019088865923575823,0.0005045139902345459
2022-04-01,0.01953699956540213,0.00028456190988985797
2022-04-04,0.02047365314761479,0.00029093935648772946
2022-04-05,0.022708680625135983,0.0003042479918253438
2022-04-06,0.021248219470652564,0.00033589688868816177
2022-04-07,0.01887817688898668,0.00031523290493445076
2022-04-08,0.018253188106828782,0.0002815612553953417
2022-04-11,0.019311327746472963,0.0002726511940186133
2022-04-12,0.012535659094163081,0.00028772862196216965
2022-04-13,0.020704902401409587,0.00019043015916754718
2022-04-14,0.026839776901396058,0.0003075294935423731
2022-04-18,0.0358262276685074,0.0003940371084946818
2022-04-19,0.03618976935259141,0.0005191986429605157
2022-04-20,0.04352740035698523,0.0005242296821057162
2022-04-21,0.05013404481960051,0.0006253198615392189
2022-04-22,0.05682958046248754,0.0007156810433395446
2022-04-25,0.06283554992923983,0.0008067133817666572
2022-04-26,0.06341053926849306,0.0008879595536041859
2022-04-27,0.07487620533668185,0.0008957189549498168
2022-04-28,0.08007681668572417,0.0010498238550434573
2022-04-29,0.07644903938247423,0.00111936395690295
2022-05-02,0.06889965008812804,0.0010708772366213623
2022-05-03,0.08100626806714684,0.0021025076622295073
2022-05-04,0.0802518043825731,0.0024499526092042053
2022-05-05,0.07560002433760064,0.0024283888906212673
2022-05-06,0.06927632896920001,0.0022951822665850797
2022-05-09,0.06608013102716412,0.0021133659327594676
2022-05-10,0.05479146188395682,0.002021125842205753
2022-05-11,0.04646625838088449,0.0016932742676603193
2022-05-12,0.03691357186872836,0.0014491186731161124
2022-05-13,0.07460880707710248,0.0011659257070795743
2022-05-16,0.07492313886375397,0.0022667405217348647
2022-05-17,0.08063328540042079,0.0022757621268578374
2022-05-18,0.07526710873566014,0.002439293590177373
2022-05-19,0.07334789890811975,0.0022856319777126047
2022-05-20,0.032233025031026145,0.002230530132052016
2022-05-23,0.03161155083012746,0.001025739424302186
2022-05-24,0.030110216471866957,0.0010070444011237847
2022-05-25,0.03291102891363941,0.0009617970404636913
2022-05-26,0.029410670649485958,0.0010461122838525303
2022-05-27,0.031234740218062895,0.0009406718456754185
2022-05-31,0.029490384772833805,0.000995699422733389
2022-06-01,0.023690508104259676,0.0009430804766493462
2022-06-02,0.02366645389693957,0.00036280006940787846
2022-06-03,0.02369026038553673,0.0003624502439775804
2022-06-06,0.028887469112166823,0.00036279646687323834
2022-06-07,0.033066725458587,0.00043798999952072005
2022-06-08,0.05355269124081554,0.0004979552606054106
2022-06-09,0.051418664572737846,0.0007871079215278546
2022-06-10,0.058516923009911695,0.000757291819623109
2022-06-13,0.05152686070166873,0.0008562397033927706
2022-06-14,0.05414914276950929,0.0007588049886062285
2022-06-15,0.03615141501833039,0.0007954305980552765
2022-06-16,0.03252649904134783,0.0005419678840815928
2022-06-17,0.024530808340199068,0.0004902264821371352
2022-06-21,0.03677009709374383,0.0003750096385276827
2022-06-22,0.028131130256929666,0.0005507720034054871
2022-06-23,0.03363069230400839,0.00042709276592088125
2022-06-24,0.03866229220277608,0.0005060169019570197
2022-06-27,0.04645652785729899,0.0005776530358170376
2022-06-28,0.038209074740175986,0.0006877158846742109
2022-06-29,0.041044972959475824,0.0005712206653985465
2022-06-30,0.03342179062013738,0.0006114082706367116
2022-07-01,0.026953927359380892,0.0005030315504935592
2022-07-05,0.025173371953421196,0.0004589867270146036
2022-07-06,0.02595890367917949,0.00043000614177084065
2022-07-07,0.029593205128243528,0.00044280273434212694
2022-07-08,0.02863199760716867,0.0005017850173799625
2022-07-11,0.03371212551776216,0.00048621919752316165
2022-07-12,0.030306309196372106,0.000568234741520109
2022-07-13,0.026714001642984615,0.0005133180928338553
2022-07-14,0.02349948441983461,0.00045508688579764465
2022-07-15,0.027604869250722325,0.0004026762668381409
2022-07-18,0.02265429279502762,0.00046955943674232024
2022-07-19,0.019937594077824822,0.0003888432336833774
2022-07-20,0.023036776252979348,0.0003442150475473182
2022-07-21,0.026861882111987413,0.0003951061091233408
2022-07-22,0.023445775446678696,0.0004574907777292827
2022-07-25,0.025174203891438752,0.0004017979104621946
2022-07-26,0.02910172693842892,0.0004300197038863875
2022-07-27,0.025017286646694843,0.0004938289389009052
2022-07-28,0.016489929131883456,0.0004274613021161266
2022-07-29,0.014273926355928024,0.00028717105653071833
2022-08-01,0.015163695279629932,0.0002502228860041253
2022-08-02,0.010432310519924222,0.00026508768006872194
2022-08-03,0.009155293734765643,0.0002584274987503908
2022-08-04,0.011800526992990513,0.00022783379401684157
2022-08-05,0.01296795886386665,0.000291060785553261
2022-08-08,0.009900381408259109,0.000318799696720699
2022-08-09,0.011839875282380105,0.00024570092332246266
2022-08-10,0.01365973694251842,0.00029199724175495265
2022-08-11,0.011208722183344805,0.00033519497600680416
2022-08-12,0.010055252202764722,0.00027696290716894273
2022-08-15,0.010661280154201914,0.0002494086748291639
2022-08-16,0.009784115112902277,0.0002638986024801984
2022-08-17,0.00820689140045131,0.00024291606501693292
2022-08-18,0.009285628507661204,0.00020501668726580671
2022-08-19,0.017197262897532338,0.00023096277549334676
2022-08-22,0.01863656385737909,0.00041860929582396766
2022-08-23,0.023189228887088277,0.0004523680203384368
2022-08-24,0.02475695176036862,0.0005585799833795753
2022-08-25,0.028294104863817553,0.0005949773352742637
2022-08-26,0.03122058683029565,0.0006768093268164213
2022-08-29,0.03254711775552499,0.0007442403441097614
2022-08-30,0.030699171636764066,0.0007747316013467663
2022-08-31,0.031550908665533665,0.0007322429111846972
2022-09-01,0.02785869625015927,0.0010065701702335393
2022-09-02,0.01664619246908208,0.0008932409636564855
2022-09-06,0.022552957089149818,0.0005449101862351557
2022-09-07,0.022114671154183658,0.0007292975292876017
2022-09-08,0.0253456183566316,0.0007156897571736771
2022-09-09,0.025859990788989196,0.0008157618529613874
2022-09-12,0.026513343119683085,0.0008316443675444937
2022-09-13,0.019990611397065795,0.0008517999342966955
2022-09-14,0.030047122256229457,0.0006495844440507111
2022-09-15,0.02607633378809835,0.0009604809831690798
2022-09-16,0.03248297706466415,0.0008383206772320666
2022-09-19,0.039805906049963355,0.0010350922735067021
2022-09-20,0.04977261263811727,0.0012581048795974941
2022-09-21,0.04763055413099685,0.0015590269016157313
2022-09-22,0.05230066947386135,0.0014945753315985268
2022-09-23,0.055192151158371484,0.0016349494392992896
2022-09-26,0.05827627862276243,0.0017216057723122105
2022-09-27,0.06375589456133827,0.001813834556701417
2022-09-28,0.06271854222448588,0.0019772210791415517
2022-09-29,0.060304831829044905,0.001946335095305166
2022-09-30,0.0713146383697598,0.001874389384872711
2022-10-03,0.06517509352352244,0.0023003540936198754
2022-10-04,0.05612650183474185,0.0021063158598745046
2022-10-05,0.04709520492493789,0.0018196210383369222
2022-10-06,0.07272684375620661,0.0015324948230380476
2022-10-07,0.06586796063342315,0.0023449353173030578
2022-10-10,0.08069277269348353,0.0021282323769265163
2022-10-11,0.0795213548351388,0.0025960753787161953
2022-10-12,0.08480464877253055,0.002559178489159557
2022-10-13,0.06452681557567341,0.0027255012772758607
2022-10-14,0.05988445758445669,0.0020858053147365476
2022-10-17,0.04646193730968601,0.0019387980648972038
2022-10-18,0.03967654730939782,0.001512320456652742
2022-10-19,0.03894884749008566,0.0012957720748097788
2022-10-20,0.03216515549515979,0.0012725040241374297
2022-10-21,0.026164911987118976,0.0010551292864673925
2022-10-24,0.020448831964202063,0.0008620516331307992
2022-10-25,0.02237795878929638,0.0006772416938265129
2022-10-26,0.03803378816391738,0.0007397222181727394
2022-10-27,0.039078152978191075,0.0012432321339637589
2022-10-28,0.04769510980707475,0.0012766392062954325
2022-10-31,0.0498398293038467,0.0015516010480407531
2022-11-01,0.05482946141920626,0.0018666619053032162
2022-11-02,0.038004243858569445,0.002042729410242682
2022-11-03,0.04170064038795044,0.0014448895835712464
2022-11-04,0.03184483710988299,0.0015773038564791894
2022-11-07,0.03231694241607215,0.0012226148671774083
2022-11-08,0.031784764014255,0.0012397306882198247
2022-11-09,0.027573352405995927,0.0012204359599445832
2022-11-10,0.020538980409602788,0.001067088290447319
2022-11-11,0.019615608177351782,0.0008079146632082787
2022-11-14,0.01696398975356472,0.000773559084729576
2022-11-15,0.01066218060753188,0.0006743864890495877
2022-11-16,0.010502129266355704,0.00043489422139735337
2022-11-17,0.008787762772718772,0.0004287245281455939
2022-11-18,0.009406056337100368,0.00036229379353046055
2022-11-21,0.010284020405013677,0.00038632839651289583
2022-11-22,0.021468990451626542,0.00042030842720532194
2022-11-23,0.024373497929372406,0.000842430934969316
2022-11-25,0.026555079862449003,0.0009497124910310072
2022-11-28,0.027480490137783357,0.0010298225736368636
2022-11-29,0.03233178910142749,0.0010636930074058998
2022-11-30,0.020783296097864324,0.0012402687182136822
2022-12-01,0.01937081302746695,0.0008004493939382802
2022-12-02,0.01980253568994062,0.0007492735818441969
2022-12-05,0.016980260824169868,0.0007649388987877812
2022-12-06,0.021657349450321977,0.0006621286058729144
2022-12-07,0.0321249864946271,0.0008320097360118238
2022-12-08,0.03571768422106421,0.0012046825949550315
2022-12-09,0.03761150533177769,0.0013307351516261125
2022-12-12,0.03932112416217691,0.001396863883912433
2022-12-13,0.030411867968612782,0.001456385269832715
2022-12-14,0.020380337072077523,0.0011442771634168998
2022-12-15,0.036299890456023685,0.0007858721245485865
2022-12-16,0.03451007877276014,0.001351087081561683
2022-12-19,0.03263790829736913,0.00128845615588079
2022-12-20,0.035048776496791174,0.0012227296210689294
2022-12-21,0.035292134207321024,0.001307327304476833
2022-12-22,0.015801940525472603,0.0013158465381476324
2022-12-23,0.023910922199999386,0.0006189027732013806
2022-12-27,0.027943574712565866,0.000913029786338807
2022-12-28,0.02333365588111645,0.0010568730291074249
2022-12-29,0.033069170784455114,0.0008923224193578176
2022-12-30,0.035693334717018826,0.0012378900286641552
2023-01-03,0.026381256181587643,0.0012352804075527368
2023-01-04,0.02202415674939393,0.0009284722757079794
2023-01-05,0.027034399072843156,0.0007829404558734921
2023-01-06,0.016806886750323758,0.0009501671996354581
2023-01-09,0.013145168271917035,0.0006065136173638007
2023-01-10,0.016898571605712977,0.0004808938741359837
2023-01-11,0.017719817988806667,0.0006096379545171089
2023-01-12,0.017193876875170294,0.0006375821242716749
2023-01-13,0.02054633080515538,0.0006196946729446605
2023-01-17,0.02074853416635599,0.0007332292790382379
2023-01-18,0.020987140775159875,0.0007400424337469301
2023-01-19,0.02203277338470056,0.0007480774389057382
2023-01-20,0.01955591885243233,0.0007832297470199092
2023-01-23,0.016899414836610317,0.0006998032014451158
2023-01-24,0.016879570095669625,0.0006096666848471805
2023-01-25,0.02685665889930513,0.0006089905191885875
2023-01-26,0.027336618095453475,0.0009442662606874093
2023-01-27,0.029428978753416202,0.0009601958719654142
2023-01-30,0.02789060675232094,0.0010294624612741902
2023-01-31,0.03340733384753227,0.000978563191096166
2023-02-01,0.02009391067487748,0.0011604259689614621
2023-02-02,0.0215174628807215,0.0006559827191401173
2023-02-03,0.01773437818208618,0.0006999101886263091
2023-02-06,0.017601842734613796,0.000582802223737689
2023-02-07,0.016503123762390628,0.000578676923860559
2023-02-08,0.015692193012386415,0.000544413467094309
2023-02-09,0.01375363777731554,0.0005190473499337975
2023-02-10,0.014182842951816385,0.0004581189657935836
2023-02-13,0.01533823087931332,0.000471645978539995
2023-02-14,0.011761770801108216,0.0005079537146617259
2023-02-15,0.015640343128890934,0.00039503643265727777
2023-02-16,0.014254088340967086,0.0005174231437162305
2023-02-17,0.015293147300345394,0.0004738892601505151
2023-02-21,0.01418711909545894,0.0005065397677918756
2023-02-22,0.013344882608292497,0.0004717806369878458
2023-02-23,0.011081776412122999,0.00044521563956349136
2023-02-24,0.011264435108808885,0.0003733753092518263
2023-02-27,0.010334240351288694,0.00037920062842316816
2023-02-28,0.012079717340646065,0.0003494809407051786
2023-03-01,0.011879509162661162,0.00040514156383222334
2023-03-02,0.01959024621089587,0.00039878011914415396
2023-03-03,0.027124530839005713,0.0006404018258027237
2023-03-06,0.03977229721172743,0.0006816141189826426
2023-03-07,0.0431677633833197,0.000983353337206966
2023-03-08,0.04579841364585496,0.001063604030288382
2023-03-09,0.04093628175496811,0.0011255935749366513
2023-03-10,0.035536722664808534,0.0010108952497110315
2023-03-13,0.022778850667103688,0.0008828353661222975
2023-03-14,0.018190434247722063,0.000576664545982512
2023-03-15,0.025927196706620158,0.000464918012728788
2023-03-16,0.032301445855388605,0.0006527745290019944
2023-03-17,0.032859265995345624,0.0008057159512562774
2023-03-20,0.03267304449812179,0.0008190352359920159
2023-03-21,0.031938170224752545,0.0008145898281802483
2023-03-22,0.021155119024804082,0.0007970366454306193
2023-03-23,0.009718017883554395,0.000537240325252075
2023-03-24,0.006260366903932635,0.0002550672267242636
2023-03-27,0.0055616770049204695,0.00016740712645160513
2023-03-28,0.006582634093978685,0.00014947169216883387
2023-03-29,0.006682054873565971,0.00017565057838200458
2023-03-30,0.007165148596560962,0.00017819022605844624
2023-03-31,0.006806575150788958,0.00019050822175066003
2023-04-03,0.006761734572764256,0.00018136876991981427
2023-04-04,0.006145466986106148,0.00024495315967398113
2023-04-05,0.007938431175713023,0.00022377538290772018
2023-04-06,0.010164677639661338,0.0002851094764308624
2023-04-10,0.010058640720810141,0.0003602430873597095
2023-04-11,0.010383977909481493,0.000356686212442784
2023-04-12,0.009552702192093436,0.00036759293251956843
2023-04-13,0.008258078218103506,0.0003396869645219059
2023-04-14,0.005464215345106145,0.00029596050155978926
2023-04-17,0.0053851755279173425,0.00020023039924735436
2023-04-18,0.005951605865687128,0.00019748879294641475
2023-04-19,0.006979156416991079,0.00021709028518876564
2023-04-20,0.007203996934185058,0.0002523995140010794
2023-04-21,0.007018791813367975,0.00026008683565705183
2023-04-24,0.0069615221190673145,0.00025375560784816924
2023-04-25,0.010872340021441695,0.00025179603736605387
2023-04-26,0.01327143439439012,0.00038393066243098907
2023-04-27,0.012878487570733153,0.00046364932392851585
2023-04-28,0.014375579680603717,0.0004506493623529207
2023-05-01,0.014136850857201575,0.000500069293987937
2023-05-02,0.008889784541597523,0.0004922080384160816
2023-05-03,0.009286562007756308,0.00031733942726924134
2023-05-04,0.008657694244184722,0.0002950311371424379
2023-05-05,0.009135080238909705,0.00027620959242162843
2023-05-08,0.010021626362426128,0.0002905045788486206
2023-05-09,0.010426203564208552,0.00031693481512615407
2023-05-10,0.008845026015381102,0.0003289490683252625
2023-05-11,0.009468370378817231,0.00028182459795743575
2023-05-12,0.008105169096446065,0.00030045808217193297
2023-05-15,0.007979950454139241,0.0002596053706446988
2023-05-16,0.009975815744496316,0.00025583308906442924
2023-05-17,0.007982223663985086,0.00031557262103716984
2023-05-18,0.008524530395641121,0.0002559016022104332
2023-05-19,0.00910026394691998,0.00027221377649473336
2023-05-22,0.009499551931992636,0.0002894635702386222
2023-05-23,0.008091081759692571,0.0003013882154571549
2023-05-24,0.010843040504152048,0.00025918115696478496
2023-05-25,0.01070651612854017,0.00034129822321955566
2023-05-26,0.010071704851198014,0.00033725675524562946
2023-05-30,0.00907626487826039,0.0003184234892940013
2023-05-31,0.009112438238091195,0.00028874585824650834
2023-06-01,0.006574631771867236,0.00028982760913356275
2023-06-02,0.005970987501718729,0.00021323863732274192
2023-06-05,0.005660620330636364,0.00017586537347463548
2023-06-06,0.0057144585787073255,0.00016716231730419987
2023-06-07,0.008356788635174538,0.00016867365220240449
2023-06-08,0.010750791125598787,0.00024209907415603086
2023-06-09,0.010945821013054365,0.00030761917677077924
2023-06-12,0.01141798274352487,0.00031292286844940515
2023-06-13,0.011422107061974088,0.0003257438802012617
2023-06-14,0.008004809098125655,0.0003258557549069635
2023-06-15,0.0052028078239632885,0.0002323934340639908
2023-06-16,0.005111676219268287,0.00015428139220498505
2023-06-20,0.005385067925422463,0.00015171082088642944
2023-06-21,0.005631719494524829,0.00015941584626674238
2023-06-22,0.005611224511492197,0.00016635072844845502
2023-06-23,0.005692520490051671,0.00016577506738072503
2023-06-26,0.004459514342581598,0.0001680578961482743
2023-06-27,0.0030802162537691387,0.00013324661305769936
2023-06-28,0.0032518220298406097,9.372467219769261e-05
2023-06-29,0.005177842167744433,9.86827938983571e-05
2023-06-30,0.004647703411569454,0.00015357740174941052
2023-07-03,0.005662668343187102,0.0001385875233988793
2023-07-05,0.006124527467918313,0.00016721982153461158
2023-07-06,0.005726654257538255,0.00015637965207123693
2023-07-07,0.004167577528736978,0.00014663031848152023
2023-07-10,0.004453505776179844,0.00010813235952439772
2023-07-11,0.004796430403205828,0.00011523212480851969
2023-07-12,0.004624794739091376,0.00012372222412957318
2023-07-13,0.005085347381623227,0.00011947616129422565
2023-07-14,0.004388820086877885,0.0001308555188299238
2023-07-17,0.004515533880540013,0.00011362764799135373
2023-07-18,0.0037467854151801553,0.00011676977065653993
2023-07-19,0.004579095654548234,9.764642163886967e-05
2023-07-20,0.006876078128587862,0.00011834452300118091
2023-07-21,0.009989068832547531,0.0001747247835170879
2023-07-24,0.00965849449901807,0.0002499095491440746
2023-07-25,0.009245457180364371,0.0002419781214182379
2023-07-26,0.008983448264854185,0.0002320522161326573
2023-07-27,0.006818424426872133,0.0002257462174345507
2023-07-28,0.007517618858683339,0.0001733205523105967
2023-07-31,0.007643833100166068,0.0001903181899675362
2023-08-01,0.010932127715811183,0.00019337930043105593
2023-08-02,0.010930935860615654,0.0002724774037771184
2023-08-03,0.015172035143454655,0.0002724489347954134
2023-08-04,0.012319790939979933,0.00039676084281699823
2023-08-07,0.01229464050068808,0.0003248987120508299
2023-08-08,0.009913083641195714,0.00032426225524469525
2023-08-09,0.01068801297415216,0.00026373824467068396
2023-08-10,0.006874922924910684,0.0002834905461144057
2023-08-11,0.007481884849582348,0.00018563665811850255
2023-08-14,0.009550596703748956,0.00020133538506312887
2023-08-15,0.009049661375240572,0.0002544775663984193
2023-08-16,0.008326626897809612,0.0002416563078975463
2023-08-17,0.009457237959069468,0.00022309932792618066
2023-08-18,0.012742278265829793,0.0002520901897836777
2023-08-21,0.011541809553864971,0.00033558239970792026
2023-08-22,0.012806842878197684,0.00030518621288260335
2023-08-23,0.012357108337920185,0.0003372138090659492
2023-08-24,0.010118419012639742,0.00032584296896664955
2023-08-25,0.006669389296469751,0.0002689779650989716
2023-08-28,0.005407373069835451,0.00018030815855901526
2023-08-29,0.005700002206123542,0.00014743547966312914
2023-08-30,0.005580196779853839,0.000155083110476037
2023-08-31,0.005666874869516477,0.0001519540588097994
2023-09-01,0.004734685608727684,0.00015421816660473993
2023-09-05,0.005657561409336843,5.394508970447502e-05
2023-09-06,0.0041899400625010005,6.420338634651486e-05
2023-09-07,0.004735960873598344,4.7869343596843115e-05
2023-09-08,0.005177752569048044,5.3959294092994514e-05
2023-09-11,0.005226619709596183,5.887514002730537e-05
2023-09-12,0.005522964895244476,5.941829594381714e-05
2023-09-13,0.006445031888476713,6.270976060537659e-05
2023-09-14,0.006283896561603668,7.29266347111599e-05
2023-09-15,0.0068854057196197195,7.114369288557135e-05
2023-09-18,0.006906383738079931,7.779429594562061e-05
2023-09-19,0.007536782825030762,7.802599836171086e-05
2023-09-20,0.009671157685874445,8.498162017871046e-05
2023-09-21,0.011587076899883097,0.00010844064247941578
2023-09-22,0.012719405190409042,0.00012939856870204254
2023-09-25,0.014311829866520687,0.0001417475236078927
2023-09-26,0.01817773470281355,0.00015907301010109298
2023-09-27,0.01686650905936324,0.0002009626386584642
2023-09-28,0.016342347600284354,0.00018677940371521104
2023-09-29,0.022613682607525366,0.00018110285607731964
2023-10-02,0.022651152842155554,0.0002487842873046278
2023-10-03,0.01937094219286333,0.00024918727584523413
2023-10-04,0.018252206525291914,0.0002889590043249116
2023-10-05,0.01964917125436218,0.00027298329887951925
2023-10-06,0.014766566752176736,0.0002929257701026118
2023-10-09,0.013593085341340816,0.00022291758415139072
2023-10-10,0.014169868001203918,0.0002059505710304303
2023-10-11,0.01603091166114771,0.00021429781144534151
2023-10-12,0.016864866307780824,0.0002411322397347323
2023-10-13,0.014187316260727991,0.0002531116813136257
2023-10-16,0.01920437267146101,0.00021455008821869226
2023-10-17,0.018203959583573365,0.0002865829942418443
2023-10-18,0.016206983084042396,0.0002722933757488387
2023-10-19,0.014589980760467625,0.0002436636730435381
2023-10-20,0.015802019847350177,0.00022036828631669277
2023-10-23,0.012049163929003246,0.0002378395623252483
2023-10-24,0.012063009484449896,0.00018352812966022117
2023-10-25,0.012733767203208323,0.00018372974803867776
2023-10-26,0.010395608578388466,0.0001934853388657333
2023-10-27,0.008677205273688765,0.00015937218660866983
2023-10-30,0.007033534504181149,0.00013408817779397635
2023-10-31,0.005877201171162383,0.00010969627451942027
2023-11-01,0.0052116940602012765,9.238815582693019e-05
2023-11-02,0.005709032869892449,7.994067217901445e-05
2023-11-03,0.00899056581443009,8.667705819735557e-05
2023-11-06,0.009192789772272645,0.0001297090461812466
2023-11-07,0.009506427858859275,0.0001322955463866216
2023-11-08,0.008954362399333636,0.0001362944886582787
2023-11-09,0.008347028177265736,0.0001292453084855745
2023-11-10,0.00441354045283405,0.0001214336419548114
2023-11-13,0.0046918032987558365,6.897422329872658e-05
2023-11-14,0.0038555325722138102,7.282094010941501e-05
2023-11-15,0.0037993845857292236,6.117576344139346e-05
2023-11-16,0.0032216696889768243,6.038430607655327e-05
2023-11-17,0.0029264903009455978,5.216026543241895e-05
2023-11-20,0.002504516189895148,4.789550105222341e-05
2023-11-21,0.0033775602434890062,4.1712768791930646e-05
2023-11-22,0.0039676388977153,5.439465253943842e-05
2023-11-24,0.0052969647973486475,6.275215452076927e-05
2023-11-27,0.007706512997060847,8.11006059567413e-05
2023-11-28,0.007567706274064294,0.00011312555225538751
2023-11-29,0.007067487608536196,0.00011131505987206512
2023-11-30,0.00638109476104585,0.0001047590256067004
2023-12-01,0.0057893774217836385,9.567678851408157e-05
2023-12-04,0.0035204768446135196,8.097613393302586e-05
2023-12-05,0.003765992241327048,5.1854149483992704e-05
2023-12-06,0.004683115517126564,5.508304458986253e-05
2023-12-07,0.00627957072902164,6.696282040387984e-05
2023-12-08,0.006697263473540024,8.709351420868304e-05
2023-12-11,0.007313886364364882,9.226690759707008e-05
2023-12-12,0.006563008757007632,9.984366831514803e-05
2023-12-13,0.009235089929197634,9.060783682764243e-05
2023-12-14,0.008764579770724899,0.00012305062390133875
2023-12-15,0.009060189129853007,0.00011741796482501872
2023-12-18,0.008596200898260735,0.00012096038499450284
2023-12-19,0.008624394335946507,0.00011539467208445595
2023-12-20,0.004266260146477749,0.00011573373822759728
2023-12-21,0.003915705095139288,6.159634920551278e-05
2023-12-22,0.003520178960902144,5.704118280209003e-05
2023-12-26,0.0037918098168535632,5.185021795183605e-05
2023-12-27,0.0052003463173464805,5.542128907834374e-05
2023-12-28,0.006849311964689494,7.355320063934188e-05
2023-12-29,0.006797787998422959,9.41417004793981e-05
2024-01-02,0.006766215806095724,9.350688754800073e-05
2024-01-03,0.006893033394582995,9.311764807642934e-05
2024-01-04,0.008934926061117936,5.511060147446295e-05
2024-01-05,0.008247951320722402,7.076278956755459e-05
2024-01-08,0.008265453725660607,6.551302084407261e-05
2024-01-09,0.008122393860251024,6.564696457885604e-05
2024-01-10,0.009068291488998886,6.455183976091264e-05
2024-01-11,0.007620887595861011,7.178020782816789e-05
2024-01-12,0.007091981378662496,6.070715712668696e-05
2024-01-16,0.006163045802959768,5.664238641129818e-05
2024-01-17,0.006342589265435486,4.947590241157762e-05
2024-01-18,0.005355394890531754,5.086393387171206e-05
2024-01-19,0.0038041921828626457,4.321309361438712e-05
2024-01-22,0.004072851820399095,3.1081710360107335e-05
2024-01-23,0.0038322959002870605,3.3194023002360725e-05
2024-01-24,0.0041145033571265985,3.130292190589574e-05
2024-01-25,0.004648698099589813,3.3521040892237214e-05
2024-01-26,0.006900188812505083,3.7704863786506484e-05
2024-01-29,0.0077020109356245245,5.516572176412545e-05
2024-01-30,0.007989321896788725,6.132968108888651e-05
2024-01-31,0.007347074353884433,6.353254077530382e-05
2024-02-01,0.006132786305380618,5.860416881690771e-05
2024-02-02,0.0037516531793422197,4.924182530511974e-05
2024-02-05,0.0031273119007185837,2.5964581890454306e-05
2024-02-06,0.006786030910221101,2.1796705317342846e-05
2024-02-07,0.00799693850743562,4.5899482892301885e-05
2024-02-08,0.00837536312265249,5.37470403630993e-05
2024-02-09,0.00913570262295201,5.6189726287878295e-05
2024-02-12,0.009606157115407375,6.108490958949955e-05
2024-02-13,0.006667366056023175,6.410578681756329e-05
2024-02-14,0.006709791123037176,4.512767159664948e-05
2024-02-15,0.006864086073616887,4.540367022904453e-05
2024-02-16,0.005945087260019138,4.640687815572069e-05
2024-02-20,0.004981875588711217,4.0418021123838666e-05
2024-02-21,0.00403458032158336,3.410218241712091e-05
2024-02-22,0.0038991322793332332,2.7844174907566776e-05
2024-02-23,0.004199309188246886,2.6945001610987687e-05
2024-02-26,0.0042432845781632585,2.8936158645550112e-05
2024-02-27,0.00624730881187408,2.9227387321108864e-05
2024-02-28,0.007199351306306065,4.239122104851757e-05
2024-02-29,0.008650438858650498,4.8583751727091496e-05
2024-03-01,0.011357542460165414,5.796261532815654e-05
2024-03-04,0.011957976563278494,7.53035604303982e-05
2024-03-05,0.012625594400972346,7.912660036315558e-05
2024-03-06,0.012031444811316076,0.00012536230367816078
2024-03-07,0.011081182517052379,0.00011987257694073251
2024-03-08,0.008562712968232864,0.00011105194175063256
2024-03-11,0.008290045156508928,8.739868591349269e-05
2024-03-12,0.0063918826204065705,8.481031790454693e-05
2024-03-13,0.007019655853446658,6.661035866437297e-05
2024-03-14,0.0049785479560198395,7.266726874803419e-05
2024-03-15,0.003938168407418248,5.2810975680441914e-05
2024-03-18,0.003319629953437922,4.247634543446916e-05
2024-03-19,0.002499231466133886,3.6242089146222816e-05
2024-03-20,0.0023549507305423998,2.7841121718704475e-05
2024-03-21,0.0023162351832008094,2.634488925467141e-05
2024-03-22,0.002999361417054744,2.5942304762989642e-05
2024-03-25,0.0033937796120522986,3.298237735275065e-05
2024-03-26,0.003671485725391291,3.699352664139592e-05
2024-03-27,0.006204421372251549,3.9797676248580285e-05
2024-03-28,0.00864233253524652,6.479365749857941e-05
2024-04-01,0.008245371594707906,8.815338261748053e-05
2024-04-02,0.011437193513331298,8.438567122288214e-05
2024-04-03,0.012187674524630187,0.00011436260752230936
2024-04-04,0.013318795332923555,0.00012131791148450107
2024-04-05,0.01401600010414841,0.0001510134829866676
2024-04-08,0.018331820376202193,0.00015814248685665637
2024-04-09,0.016249501926847622,0.0002015781009811958
2024-04-10,0.017403116739803708,0.0001807601142688959
2024-04-11,0.015248810057688337,0.00019232305194331756
2024-04-12,0.014806554294307214,0.00017066611097991247
2024-04-15,0.014624474728358497,0.00016618501021533884
2024-04-16,0.01609378335687725,0.00016433639786408655
2024-04-17,0.015065270910462975,0.0001791933892641749
2024-04-18,0.015603040985734121,0.00016880795845132803
2024-04-19,0.014035503070287846,0.00017424630903695588
2024-04-22,0.010616058354682014,0.00015834141014969513
2024-04-23,0.009834228035011395,0.00012301722274013694
2024-04-24,0.01494458012339403,0.00011479708221621334
2024-04-25,0.01571497968804503,0.00016758490072030997
2024-04-26,0.01582118258391931,0.0001753760398310438
2024-04-29,0.015087487019077635,0.00017644716884609253
2024-04-30,0.013139049415646328,0.00016903298964908336
2024-05-01,0.00672114773465333,0.00014916981886893584
2024-05-02,0.0033575642246323712,8.137579972918737e-05
2024-05-03,0.002615577463345645,4.345094075221658e-05
2024-05-06,0.002759459927038069,2.1792729585129985e-05
2024-05-07,0.002995161313109308,2.2917474477068886e-05
2024-05-08,0.003711569936130564,2.4752436168741007e-05
2024-05-09,0.003824434182621852,3.0279113264127247e-05
2024-05-10,0.003436918263662407,3.1143597158197006e-05
2024-05-13,0.003330362522665767,2.816868750598925e-05
2024-05-14,0.0029230076728074122,2.734721481527223e-05
2024-05-15,0.003077801348509156,2.4191668886198053e-05
2024-05-16,0.005257775811722771,2.53937039217971e-05
2024-05-17,0.0057098779051711485,4.2002385841903636e-05
2024-05-20,0.006241881684880142,4.538789149511595e-05
2024-05-21,0.0063334044597979,4.935116782431734e-05
2024-05-22,0.006214937280454739,5.003088625026528e-05
2024-05-23,0.01002824510879974,4.9150943917672176e-05
2024-05-24,0.013165719829540868,7.705472216595182e-05
2024-05-28,0.013470579526214754,9.95165490257692e-05
2024-05-29,0.015263510888020495,0.0001016805574549614
2024-05-30,0.014800574127926245,0.00011434995979628908
2024-05-31,0.009768535134310077,0.00011108774081585326
2024-06-03,0.006383929224186065,7.517794073123034e-05
2024-06-04,0.006658702062859452,5.040586792234255e-05
2024-06-05,0.005781822035904048,7.401988795734476e-05
2024-06-06,0.0062953694095505735,6.488925662577843e-05
2024-06-07,0.005149995035829036,7.024716832492203e-05
2024-06-10,0.006944254546304383,5.825260324484291e-05
2024-06-11,0.005522882301890358,7.697516372953241e-05
2024-06-12,0.00594169659751957,6.217563483092481e-05
2024-06-13,0.005359262578231004,6.65605753243869e-05
2024-06-14,0.006270554253641081,6.0456523001865054e-05
2024-06-17,0.004465746070481075,6.998896791300302e-05
2024-06-18,0.004938318467933499,5.100251241065497e-05
2024-06-20,0.003675384403802242,5.6017136995341465e-05
2024-06-21,0.007054454991523486,4.253277865111336e-05
2024-06-24,0.006584237716385238,7.811344805767491e-05
2024-06-25,0.006568064798116506,7.324783608608512e-05
2024-06-26,0.006258112579798529,7.3080076194952e-05
2024-06-27,0.00660457635067907,6.985948693504335e-05
2024-06-28,0.002983306925545807,7.34587669231328e-05
2024-07-01,0.00224031714497538,3.501460608428269e-05
2024-07-02,0.0024638816015991275,2.6808772515010486e-05
2024-07-03,0.003989189295480608,2.9294912523873184e-05
2024-07-05,0.006304661412786655,4.5909034981784597e-05
2024-07-08,0.008107918226569122,7.521907402255522e-05
2024-07-09,0.008396048954996595,9.453319892846539e-05
2024-07-10,0.008598053435110855,9.758048873346831e-05
2024-07-11,0.01132704783123262,9.97111853765506e-05
2024-07-12,0.010668006143660733,0.0001280889933695634
2024-07-15,0.009834311287062183,0.0001212995591961297
2024-07-16,0.010276781510187006,0.0001126553618405863
2024-07-17,0.012146218044483296,0.00011725113277546963
2024-07-18,0.015548141831303524,0.00013647806110391573
2024-07-19,0.015598966651898163,0.00017080197338982262
2024-07-22,0.015771586516872278,0.00017130916483814145
2024-07-23,0.020286220565128465,0.00017303064936686707
2024-07-24,0.02010289598452491,0.00021749557667484945
2024-07-25,0.02623830882272841,0.0002157091033774876
2024-07-26,0.029478023901444893,0.0002747681863636941
2024-07-29,0.04227637485862095,0.00030542514373036253
2024-07-30,0.04916599875439205,0.00042382092085311803
2024-07-31,0.056407434705667,0.000486130742034381
2024-08-01,0.0472032107137557,0.000550766255477845
2024-08-02,0.0439684825279817,0.0004684658098941657
2024-08-05,0.03164645235410813,0.0004392051215325203
2024-08-06,0.020386505828245364,0.00033701757708836684
2024-08-07,0.0123989560434531,0.00022285161175398876
2024-08-08,0.008312294689943937,0.00013960059032886612
2024-08-09,0.0064841460072201955,9.583843999550039e-05
2024-08-12,0.005714918554439343,7.587166059081601e-05
2024-08-13,0.0056084994522464775,6.737438739756294e-05
2024-08-14,0.00801307444406851,6.619366341774012e-05
2024-08-15,0.010084582036339754,9.258994524683974e-05
2024-08-16,0.01173519910840023,0.00011494507285302547
2024-08-19,0.01207653317828727,0.0001325598730894273
2024-08-20,0.011953610687805722,0.0001361834038807887
2024-08-21,0.010602641452454844,0.00013487919460669498
2024-08-22,0.010833285552479328,0.0001204908554635045
2024-08-23,0.0120245044367867,0.00012295465891573818
2024-08-26,0.0165008063937375,0.0001356314749562437
2024-08-27,0.017650213498463414,0.00018265595902190154
2024-08-28,0.018272697218056688,0.0001945993241443931
2024-08-29,0.021631277296816194,0.00020104802182067898
2024-08-30,0.020099465752657822,0.0002356275562810632
2024-09-03,0.01688692640715636,0.00021989904116550372
2024-09-04,0.03271440853187768,0.00018667343940089522
2024-09-05,0.031656695945705304,0.00038429475523984796
2024-09-06,0.025845183999399095,0.00037256180649679246
2024-09-09,0.024651780552301557,0.0003076768647060142
2024-09-10,0.02425886205554598,0.0002942556660703258
2024-09-11,0.010968658957917196,0.0002898288810354758
2024-09-12,0.010182127128711586,0.00013706394566190212
2024-09-13,0.010816412810678782,0.0001277721104495213
2024-09-16,0.010447622218379998,0.0001352683858267183
2024-09-17,0.009099278399054571,0.00013091297459393725
2024-09-18,0.0051703508273783,0.00011491232176167924
2024-09-19,0.004910198460603994,6.741636118937254e-05
2024-09-20,0.004469860209769543,6.421146131674603e-05
2024-09-23,0.006491236918706363,5.876456647423125e-05
2024-09-24,0.009106849149703843,8.355719284780363e-05
2024-09-25,0.01008854466070252,0.00011500252060270876
2024-09-26,0.010004717608692976,0.00012666391114658437
2024-09-27,0.011229772697771158,0.00012567074136478486
2024-09-30,0.010301877754454765,0.00014014019786047708
2024-10-01,0.007570418591991696,0.00012918935255172082
2024-10-02,0.0070694448741259255,9.660469809593047e-05
2024-10-03,0.006346982854103056,9.056190803954984e-05
2024-10-04,0.004976436713324217,5.729360512887912e-05
2024-10-07,0.004480002357134526,4.54367203448314e-05
2024-10-08,0.00522079013026088,4.1105978053817826e-05
2024-10-09,0.004876867148948094,4.7560828485261086e-05
2024-10-10,0.004594315448437754,4.4569795968485784e-05
2024-10-11,0.004415949079575934,4.21051184293592e-05
2024-10-14,0.004776346131784374,4.054560732671027e-05
2024-10-15,0.004057956149466013,4.369374587894201e-05
2024-10-16,0.006693927132408277,3.740651825305316e-05
2024-10-17,0.007144944208582078,6.027495952526565e-05
2024-10-18,0.009260093341194615,6.413987252842365e-05
2024-10-21,0.008103477684273898,8.212370088851532e-05
2024-10-22,0.008425790051928693,7.231681172575446e-05
2024-10-23,0.006154126024791497,7.505590396927219e-05
2024-10-24,0.0064008516788763405,5.56330726764862e-05
2024-10-25,0.005577903746408595,5.775700019554424e-05
2024-10-28,0.006931787923824972,5.0656824554052855e-05
2024-10-29,0.006506336752814408,6.231473676387957e-05
2024-10-30,0.008310999732512035,5.866388541317221e-05
2024-10-31,0.007774373759268055,7.40809594342122e-05
2024-11-01,0.006540166153301495,6.951472858687297e-05
2024-11-04,0.00565218155452316,5.699790583094503e-05
2024-11-05,0.00633026392624355,4.959368907342994e-05
2024-11-06,0.004695986901716019,5.525215423766721e-05
2024-11-07,0.005127863199751628,4.155961438602901e-05
2024-11-08,0.0065530019114885775,4.519686582608329e-05
2024-11-11,0.006953445042341075,5.7104575334311795e-05
2024-11-12,0.007238313055333559,6.04276225548668e-05
2024-11-13,0.008719009901078595,6.278614713342086e-05
2024-11-14,0.011927403583391036,7.497966912984871e-05
2024-11-15,0.01032913368513266,0.0001010901522757372
2024-11-18,0.01132378847607668,8.813039278000142e-05
2024-11-19,0.01005844585070971,9.62057637191785e-05
2024-11-20,0.0080418277611967,8.592662760880902e-05
2024-11-21,0.00445365921834978,6.941609297222729e-05
2024-11-22,0.0042143501217171645,3.951201390796455e-05
2024-11-25,0.0023871876687337154,3.748483908977433e-05
2024-11-26,0.002210133747005303,2.1800376851219587e-05
2024-11-27,0.001730892457873209,2.0255769786522735e-05
2024-11-29,0.0013618996024471342,1.6044458749675e-05
2024-12-02,0.0016488351273045599,1.2765298882144158e-05
2024-12-03,0.002012009030545606,1.5318308996813797e-05
2024-12-04,0.00206755401534901,2.0923897593985263e-05
2024-12-05,0.002076895278784712,2.1470966463403203e-05
2024-12-06,0.0028278285938450223,2.156289365425942e-05
2024-12-09,0.0027467551154074163,2.8889652199968935e-05
2024-12-10,0.0025271694409331885,2.8104070554478178e-05
2024-12-11,0.014727927991740813,2.5970138266541764e-05
2024-12-12,0.016600871376553382,0.00013803382215816913
2024-12-13,0.026625131001577367,0.00015461742118086505
2024-12-16,0.02961019386335164,0.00024193577877416382
2024-12-17,0.03018512160081872,0.0002675705976730671
2024-12-18,0.018717536479727445,0.0002724919715695202
2024-12-19,0.01972951803417055,0.0001732420007673188
2024-12-20,0.012584196917659982,0.00018210681051294972
2024-12-23,0.011178104645911947,0.00011891557291623437
